v 0.000000 1.000000 0.000000
v 0.000000 1.056568 0.000000
v 0.000000 1.099776 0.000000
v 0.000000 1.119422 0.000000
v 0.000000 1.110866 0.000000
v 0.000000 1.076127 0.000000
v 0.000000 1.023411 0.000000
v 0.000000 0.965166 0.000000
v 0.000000 0.915147 0.000000
v 0.000000 0.885167 0.000000
v 0.000000 0.882306 0.000000
v 0.000000 0.907239 0.000000
v 0.000000 0.954078 0.000000
v 0.000000 1.011762 0.000000
v 0.000000 1.066668 0.000000
v 0.000000 1.105831 0.000000
v 0.000000 1.120000 0.000000
v 0.000000 1.105831 0.000000
v 0.000000 1.066668 0.000000
v 0.000000 1.011762 0.000000
v 0.000000 0.954078 0.000000
v 0.000000 0.907239 0.000000
v 0.000000 0.882306 0.000000
v 0.000000 0.885167 0.000000
v 0.000000 0.915147 0.000000
v 0.000000 0.965166 0.000000
v 0.000000 1.023411 0.000000
v 0.000000 1.076127 0.000000
v 0.000000 1.110866 0.000000
v 0.000000 1.119422 0.000000
v 0.000000 1.099776 0.000000
v 0.000000 1.056568 0.000000
v 0.000000 1.000000 0.000000
v 0.000000 0.943432 0.000000
v 0.000000 0.900224 0.000000
v 0.000000 0.880578 0.000000
v 0.000000 0.889134 0.000000
v 0.000000 0.923873 0.000000
v 0.000000 0.976589 0.000000
v 0.000000 1.034834 0.000000
v 0.000000 1.084853 0.000000
v 0.000000 1.114833 0.000000
v 0.000000 1.117694 0.000000
v 0.000000 1.092761 0.000000
v 0.000000 1.045922 0.000000
v 0.000000 0.988238 0.000000
v 0.000000 0.933332 0.000000
v 0.000000 0.894169 0.000000
v 0.000000 0.880000 0.000000
v 0.000000 0.894169 0.000000
v 0.000000 0.933332 0.000000
v 0.000000 0.988238 0.000000
v 0.000000 1.045922 0.000000
v 0.000000 1.092761 0.000000
v 0.000000 1.117694 0.000000
v 0.000000 1.114833 0.000000
v 0.000000 1.084853 0.000000
v 0.000000 1.034834 0.000000
v 0.000000 0.976589 0.000000
v 0.000000 0.923873 0.000000
v 0.000000 0.889134 0.000000
v 0.000000 0.880578 0.000000
v 0.000000 0.900224 0.000000
v 0.000000 0.943432 0.000000
v 0.000000 1.000000 0.000000
v 0.102334 1.039010 0.000000
v 0.104358 1.064693 0.010278
v 0.102503 1.061122 0.020389
v 0.100458 1.065858 0.030473
v 0.099116 1.089255 0.041055
v 0.095538 1.099887 0.051066
v 0.086753 1.059352 0.057967
v 0.073796 0.969284 0.060563
v 0.061242 0.879361 0.061242
v 0.052831 0.845540 0.064375
v 0.048160 0.880135 0.072077
v 0.043844 0.944335 0.082027
v 0.037305 0.989762 0.090063
v 0.028734 1.005015 0.094723
v 0.019581 1.019072 0.098441
v 0.010233 1.060004 0.103899
v 0.000000 1.115159 0.109834
v -0.010979 1.137305 0.111475
v -0.020982 1.091951 0.105481
v -0.028488 0.996424 0.093913
v -0.034253 0.908783 0.082694
v -0.040698 0.876580 0.076141
v -0.049096 0.897235 0.073477
v -0.058072 0.929417 0.070761
v -0.065559 0.941339 0.065559
v -0.071859 0.943840 0.058973
v -0.079713 0.973386 0.053263
v -0.090708 1.044282 0.048484
v -0.102168 1.122797 0.042319
v -0.108679 1.153087 0.032967
v -0.107207 1.109819 0.021325
v -0.100308 1.023375 0.009880
v -0.093701 0.951359 0.000000
v -0.090732 0.925676 -0.008936
v -0.089764 0.929247 -0.017855
v -0.087136 0.924511 -0.026432
v -0.081996 0.901114 -0.033964
v -0.077349 0.890482 -0.041344
v -0.076243 0.931017 -0.050944
v -0.077740 1.021086 -0.063800
v -0.077375 1.111008 -0.077375
v -0.071532 1.144829 -0.087161
v -0.060751 1.110234 -0.090920
v -0.048566 1.046035 -0.090860
v -0.037714 1.000607 -0.091049
v -0.028172 0.985354 -0.092870
v -0.018663 0.971297 -0.093826
v -0.008982 0.930365 -0.091192
v -0.000000 0.875211 -0.086201
v 0.008235 0.853064 -0.083615
v 0.017263 0.898418 -0.086786
v 0.028417 0.993946 -0.093680
v 0.040766 1.081586 -0.098418
v 0.051712 1.113789 -0.096746
v 0.059815 1.093134 -0.089520
v 0.066291 1.060953 -0.080776
v 0.073059 1.049030 -0.073059
v 0.079677 1.046529 -0.065390
v 0.083283 1.016984 -0.055648
v 0.082179 0.946087 -0.043925
v 0.078944 0.867572 -0.032700
v 0.078914 0.837283 -0.023938
v 0.085060 0.880551 -0.016920
v 0.094782 0.966994 -0.009335
v 0.102334 1.039010 -0.000000
v 0.208373 1.047560 0.000000
v 0.207999 1.050742 0.020486
v 0.198571 1.017841 0.039498
v 0.192740 1.012571 0.058467
v 0.193632 1.053657 0.080205
v 0.191553 1.091934 0.102387
v 0.175921 1.063676 0.117547
v 0.148143 0.963460 0.121578
v 0.120713 0.858237 0.120713
v 0.104201 0.825759 0.126970
v 0.097280 0.880289 0.145591
v 0.090228 0.962260 0.168805
v 0.076250 1.001708 0.184085
v 0.057065 0.988288 0.188118
v 0.037828 0.974812 0.190176
v 0.019736 1.012289 0.200387
v 0.000000 1.087320 0.216281
v -0.022033 1.130069 0.223702
v -0.042138 1.085854 0.211840
v -0.056309 0.975198 0.185626
v -0.066858 0.878324 0.161411
v -0.080548 0.859026 0.150695
v -0.100160 0.906343 0.149900
v -0.120328 0.953558 0.146620
v -0.133995 0.952670 0.133995
v -0.142182 0.924692 0.116686
v -0.154258 0.932693 0.103072
v -0.176690 1.007212 0.094443
v -0.203024 1.104764 0.084095
v -0.218038 1.145477 0.066141
v -0.213046 1.092036 0.042377
v -0.195537 0.987787 0.019259
v -0.181808 0.914011 0.000000
v -0.180303 0.910829 -0.017758
v -0.184113 0.943730 -0.036622
v -0.180640 0.949000 -0.054796
v -0.166848 0.907913 -0.069111
v -0.152556 0.869636 -0.081543
v -0.148502 0.897895 -0.099226
v -0.153471 0.998111 -0.125950
v -0.155186 1.103334 -0.155186
v -0.143327 1.135811 -0.174644
v -0.119492 1.081282 -0.178833
v -0.093702 0.999310 -0.175304
v -0.073065 0.959863 -0.176395
v -0.056199 0.973282 -0.185262
v -0.038292 0.986759 -0.192507
v -0.018508 0.949281 -0.187915
v -0.000000 0.874250 -0.173899
v 0.016212 0.831502 -0.164600
v 0.033983 0.875717 -0.170844
v 0.056954 0.986373 -0.187753
v 0.082457 1.083246 -0.199069
v 0.103382 1.102545 -0.193414
v 0.116613 1.055228 -0.174524
v 0.127200 1.008013 -0.154993
v 0.141904 1.008900 -0.141904
v 0.159432 1.036878 -0.130842
v 0.170166 1.028878 -0.113701
v 0.167418 0.954359 -0.089487
v 0.157456 0.856806 -0.065220
v 0.155341 0.816094 -0.047122
v 0.169638 0.869534 -0.033743
v 0.192765 0.973783 -0.018986
v 0.208373 1.047560 -0.000000
v 0.308056 1.015524 0.000000
v 0.305564 1.012185 0.030095
v 0.291162 0.978636 0.057916
v 0.282123 0.971883 0.085581
v 0.282738 1.008857 0.117114
v 0.279889 1.046204 0.149604
v 0.259065 1.027126 0.173102
v 0.221714 0.945515 0.181956
v 0.184173 0.858621 0.184173
v 0.160376 0.833376 0.195419
v 0.148564 0.881527 0.222342
v 0.135953 0.950742 0.254350
v 0.113796 0.980274 0.274727
v 0.084733 0.962248 0.279326
v 0.055894 0.944474 0.280998
v 0.028934 0.973109 0.293768
v 0.000000 1.037401 0.314692
v -0.032006 1.076442 0.324963
v -0.061659 1.041895 0.309982
v -0.083721 0.950764 0.275992
v -0.101230 0.872025 0.244390
v -0.123001 0.860170 0.230119
v -0.152416 0.904385 0.228107
v -0.181953 0.945499 0.221710
v -0.201944 0.941471 0.201944
v -0.213739 0.911503 0.175411
v -0.230081 0.912209 0.153735
v -0.260003 0.971874 0.138975
v -0.295304 1.053696 0.122319
v -0.315971 1.088487 0.095849
v -0.310529 1.043731 0.061768
v -0.288890 0.956952 0.028453
v -0.272513 0.898357 0.000000
v -0.272209 0.901696 -0.026810
v -0.278252 0.935245 -0.055348
v -0.273447 0.941998 -0.082949
v -0.253638 0.905023 -0.105060
v -0.232128 0.867676 -0.124075
v -0.223660 0.886755 -0.149445
v -0.227072 0.968365 -0.186353
v -0.226352 1.055260 -0.226352
v -0.207933 1.080504 -0.253368
v -0.173983 1.032353 -0.260384
v -0.137726 0.963139 -0.257667
v -0.108378 0.933607 -0.261649
v -0.083798 0.951633 -0.276244
v -0.057370 0.969407 -0.288416
v -0.027972 0.940771 -0.284006
v -0.000000 0.876480 -0.265877
v 0.024900 0.837439 -0.252811
v 0.051604 0.871986 -0.259431
v 0.084809 0.963117 -0.279578
v 0.120945 1.041856 -0.291986
v 0.150677 1.053711 -0.281897
v 0.170131 1.009495 -0.254618
v 0.186356 0.968382 -0.227076
v 0.208580 0.972410 -0.208580
v 0.235048 1.002377 -0.192899
v 0.252645 1.001671 -0.168812
v 0.252013 0.942007 -0.134704
v 0.241072 0.860185 -0.099855
v 0.239599 0.825394 -0.072682
v 0.258885 0.870150 -0.051495
v 0.288883 0.956929 -0.028453
v 0.308056 1.015524 -0.000000
v 0.392849 0.948422 0.000000
v 0.392695 0.952636 0.038677
v 0.383045 0.942869 0.076192
v 0.373384 0.941990 0.113265
v 0.366087 0.956630 0.151638
v 0.353917 0.968829 0.189173
v 0.329116 0.955605 0.219908
v 0.293179 0.915637 0.240606
v 0.256068 0.874271 0.256068
v 0.226175 0.860720 0.275595
v 0.202650 0.880608 0.303287
v 0.178091 0.912078 0.333185
v 0.147274 0.929098 0.355550
v 0.111495 0.927270 0.367549
v 0.074770 0.925273 0.375896
v 0.038211 0.941155 0.387962
v 0.000000 0.969495 0.401578
v -0.039968 0.984444 0.405807
v -0.078068 0.966085 0.392476
v -0.110916 0.922459 0.365642
v -0.140085 0.883749 0.338196
v -0.170683 0.874135 0.319325
v -0.204853 0.890184 0.306585
v -0.238518 0.907691 0.290635
v -0.266234 0.908979 0.266234
v -0.288617 0.901388 0.236862
v -0.312536 0.907464 0.208830
v -0.342542 0.937690 0.183092
v -0.373275 0.975414 0.154616
v -0.392746 0.990838 0.119138
v -0.394124 0.970140 0.078396
v -0.383157 0.929498 0.037738
v -0.372518 0.899337 0.000000
v -0.368987 0.895123 -0.036342
v -0.367616 0.904890 -0.073123
v -0.359027 0.905769 -0.108910
v -0.341020 0.891129 -0.141255
v -0.321076 0.878930 -0.171619
v -0.307263 0.892154 -0.205307
v -0.298458 0.932122 -0.244938
v -0.285128 0.973488 -0.285128
v -0.259369 0.987039 -0.316041
v -0.222565 0.967151 -0.333093
v -0.182700 0.935681 -0.341808
v -0.145619 0.918661 -0.351557
v -0.110679 0.920489 -0.364861
v -0.074545 0.922487 -0.374764
v -0.036808 0.906604 -0.373719
v -0.000000 0.878264 -0.363789
v 0.035051 0.863315 -0.355875
v 0.071247 0.881674 -0.358184
v 0.111258 0.925300 -0.366768
v 0.152808 0.964010 -0.368911
v 0.190109 0.973624 -0.355669
v 0.220362 0.957575 -0.329795
v 0.247026 0.940068 -0.301002
v 0.274962 0.938780 -0.274962
v 0.303020 0.946371 -0.248682
v 0.323843 0.940296 -0.216385
v 0.332452 0.910069 -0.177699
v 0.333832 0.872345 -0.138278
v 0.339664 0.856921 -0.103036
v 0.356537 0.877620 -0.070920
v 0.378525 0.918261 -0.037281
v 0.392849 0.948422 -0.000000
v 0.461898 0.864150 0.000000
v 0.468355 0.880470 0.046129
v 0.473043 0.902339 0.094094
v 0.465309 0.909704 0.141150
v 0.442551 0.896172 0.183311
v 0.412681 0.875443 0.220583
v 0.385305 0.866966 0.257453
v 0.361932 0.875961 0.297030
v 0.335922 0.888785 0.335922
v 0.301224 0.888330 0.367043
v 0.259230 0.872950 0.387965
v 0.216364 0.858701 0.404789
v 0.176406 0.862417 0.425882
v 0.137083 0.883494 0.451903
v 0.094241 0.903743 0.473779
v 0.047448 0.905654 0.481751
v 0.000000 0.889986 0.475707
v -0.045806 0.874308 0.465077
v -0.091159 0.874191 0.458286
v -0.137624 0.886978 0.453685
v -0.183123 0.895254 0.442098
v -0.223287 0.886175 0.417740
v -0.257171 0.866016 0.384883
v -0.289691 0.854318 0.352990
v -0.326423 0.863653 0.326423
v -0.366195 0.886278 0.300528
v -0.400798 0.901825 0.267805
v -0.423310 0.897991 0.226264
v -0.435835 0.882571 0.180529
v -0.447217 0.874333 0.135662
v -0.462691 0.882593 0.092035
v -0.477267 0.897225 0.047007
v -0.480896 0.899692 0.000000
v -0.469899 0.883372 -0.046281
v -0.451635 0.861503 -0.089836
v -0.436888 0.854139 -0.132528
v -0.428476 0.867670 -0.177481
v -0.418789 0.888399 -0.223847
v -0.398599 0.896877 -0.266335
v -0.366857 0.887882 -0.301072
v -0.330734 0.875057 -0.330734
v -0.296878 0.875512 -0.361746
v -0.264558 0.890893 -0.395939
v -0.228066 0.905142 -0.426681
v -0.184385 0.901426 -0.445146
v -0.136595 0.880349 -0.450294
v -0.089689 0.860099 -0.450899
v -0.044962 0.858189 -0.456503
v -0.000000 0.873857 -0.467086
v 0.046604 0.889534 -0.473176
v 0.092771 0.889652 -0.466392
v 0.136055 0.876865 -0.448512
v 0.177669 0.868589 -0.428930
v 0.221143 0.877667 -0.413730
v 0.266617 0.897827 -0.399021
v 0.308411 0.909524 -0.375800
v 0.340232 0.900190 -0.340232
v 0.362594 0.877564 -0.297573
v 0.383106 0.862017 -0.255983
v 0.408160 0.865851 -0.218166
v 0.435193 0.881272 -0.180263
v 0.454980 0.889510 -0.138017
v 0.461987 0.881250 -0.091895
v 0.460986 0.866618 -0.045403
v 0.461898 0.864150 -0.000000
v 0.523504 0.783479 0.000000
v 0.535407 0.805170 0.052733
v 0.555159 0.847131 0.110428
v 0.549408 0.859246 0.166661
v 0.509959 0.826090 0.211232
v 0.461911 0.783856 0.246897
v 0.434356 0.781820 0.290227
v 0.428267 0.829156 0.351469
v 0.417467 0.883577 0.417467
v 0.379045 0.894211 0.461868
v 0.316951 0.853808 0.474350
v 0.253703 0.805464 0.474644
v 0.203785 0.796967 0.491981
v 0.161195 0.831063 0.531388
v 0.112630 0.864022 0.566228
v 0.055911 0.853687 0.567669
v 0.000000 0.805769 0.538398
v -0.050367 0.769039 0.511381
v -0.102227 0.784217 0.513928
v -0.163019 0.840471 0.537403
v -0.226460 0.885642 0.546722
v -0.277072 0.879658 0.518366
v -0.310000 0.835083 0.463947
v -0.340112 0.802363 0.414428
v -0.385401 0.815708 0.385401
v -0.442657 0.857018 0.363280
v -0.486656 0.875957 0.325173
v -0.497793 0.844746 0.266076
v -0.487285 0.789360 0.201840
v -0.488333 0.763727 0.148134
v -0.520213 0.793807 0.103477
v -0.565493 0.850415 0.055696
v -0.587636 0.879460 0.000000
v -0.570383 0.857769 -0.056178
v -0.534631 0.815808 -0.106345
v -0.513887 0.803693 -0.155886
v -0.516601 0.836849 -0.213983
v -0.518027 0.879083 -0.276891
v -0.489524 0.881119 -0.327089
v -0.430657 0.833783 -0.353431
v -0.368228 0.779362 -0.368228
v -0.325855 0.768728 -0.397055
v -0.300366 0.809131 -0.449529
v -0.270085 0.857475 -0.505294
v -0.221430 0.865972 -0.534579
v -0.161352 0.831876 -0.531908
v -0.104143 0.798917 -0.523562
v -0.053000 0.809252 -0.538121
v -0.000000 0.857170 -0.572743
v 0.058544 0.893900 -0.594409
v 0.114546 0.878723 -0.575862
v 0.159528 0.822468 -0.525892
v 0.198756 0.777297 -0.479838
v 0.246716 0.783281 -0.461573
v 0.307317 0.827856 -0.459932
v 0.364788 0.860576 -0.444496
v 0.400294 0.847231 -0.400294
v 0.416266 0.805921 -0.341620
v 0.437224 0.786982 -0.292144
v 0.482146 0.818193 -0.257712
v 0.539275 0.873579 -0.223375
v 0.574962 0.899212 -0.174413
v 0.569577 0.869132 -0.113296
v 0.540297 0.812524 -0.053215
v 0.523504 0.783479 -0.000000
v 0.590568 0.719609 0.000000
v 0.598941 0.733343 0.058991
v 0.621462 0.772090 0.123617
v 0.614103 0.781958 0.186286
v 0.566107 0.746637 0.234489
v 0.511006 0.706029 0.273138
v 0.486842 0.713458 0.325297
v 0.492823 0.776842 0.404450
v 0.491287 0.846597 0.491287
v 0.449797 0.863943 0.548079
v 0.373652 0.819511 0.559209
v 0.294455 0.761131 0.550887
v 0.233366 0.743063 0.563397
v 0.183532 0.770395 0.605023
v 0.127601 0.796973 0.641491
v 0.062605 0.778271 0.635635
v 0.000000 0.722345 0.592813
v -0.055028 0.684080 0.558707
v -0.113383 0.708170 0.570013
v -0.186025 0.780864 0.613244
v -0.264356 0.841736 0.638211
v -0.326395 0.843690 0.610641
v -0.364151 0.798675 0.544991
v -0.396587 0.761739 0.483242
v -0.447461 0.771076 0.447461
v -0.512491 0.807845 0.420591
v -0.558321 0.818208 0.373058
v -0.560045 0.773784 0.299350
v -0.535117 0.705766 0.221653
v -0.530631 0.675669 0.160965
v -0.573702 0.712753 0.114116
v -0.640061 0.783690 0.063040
v -0.678219 0.826412 0.000000
v -0.663736 0.812678 -0.065372
v -0.622945 0.773931 -0.123911
v -0.600050 0.764063 -0.182023
v -0.606099 0.799384 -0.251055
v -0.607964 0.839992 -0.324964
v -0.568115 0.832563 -0.379603
v -0.487962 0.769179 -0.400460
v -0.405881 0.699424 -0.405881
v -0.355112 0.682078 -0.432706
v -0.331248 0.726510 -0.495748
v -0.303647 0.784890 -0.568083
v -0.252177 0.802958 -0.608809
v -0.184778 0.775626 -0.609130
v -0.119927 0.749048 -0.602916
v -0.061758 0.767749 -0.627042
v -0.000000 0.823676 -0.675974
v 0.069335 0.861941 -0.703970
v 0.134145 0.837851 -0.674394
v 0.182284 0.765157 -0.600909
v 0.221188 0.704285 -0.533995
v 0.271707 0.702331 -0.508329
v 0.340749 0.747346 -0.509966
v 0.408323 0.784282 -0.497543
v 0.449706 0.774945 -0.449706
v 0.468294 0.738176 -0.384319
v 0.496637 0.727812 -0.331842
v 0.558925 0.772237 -0.298752
v 0.637089 0.840255 -0.263891
v 0.683522 0.870351 -0.207344
v 0.670705 0.833268 -0.133412
v 0.622616 0.762331 -0.061322
v 0.590568 0.719609 -0.000000
v 0.672399 0.672399 0.000000
v 0.663230 0.666439 0.065322
v 0.667180 0.680251 0.132710
v 0.652150 0.681495 0.197828
v 0.610490 0.660790 0.252873
v 0.567550 0.643539 0.303362
v 0.550632 0.662240 0.367921
v 0.555612 0.718764 0.455979
v 0.549609 0.777264 0.549609
v 0.505249 0.796428 0.615647
v 0.426846 0.768302 0.638820
v 0.341195 0.723797 0.638332
v 0.267774 0.699727 0.646464
v 0.203870 0.702312 0.672070
v 0.137565 0.705137 0.691588
v 0.066914 0.682676 0.679388
v 0.000000 0.642597 0.642597
v -0.060913 0.621456 0.618463
v -0.126305 0.647419 0.634979
v -0.205845 0.709116 0.678581
v -0.292316 0.763860 0.705714
v -0.366490 0.777456 0.685655
v -0.419322 0.754760 0.627560
v -0.463107 0.730000 0.564298
v -0.514901 0.728179 0.514901
v -0.571189 0.738915 0.468762
v -0.607241 0.730322 0.405745
v -0.606388 0.687576 0.324121
v -0.585948 0.634225 0.242708
v -0.586042 0.612413 0.177774
v -0.629355 0.641685 0.125187
v -0.695795 0.699161 0.068530
v -0.741815 0.741815 0.000000
v -0.744174 0.747775 -0.073295
v -0.719860 0.733963 -0.143189
v -0.701168 0.732719 -0.212697
v -0.696073 0.753424 -0.288323
v -0.679675 0.770675 -0.363294
v -0.625243 0.751974 -0.417774
v -0.537590 0.695450 -0.441189
v -0.450391 0.636949 -0.450391
v -0.391919 0.617786 -0.477555
v -0.358849 0.645911 -0.537056
v -0.325460 0.690417 -0.608893
v -0.273422 0.714486 -0.660099
v -0.206654 0.711902 -0.681248
v -0.138334 0.709077 -0.695452
v -0.071703 0.731538 -0.728015
v -0.000000 0.771616 -0.771616
v 0.077704 0.792758 -0.788940
v 0.149594 0.766794 -0.752061
v 0.204679 0.705098 -0.674737
v 0.248880 0.650354 -0.600849
v 0.300165 0.636757 -0.561570
v 0.366373 0.659454 -0.548316
v 0.434060 0.684213 -0.528904
v 0.485099 0.686034 -0.485099
v 0.522013 0.675299 -0.428405
v 0.568635 0.683891 -0.379950
v 0.640837 0.726638 -0.342535
v 0.720615 0.779988 -0.298489
v 0.767276 0.801801 -0.232751
v 0.757684 0.772528 -0.150713
v 0.711609 0.715052 -0.070087
v 0.672399 0.672399 -0.000000
v 0.767751 0.630077 0.000000
v 0.729042 0.601204 0.071804
v 0.694867 0.581434 0.138218
v 0.666761 0.571819 0.202260
v 0.645617 0.573499 0.267423
v 0.632555 0.588629 0.338108
v 0.625286 0.617171 0.417803
v 0.615228 0.653166 0.504904
v 0.590476 0.685316 0.590476
v 0.543124 0.702608 0.661798
v 0.474236 0.700533 0.709745
v 0.392084 0.682599 0.733538
v 0.306039 0.656313 0.738844
v 0.222113 0.627948 0.732209
v 0.142867 0.600994 0.718242
v 0.069120 0.578725 0.701783
v 0.000000 0.566694 0.690519
v -0.068210 0.571112 0.692551
v -0.141161 0.593816 0.709664
v -0.222412 0.628794 0.733196
v -0.309758 0.664288 0.747823
v -0.395917 0.689273 0.740709
v -0.473096 0.698849 0.708038
v -0.536738 0.694347 0.654017
v -0.585217 0.679212 0.585217
v -0.617588 0.655672 0.506841
v -0.633864 0.625638 0.423535
v -0.638441 0.594106 0.341254
v -0.641898 0.570196 0.265883
v -0.656743 0.563228 0.199221
v -0.689135 0.576638 0.137077
v -0.733977 0.605274 0.072290
v -0.778270 0.638710 0.000000
v -0.809534 0.667582 -0.079732
v -0.821448 0.687352 -0.163396
v -0.812689 0.696968 -0.246526
v -0.782720 0.695287 -0.324213
v -0.730913 0.680157 -0.390681
v -0.660183 0.651615 -0.441120
v -0.579863 0.615620 -0.475881
v -0.502725 0.583471 -0.502725
v -0.437662 0.566178 -0.533292
v -0.384687 0.568253 -0.575725
v -0.336705 0.586187 -0.629931
v -0.285597 0.612474 -0.689493
v -0.226673 0.640839 -0.747241
v -0.158747 0.667793 -0.798073
v -0.082417 0.690062 -0.836793
v -0.000000 0.702092 -0.855502
v 0.083326 0.697675 -0.846026
v 0.160453 0.674971 -0.806651
v 0.226374 0.639993 -0.746254
v 0.281878 0.604498 -0.680514
v 0.332872 0.579514 -0.622760
v 0.385827 0.569937 -0.577431
v 0.444048 0.574439 -0.541074
v 0.507985 0.589575 -0.507985
v 0.577502 0.613114 -0.473944
v 0.651605 0.643148 -0.435389
v 0.725028 0.674681 -0.387536
v 0.786439 0.698591 -0.325754
v 0.822706 0.705559 -0.249565
v 0.827180 0.692148 -0.164536
v 0.804599 0.663513 -0.079246
v 0.767751 0.630077 -0.000000
v 0.863536 0.576996 0.000000
v 0.792944 0.532392 0.078098
v 0.714819 0.486984 0.142186
v 0.672325 0.469448 0.203948
v 0.676869 0.489533 0.280368
v 0.699321 0.529833 0.373795
v 0.700942 0.563285 0.468354
v 0.668807 0.578107 0.548876
v 0.618751 0.584687 0.618751
v 0.568187 0.598447 0.692338
v 0.514057 0.618252 0.769341
v 0.440542 0.624444 0.824196
v 0.343248 0.599323 0.828673
v 0.238287 0.548491 0.785528
v 0.145952 0.499881 0.733750
v 0.070460 0.480320 0.715388
v 0.000000 0.492967 0.737777
v -0.076003 0.518112 0.771676
v -0.156355 0.535511 0.786050
v -0.236463 0.544291 0.779513
v -0.320574 0.559733 0.773933
v -0.417173 0.591319 0.780475
v -0.521008 0.626612 0.779744
v -0.607121 0.639454 0.739779
v -0.650817 0.614988 0.650817
v -0.654416 0.565668 0.537066
v -0.648642 0.521256 0.433409
v -0.663440 0.502648 0.354616
v -0.699543 0.505931 0.289760
v -0.733401 0.512093 0.222475
v -0.749765 0.510792 0.149137
v -0.762858 0.512192 0.075135
v -0.799403 0.534144 0.000000
v -0.861988 0.578749 -0.084898
v -0.916167 0.624156 -0.182237
v -0.919008 0.641693 -0.278778
v -0.859487 0.621608 -0.356011
v -0.767261 0.581307 -0.410109
v -0.681742 0.547855 -0.455525
v -0.616662 0.533034 -0.506082
v -0.557124 0.526453 -0.557124
v -0.486770 0.512694 -0.593131
v -0.409822 0.492889 -0.613342
v -0.343362 0.486697 -0.642385
v -0.293132 0.511818 -0.707682
v -0.244438 0.562650 -0.805806
v -0.178471 0.611259 -0.897236
v -0.092537 0.630821 -0.939544
v -0.000000 0.618174 -0.925163
v 0.086993 0.593028 -0.883256
v 0.168068 0.575629 -0.844937
v 0.246263 0.566850 -0.811821
v 0.315806 0.551408 -0.762423
v 0.366732 0.519822 -0.686106
v 0.402871 0.484529 -0.602939
v 0.447837 0.471687 -0.545691
v 0.525058 0.496152 -0.525058
v 0.631053 0.545473 -0.517892
v 0.734041 0.589884 -0.490471
v 0.803142 0.608492 -0.429288
v 0.836813 0.605209 -0.346619
v 0.857933 0.599047 -0.260251
v 0.881221 0.600349 -0.175286
v 0.892074 0.598949 -0.087862
v 0.863536 0.576996 -0.000000
v 0.940505 0.502710 0.000000
v 0.849068 0.456032 0.083626
v 0.740958 0.403809 0.147386
v 0.688568 0.384608 0.208875
v 0.710676 0.411162 0.294372
v 0.756826 0.458694 0.404532
v 0.762746 0.490332 0.509651
v 0.712883 0.492935 0.585048
v 0.643175 0.486184 0.643175
v 0.589260 0.496484 0.718015
v 0.545156 0.524492 0.815884
v 0.477737 0.541700 0.893783
v 0.372518 0.520313 0.899339
v 0.252480 0.464899 0.832313
v 0.150311 0.411824 0.755664
v 0.072627 0.396050 0.737390
v 0.000000 0.419170 0.784212
v -0.082755 0.451283 0.840225
v -0.169317 0.463897 0.851214
v -0.249146 0.458761 0.821324
v -0.331093 0.462453 0.799330
v -0.435042 0.493289 0.813906
v -0.557855 0.536710 0.834889
v -0.660389 0.556414 0.804687
v -0.701759 0.530469 0.701759
v -0.686591 0.474755 0.563471
v -0.667197 0.428908 0.445807
v -0.691272 0.418963 0.369493
v -0.752101 0.435129 0.311531
v -0.800151 0.446934 0.242723
v -0.804802 0.438603 0.160085
v -0.794102 0.426510 0.078212
v -0.823337 0.440083 0.000000
v -0.906281 0.486761 -0.089261
v -0.988993 0.538984 -0.196723
v -0.999324 0.558185 -0.303142
v -0.918902 0.531631 -0.380622
v -0.798745 0.484100 -0.426938
v -0.703835 0.452461 -0.470288
v -0.650586 0.449859 -0.533922
v -0.604050 0.456609 -0.604050
v -0.529710 0.446310 -0.645454
v -0.434782 0.418302 -0.650698
v -0.353733 0.401093 -0.661787
v -0.302475 0.422480 -0.730239
v -0.259537 0.477894 -0.855579
v -0.193798 0.530969 -0.974287
v -0.100260 0.546743 -1.017959
v -0.000000 0.523623 -0.979631
v 0.090132 0.491511 -0.915124
v 0.174792 0.478897 -0.878737
v 0.262871 0.484033 -0.866569
v 0.343900 0.480341 -0.830248
v 0.396428 0.449505 -0.741664
v 0.422083 0.406084 -0.631692
v 0.458580 0.386379 -0.558782
v 0.545466 0.412325 -0.545466
v 0.676877 0.468038 -0.555499
v 0.799384 0.513885 -0.534132
v 0.864298 0.523830 -0.461977
v 0.877477 0.507665 -0.363463
v 0.887741 0.495859 -0.269293
v 0.925149 0.504190 -0.184024
v 0.961247 0.516283 -0.094675
v 0.940505 0.502710 -0.000000
v 0.983130 0.407226 0.000000
v 0.892419 0.371441 0.087896
v 0.784036 0.331121 0.155954
v 0.730849 0.316350 0.221701
v 0.751750 0.337041 0.311385
v 0.795881 0.373803 0.425407
v 0.798633 0.397855 0.533629
v 0.744753 0.399072 0.611203
v 0.671020 0.393075 0.671020
v 0.613732 0.400723 0.747834
v 0.566864 0.422634 0.848373
v 0.496730 0.436474 0.929317
v 0.388374 0.420373 0.937618
v 0.264736 0.377757 0.872717
v 0.158693 0.336935 0.797802
v 0.076936 0.325125 0.781142
v 0.000000 0.343446 0.829151
v -0.087179 0.368414 0.885148
v -0.177915 0.377747 0.894440
v -0.261364 0.372946 0.861601
v -0.346478 0.375025 0.836471
v -0.453549 0.398531 0.848530
v -0.579708 0.432210 0.867595
v -0.685671 0.447694 0.835493
v -0.730271 0.427783 0.730271
v -0.718162 0.384823 0.589381
v -0.701996 0.349713 0.469059
v -0.729581 0.342664 0.389969
v -0.793646 0.355825 0.328739
v -0.843702 0.365198 0.255934
v -0.848607 0.358391 0.168798
v -0.836827 0.348302 0.082420
v -0.864629 0.358141 0.000000
v -0.946442 0.393926 -0.093216
v -1.028219 0.434246 -0.204525
v -1.037346 0.449017 -0.314675
v -0.955357 0.428326 -0.395722
v -0.833697 0.391564 -0.445620
v -0.737723 0.367512 -0.492931
v -0.683584 0.366295 -0.561003
v -0.635543 0.372292 -0.635543
v -0.558474 0.364644 -0.680503
v -0.459696 0.342733 -0.687983
v -0.374297 0.328893 -0.700261
v -0.318732 0.344994 -0.769488
v -0.271640 0.387610 -0.895479
v -0.201787 0.428432 -1.014452
v -0.104176 0.440242 -1.057719
v -0.000000 0.421921 -1.018608
v 0.093933 0.396953 -0.953714
v 0.182565 0.387620 -0.917815
v 0.275012 0.392421 -0.906594
v 0.360629 0.390342 -0.870636
v 0.417479 0.366836 -0.781048
v 0.446852 0.333157 -0.668761
v 0.486535 0.317673 -0.592844
v 0.576292 0.337584 -0.576292
v 0.710175 0.380543 -0.582825
v 0.834360 0.415653 -0.557501
v 0.899997 0.422703 -0.481058
v 0.913461 0.409542 -0.378368
v 0.924493 0.400169 -0.280442
v 0.963648 0.406976 -0.191681
v 1.002034 0.417065 -0.098692
v 0.983130 0.407226 -0.000000
v 0.988254 0.299784 0.000000
v 0.921809 0.280981 0.090790
v 0.845784 0.261592 0.168237
v 0.801760 0.254155 0.243211
v 0.800732 0.262912 0.331674
v 0.814575 0.280182 0.435400
v 0.806144 0.294107 0.538648
v 0.763661 0.299678 0.626720
v 0.703351 0.301736 0.703351
v 0.642704 0.307321 0.783137
v 0.578839 0.316052 0.866294
v 0.496072 0.319225 0.928085
v 0.389680 0.308893 0.940771
v 0.274975 0.287348 0.906471
v 0.171548 0.266741 0.862431
v 0.083604 0.258742 0.848849
v 0.000000 0.264592 0.872242
v -0.089018 0.275496 0.903816
v -0.181707 0.282537 0.913503
v -0.273193 0.285486 0.900597
v -0.367538 0.291341 0.887315
v -0.473251 0.304540 0.885390
v -0.585627 0.319758 0.876453
v -0.680724 0.325501 0.829464
v -0.734665 0.315169 0.734665
v -0.749607 0.294163 0.615187
v -0.755072 0.275474 0.504523
v -0.779536 0.268130 0.416671
v -0.822874 0.270183 0.340846
v -0.861402 0.273061 0.261303
v -0.879909 0.272147 0.175025
v -0.892429 0.272025 0.087897
v -0.925627 0.280786 0.000000
v -0.982856 0.299589 -0.096803
v -1.031322 0.318977 -0.205143
v -1.029710 0.326414 -0.312359
v -0.967463 0.317657 -0.400736
v -0.873317 0.300387 -0.466797
v -0.785190 0.286462 -0.524647
v -0.715789 0.280892 -0.587433
v -0.649967 0.278834 -0.649967
v -0.571449 0.273249 -0.696312
v -0.484456 0.264518 -0.725040
v -0.406125 0.261344 -0.759807
v -0.342730 0.271677 -0.827424
v -0.280595 0.293221 -0.924998
v -0.201831 0.313828 -1.014675
v -0.103989 0.321828 -1.055816
v -0.000000 0.315978 -1.041639
v 0.098575 0.305073 -1.000849
v 0.191672 0.298032 -0.963602
v 0.282377 0.295083 -0.930873
v 0.364872 0.289228 -0.880880
v 0.428946 0.276029 -0.802502
v 0.477668 0.260811 -0.714881
v 0.533429 0.255069 -0.649985
v 0.618653 0.265400 -0.618653
v 0.729842 0.286407 -0.598966
v 0.836262 0.305095 -0.558772
v 0.908356 0.312439 -0.485526
v 0.945321 0.310387 -0.391565
v 0.970068 0.307508 -0.294267
v 0.997197 0.308423 -0.198355
v 1.012236 0.308544 -0.099697
v 0.988254 0.299784 -0.000000
v 0.967503 0.192448 0.000000
v 0.940671 0.188016 0.092648
v 0.917262 0.186029 0.182455
v 0.888770 0.184742 0.269605
v 0.853539 0.183768 0.353547
v 0.819784 0.184898 0.438184
v 0.794335 0.190029 0.530758
v 0.771126 0.198427 0.632847
v 0.733718 0.206398 0.733718
v 0.669644 0.209965 0.815964
v 0.581024 0.208026 0.869563
v 0.480810 0.202884 0.899532
v 0.380463 0.197758 0.918518
v 0.282967 0.193898 0.932818
v 0.186596 0.190252 0.938082
v 0.091550 0.185788 0.929522
v 0.000000 0.181741 0.913672
v -0.089254 0.181128 0.906207
v -0.182287 0.185858 0.916419
v -0.283723 0.194416 0.935309
v -0.389855 0.202640 0.941193
v -0.490490 0.206969 0.917642
v -0.578144 0.206995 0.865254
v -0.653518 0.204909 0.796313
v -0.720435 0.202662 0.720435
v -0.777087 0.199961 0.637739
v -0.815998 0.195211 0.545232
v -0.834647 0.188250 0.446128
v -0.844147 0.181746 0.349657
v -0.863471 0.179484 0.261931
v -0.902787 0.183094 0.179575
v -0.953133 0.190507 0.093875
v -0.994068 0.197732 0.000000
v -1.011454 0.202164 -0.099620
v -1.006618 0.204151 -0.200229
v -0.988336 0.205438 -0.299809
v -0.958716 0.206413 -0.397113
v -0.910166 0.205283 -0.486494
v -0.836651 0.200152 -0.559033
v -0.745189 0.191753 -0.611561
v -0.653322 0.183783 -0.653322
v -0.574763 0.180215 -0.700351
v -0.508767 0.182155 -0.761423
v -0.443868 0.187296 -0.830419
v -0.370198 0.192423 -0.893737
v -0.286447 0.196283 -0.944288
v -0.196087 0.199929 -0.985797
v -0.100718 0.204393 -1.022603
v -0.000000 0.208440 -1.047898
v 0.103014 0.209053 -1.045919
v 0.200396 0.204322 -1.007460
v 0.285691 0.195765 -0.941797
v 0.360806 0.187541 -0.871062
v 0.434188 0.183212 -0.812309
v 0.511646 0.183186 -0.765732
v 0.590890 0.185272 -0.720001
v 0.666604 0.187519 -0.666604
v 0.739228 0.190219 -0.606669
v 0.814988 0.194970 -0.544558
v 0.895304 0.201931 -0.478550
v 0.968108 0.208435 -0.401004
v 1.013635 0.210697 -0.307483
v 1.021093 0.207087 -0.203108
v 0.998992 0.199673 -0.098392
v 0.967503 0.192448 -0.000000
v 0.941783 0.092758 0.000000
v 0.955167 0.094531 0.094076
v 0.982549 0.098668 0.195441
v 0.969523 0.099787 0.294102
v 0.902799 0.096244 0.373952
v 0.823672 0.091986 0.440262
v 0.779420 0.092326 0.520792
v 0.770217 0.098135 0.632100
v 0.751205 0.104634 0.751205
v 0.683525 0.106119 0.832877
v 0.573792 0.101722 0.858740
v 0.460225 0.096157 0.861020
v 0.368053 0.094726 0.888559
v 0.288385 0.097847 0.950680
v 0.199808 0.100873 1.004502
v 0.098844 0.099322 1.003581
v 0.000000 0.093919 0.953580
v -0.089612 0.090045 0.909843
v -0.182483 0.092127 0.917405
v -0.291424 0.098878 0.960697
v -0.405814 0.104444 0.979721
v -0.499143 0.104289 0.933832
v -0.562216 0.099670 0.841416
v -0.618687 0.096053 0.753873
v -0.697804 0.097196 0.697804
v -0.794182 0.101189 0.651769
v -0.866516 0.102643 0.578988
v -0.883426 0.098659 0.472201
v -0.865039 0.092219 0.358311
v -0.867812 0.089318 0.263248
v -0.924352 0.092824 0.183865
v -1.005271 0.099490 0.099011
v -1.048586 0.103277 0.000000
v -1.025618 0.101503 -0.101015
v -0.969577 0.097366 -0.192861
v -0.935141 0.096248 -0.283672
v -0.936062 0.099790 -0.387730
v -0.931677 0.104048 -0.497992
v -0.875512 0.103708 -0.584998
v -0.768360 0.097899 -0.630577
v -0.656199 0.091401 -0.656199
v -0.579152 0.089915 -0.705699
v -0.531998 0.094313 -0.796191
v -0.478029 0.099877 -0.894329
v -0.393628 0.101308 -0.950302
v -0.289388 0.098187 -0.953985
v -0.188494 0.095161 -0.947623
v -0.096246 0.096712 -0.977204
v -0.000000 0.102115 -1.036789
v 0.105479 0.105989 -1.070942
v 0.205819 0.103908 -1.034720
v 0.286349 0.097156 -0.943968
v 0.355868 0.091590 -0.859140
v 0.439110 0.091746 -0.821518
v 0.543574 0.096365 -0.813516
v 0.643990 0.099981 -0.784704
v 0.709600 0.098839 -0.709600
v 0.744394 0.094845 -0.610908
v 0.788415 0.093391 -0.526802
v 0.871923 0.097375 -0.466052
v 0.973823 0.103816 -0.403371
v 1.036853 0.106716 -0.314526
v 1.027773 0.103210 -0.204437
v 0.975514 0.096545 -0.096080
v 0.941783 0.092758 -0.000000
v 0.930583 0.000000 0.000000
v 0.970535 0.000000 0.095589
v 1.025965 0.000000 0.204077
v 1.022202 0.000000 0.310082
v 0.940724 0.000000 0.389661
v 0.836935 0.000000 0.447351
v 0.776324 0.000000 0.518723
v 0.764106 0.000000 0.627085
v 0.746325 0.000000 0.746325
v 0.674874 0.000000 0.822336
v 0.558180 0.000000 0.835375
v 0.443405 0.000000 0.829552
v 0.359462 0.000000 0.867818
v 0.290915 0.000000 0.959018
v 0.207328 0.000000 1.042308
v 0.103601 0.000000 1.051879
v 0.000000 0.000000 0.990981
v -0.091600 0.000000 0.930028
v -0.184808 0.000000 0.929091
v -0.294865 0.000000 0.972041
v -0.408547 0.000000 0.986319
v -0.493995 0.000000 0.924199
v -0.543132 0.000000 0.812854
v -0.590591 0.000000 0.719637
v -0.676908 0.000000 0.676908
v -0.795259 0.000000 0.652652
v -0.889541 0.000000 0.594373
v -0.914610 0.000000 0.488869
v -0.891639 0.000000 0.369329
v -0.889987 0.000000 0.269975
v -0.950316 0.000000 0.189030
v -1.035666 0.000000 0.102004
v -1.069417 0.000000 0.000000
v -1.019834 0.000000 -0.100445
v -0.935606 0.000000 -0.186104
v -0.891679 0.000000 -0.270488
v -0.907035 0.000000 -0.375706
v -0.926907 0.000000 -0.495442
v -0.886615 0.000000 -0.592417
v -0.781915 0.000000 -0.641701
v -0.667889 0.000000 -0.667889
v -0.593913 0.000000 -0.723685
v -0.552961 0.000000 -0.827564
v -0.499389 0.000000 -0.934291
v -0.405905 0.000000 -0.979942
v -0.289654 0.000000 -0.954862
v -0.182853 0.000000 -0.919262
v -0.092433 0.000000 -0.938491
v -0.000000 0.000000 -1.009019
v 0.104434 0.000000 -1.060341
v 0.205373 0.000000 -1.032480
v 0.285704 0.000000 -0.941840
v 0.356820 0.000000 -0.861440
v 0.448799 0.000000 -0.839644
v 0.568009 0.000000 -0.850085
v 0.678195 0.000000 -0.826383
v 0.737305 0.000000 -0.737305
v 0.750762 0.000000 -0.616135
v 0.773398 0.000000 -0.516768
v 0.849232 0.000000 -0.453924
v 0.956120 0.000000 -0.396038
v 1.023894 0.000000 -0.310595
v 1.011255 0.000000 -0.201151
v 0.954704 0.000000 -0.094030
v 0.930583 0.000000 -0.000000
v 0.941783 -0.092758 0.000000
v 0.987693 -0.097750 0.097279
v 1.039089 -0.104346 0.206688
v 1.035551 -0.106582 0.314131
v 0.961978 -0.102553 0.398465
v 0.862463 -0.096318 0.460996
v 0.790666 -0.093658 0.528306
v 0.754659 -0.096153 0.619332
v 0.716538 -0.099805 0.716538
v 0.641434 -0.099585 0.781590
v 0.536013 -0.095024 0.802200
v 0.434961 -0.090879 0.813754
v 0.357900 -0.092113 0.864047
v 0.290358 -0.098516 0.957183
v 0.207323 -0.104667 1.042281
v 0.104837 -0.105345 1.064433
v 0.000000 -0.100748 1.022913
v -0.095605 -0.096068 0.970695
v -0.189998 -0.095921 0.955184
v -0.293397 -0.099547 0.967200
v -0.395660 -0.101831 0.955208
v -0.473879 -0.099010 0.886565
v -0.524437 -0.092972 0.784875
v -0.576597 -0.089518 0.702585
v -0.663137 -0.092367 0.663137
v -0.778625 -0.099207 0.639001
v -0.877763 -0.103975 0.586503
v -0.922217 -0.102992 0.492935
v -0.924218 -0.098527 0.382824
v -0.933840 -0.096114 0.283277
v -0.980893 -0.098502 0.195112
v -1.037797 -0.102709 0.102214
v -1.048586 -0.103277 0.000000
v -0.993092 -0.098284 -0.097811
v -0.913036 -0.091688 -0.181614
v -0.869113 -0.089452 -0.263643
v -0.876883 -0.093481 -0.363217
v -0.892887 -0.099716 -0.477258
v -0.864265 -0.102376 -0.577484
v -0.783918 -0.099881 -0.643345
v -0.690865 -0.096229 -0.690865
v -0.621243 -0.096450 -0.756986
v -0.569777 -0.101010 -0.852732
v -0.503293 -0.105156 -0.941595
v -0.403782 -0.103921 -0.974815
v -0.287416 -0.097518 -0.947482
v -0.180979 -0.091367 -0.909844
v -0.090253 -0.090690 -0.916353
v -0.000000 -0.095286 -0.967457
v 0.099485 -0.099967 -1.010091
v 0.198304 -0.100114 -0.996941
v 0.284377 -0.096487 -0.937464
v 0.366021 -0.094203 -0.883653
v 0.464375 -0.097024 -0.868784
v 0.581353 -0.103062 -0.870057
v 0.686080 -0.106516 -0.835991
v 0.744267 -0.103667 -0.744267
v 0.759952 -0.096828 -0.623676
v 0.777169 -0.092059 -0.519288
v 0.833132 -0.093043 -0.445318
v 0.914644 -0.097507 -0.378858
v 0.970825 -0.099920 -0.294497
v 0.971232 -0.097532 -0.193190
v 0.942988 -0.093326 -0.092876
v 0.941783 -0.092758 -0.000000
v 0.967503 -0.192448 0.000000
v 1.002021 -0.200279 0.098690
v 1.023908 -0.207658 0.203668
v 1.013311 -0.210630 0.307384
v 0.965162 -0.207801 0.399783
v 0.892951 -0.201400 0.477292
v 0.815548 -0.195103 0.544932
v 0.741781 -0.190876 0.608764
v 0.668330 -0.188004 0.668330
v 0.590254 -0.185073 0.719227
v 0.509765 -0.182513 0.762917
v 0.433156 -0.182776 0.810378
v 0.361311 -0.187803 0.872283
v 0.286688 -0.196448 0.945084
v 0.200770 -0.204704 1.009341
v 0.102855 -0.208729 1.044299
v 0.000000 -0.207753 1.044447
v -0.100558 -0.204069 1.020984
v -0.196461 -0.200310 0.987678
v -0.287444 -0.196966 0.947575
v -0.370703 -0.192685 0.894957
v -0.442836 -0.186861 0.828488
v -0.506886 -0.181482 0.758608
v -0.574127 -0.180016 0.699576
v -0.655048 -0.184268 0.655048
v -0.747742 -0.192410 0.613656
v -0.837211 -0.200286 0.559407
v -0.907813 -0.204752 0.485236
v -0.955770 -0.205778 0.395893
v -0.988013 -0.205371 0.299710
v -1.009433 -0.204722 0.200789
v -1.014483 -0.202770 0.099918
v -0.994068 -0.197732 0.000000
v -0.950104 -0.189902 -0.093577
v -0.899972 -0.182523 -0.179016
v -0.863795 -0.179551 -0.262029
v -0.847093 -0.182380 -0.350877
v -0.837000 -0.188781 -0.447386
v -0.815438 -0.195077 -0.544858
v -0.774534 -0.199304 -0.635643
v -0.718710 -0.202176 -0.718710
v -0.654153 -0.205108 -0.797088
v -0.580025 -0.207668 -0.868069
v -0.491522 -0.207404 -0.919573
v -0.389349 -0.202377 -0.939972
v -0.282726 -0.193733 -0.932022
v -0.181913 -0.185477 -0.914539
v -0.089413 -0.181452 -0.907826
v -0.000000 -0.182427 -0.917124
v 0.091709 -0.186112 -0.931141
v 0.186222 -0.189870 -0.936202
v 0.281970 -0.193215 -0.929531
v 0.379957 -0.197495 -0.917298
v 0.481842 -0.203320 -0.901463
v 0.582904 -0.208699 -0.872378
v 0.670280 -0.210165 -0.816738
v 0.731992 -0.205913 -0.731992
v 0.768573 -0.197770 -0.630751
v 0.793775 -0.189895 -0.530384
v 0.822137 -0.185428 -0.439442
v 0.856485 -0.184402 -0.354768
v 0.889093 -0.184810 -0.269704
v 0.914447 -0.185458 -0.181895
v 0.937642 -0.187411 -0.092350
v 0.967503 -0.192448 -0.000000
v 0.988254 -0.299784 0.000000
v 1.005095 -0.306367 0.098993
v 0.990561 -0.306370 0.197035
v 0.970831 -0.307750 0.294498
v 0.952267 -0.312667 0.394442
v 0.913903 -0.314347 0.488491
v 0.834942 -0.304614 0.557890
v 0.723823 -0.284044 0.594026
v 0.614584 -0.263655 0.614584
v 0.534928 -0.255785 0.651811
v 0.482102 -0.263232 0.721516
v 0.431380 -0.277595 0.807054
v 0.363681 -0.288284 0.878003
v 0.280026 -0.292627 0.923123
v 0.190791 -0.296661 0.959169
v 0.098951 -0.306237 1.004666
v 0.000000 -0.318446 1.049776
v -0.104365 -0.322991 1.059633
v -0.200949 -0.312457 1.010241
v -0.278244 -0.290765 0.917249
v -0.341539 -0.270732 0.824547
v -0.408558 -0.262910 0.764359
v -0.488890 -0.266939 0.731675
v -0.572947 -0.273965 0.698138
v -0.645898 -0.277088 0.645898
v -0.709770 -0.278530 0.582493
v -0.783870 -0.285981 0.523765
v -0.878864 -0.302295 0.469763
v -0.974409 -0.319937 0.403613
v -1.030473 -0.326656 0.312591
v -1.024687 -0.316925 0.203823
v -0.975714 -0.297412 0.096099
v -0.925627 -0.280786 0.000000
v -0.899570 -0.274202 -0.088600
v -0.886545 -0.274199 -0.176345
v -0.860639 -0.272819 -0.261072
v -0.815929 -0.267902 -0.337969
v -0.773989 -0.266222 -0.413706
v -0.756392 -0.275956 -0.505405
v -0.755627 -0.296525 -0.620127
v -0.738734 -0.316914 -0.738734
v -0.679225 -0.324784 -0.827639
v -0.581193 -0.317337 -0.869817
v -0.470818 -0.302974 -0.880838
v -0.368730 -0.292286 -0.890192
v -0.275544 -0.287943 -0.908346
v -0.182589 -0.283908 -0.917937
v -0.088642 -0.274333 -0.899998
v -0.000000 -0.262123 -0.864105
v 0.083228 -0.257578 -0.845032
v 0.172430 -0.268112 -0.866865
v 0.277326 -0.289805 -0.914220
v 0.390872 -0.309837 -0.943648
v 0.493639 -0.317659 -0.923533
v 0.574405 -0.313631 -0.859658
v 0.641206 -0.306604 -0.781312
v 0.707420 -0.303481 -0.707420
v 0.769680 -0.302040 -0.631660
v 0.807464 -0.294589 -0.539530
v 0.809028 -0.278274 -0.432435
v 0.793786 -0.260632 -0.328797
v 0.800996 -0.253913 -0.242980
v 0.852419 -0.263644 -0.169557
v 0.928950 -0.283157 -0.091494
v 0.988254 -0.299784 -0.000000
v 0.983130 -0.407226 0.000000
v 0.988521 -0.411440 0.097361
v 0.951092 -0.401673 0.189184
v 0.925937 -0.400794 0.280880
v 0.926602 -0.415434 0.383811
v 0.910493 -0.427633 0.486669
v 0.831862 -0.414409 0.555833
v 0.698786 -0.374441 0.573479
v 0.568594 -0.333075 0.568594
v 0.489370 -0.319524 0.596299
v 0.455241 -0.339412 0.681316
v 0.422083 -0.370882 0.789662
v 0.358374 -0.387902 0.865192
v 0.270564 -0.386074 0.891931
v 0.180896 -0.384076 0.909426
v 0.094644 -0.399959 0.960936
v 0.000000 -0.428299 1.034004
v -0.104888 -0.443248 1.064942
v -0.200118 -0.424889 1.006063
v -0.267193 -0.381263 0.880816
v -0.316478 -0.342553 0.764045
v -0.378902 -0.332939 0.708875
v -0.468085 -0.348988 0.700539
v -0.561310 -0.366495 0.683958
v -0.627844 -0.367783 0.627844
v -0.672195 -0.360192 0.551656
v -0.735225 -0.366267 0.491262
v -0.844193 -0.396494 0.451231
v -0.968499 -0.434218 0.401165
v -1.038790 -0.449642 0.315114
v -1.015663 -0.428943 0.202028
v -0.932929 -0.388302 0.091885
v -0.864629 -0.358141 0.000000
v -0.850340 -0.353927 -0.083751
v -0.861163 -0.363694 -0.171296
v -0.842258 -0.364573 -0.255496
v -0.780504 -0.349933 -0.323295
v -0.719085 -0.337734 -0.384359
v -0.704493 -0.350958 -0.470727
v -0.729551 -0.390926 -0.598727
v -0.737969 -0.432292 -0.737969
v -0.682836 -0.445843 -0.832038
v -0.571319 -0.425955 -0.855039
v -0.448945 -0.394485 -0.839916
v -0.348732 -0.377465 -0.841915
v -0.265812 -0.379293 -0.876264
v -0.179584 -0.381290 -0.902829
v -0.086468 -0.365408 -0.877925
v -0.000000 -0.337068 -0.813755
v 0.076224 -0.322119 -0.773919
v 0.160362 -0.340478 -0.806192
v 0.269184 -0.384104 -0.887379
v 0.390629 -0.422814 -0.943062
v 0.492126 -0.432428 -0.920703
v 0.558475 -0.416379 -0.835817
v 0.610896 -0.398872 -0.744379
v 0.678718 -0.397584 -0.678718
v 0.756142 -0.405175 -0.620550
v 0.801130 -0.399099 -0.535298
v 0.785385 -0.368873 -0.419797
v 0.738608 -0.331149 -0.305941
v 0.729405 -0.315724 -0.221263
v 0.796592 -0.336423 -0.158452
v 0.905933 -0.377065 -0.089227
v 0.983130 -0.407226 -0.000000
v 0.940505 -0.502710 0.000000
v 0.947886 -0.509107 0.093359
v 0.912735 -0.497425 0.181554
v 0.889169 -0.496657 0.269727
v 0.890470 -0.515182 0.368845
v 0.874676 -0.530120 0.467524
v 0.796915 -0.512298 0.532482
v 0.665616 -0.460252 0.546257
v 0.537854 -0.406571 0.537854
v 0.461384 -0.388741 0.562198
v 0.430378 -0.414065 0.644106
v 0.400980 -0.454667 0.750181
v 0.341671 -0.477227 0.824866
v 0.258473 -0.475935 0.852071
v 0.173142 -0.474376 0.870442
v 0.090835 -0.495346 0.922265
v 0.000000 -0.531760 0.994854
v -0.100964 -0.550579 1.025100
v -0.192148 -0.526449 0.965991
v -0.255139 -0.469796 0.841081
v -0.300246 -0.419366 0.724857
v -0.358285 -0.406255 0.670304
v -0.443078 -0.426283 0.663112
v -0.532514 -0.448672 0.648870
v -0.596438 -0.450855 0.596438
v -0.639325 -0.442072 0.524680
v -0.701366 -0.450874 0.468638
v -0.809123 -0.490390 0.432485
v -0.931896 -0.539149 0.386004
v -1.000752 -0.558983 0.303575
v -0.976579 -0.532219 0.194254
v -0.892920 -0.479585 0.087945
v -0.823337 -0.440083 0.000000
v -0.807463 -0.433686 -0.079528
v -0.817216 -0.445369 -0.162554
v -0.798723 -0.446137 -0.242290
v -0.739108 -0.427611 -0.306148
v -0.680894 -0.412673 -0.363945
v -0.669666 -0.430496 -0.447457
v -0.697852 -0.482542 -0.572713
v -0.709371 -0.536222 -0.709371
v -0.657586 -0.554052 -0.801271
v -0.549560 -0.528729 -0.822475
v -0.430489 -0.488127 -0.805389
v -0.333323 -0.465567 -0.804712
v -0.253544 -0.466858 -0.835821
v -0.170967 -0.468418 -0.859509
v -0.082052 -0.447447 -0.833084
v -0.000000 -0.411033 -0.768989
v 0.071923 -0.392215 -0.730249
v 0.151961 -0.416345 -0.763959
v 0.256877 -0.472997 -0.846811
v 0.374748 -0.523427 -0.904721
v 0.473185 -0.536538 -0.885266
v 0.536861 -0.516511 -0.803469
v 0.586456 -0.494122 -0.714599
v 0.650787 -0.491938 -0.650787
v 0.724144 -0.500722 -0.594290
v 0.765216 -0.491920 -0.511301
v 0.746447 -0.452404 -0.398984
v 0.697683 -0.403645 -0.288990
v 0.687140 -0.383811 -0.208442
v 0.753372 -0.410575 -0.149855
v 0.862429 -0.463209 -0.084942
v 0.940505 -0.502710 -0.000000
v 0.863536 -0.576996 0.000000
v 0.884761 -0.594039 0.087141
v 0.874426 -0.595720 0.173934
v 0.858714 -0.599593 0.260488
v 0.843925 -0.610353 0.349565
v 0.808822 -0.612796 0.432325
v 0.732690 -0.588798 0.489568
v 0.624889 -0.540145 0.512833
v 0.520892 -0.492215 0.520892
v 0.449371 -0.473303 0.547561
v 0.407411 -0.489990 0.609734
v 0.369223 -0.523354 0.690768
v 0.314585 -0.549277 0.759477
v 0.243856 -0.561309 0.803886
v 0.167165 -0.572536 0.840396
v 0.087378 -0.595653 0.887165
v 0.000000 -0.623741 0.933495
v -0.092922 -0.633445 0.943453
v -0.177568 -0.608166 0.892696
v -0.242031 -0.557109 0.797870
v -0.291911 -0.509687 0.704736
v -0.345854 -0.490229 0.647047
v -0.414363 -0.498350 0.620137
v -0.488305 -0.514310 0.595001
v -0.552958 -0.522516 0.552958
v -0.610498 -0.527706 0.501023
v -0.680390 -0.546769 0.454622
v -0.772941 -0.585611 0.413146
v -0.866599 -0.626752 0.358957
v -0.919790 -0.642238 0.279015
v -0.909372 -0.619527 0.180885
v -0.854674 -0.573838 0.084178
v -0.799403 -0.534144 0.000000
v -0.770171 -0.517102 -0.075855
v -0.756560 -0.515421 -0.150489
v -0.732619 -0.511548 -0.222238
v -0.692431 -0.500788 -0.286814
v -0.657759 -0.498344 -0.351580
v -0.649994 -0.522343 -0.434312
v -0.660580 -0.570996 -0.542124
v -0.654984 -0.618925 -0.654984
v -0.605586 -0.637837 -0.737909
v -0.516468 -0.621151 -0.772949
v -0.414681 -0.587787 -0.775813
v -0.321794 -0.561863 -0.776879
v -0.238870 -0.549831 -0.787448
v -0.157258 -0.538605 -0.790590
v -0.075618 -0.515487 -0.767767
v -0.000000 -0.487399 -0.729444
v 0.070075 -0.477695 -0.711479
v 0.146855 -0.502974 -0.738291
v 0.240694 -0.554032 -0.793463
v 0.344468 -0.601453 -0.831619
v 0.438050 -0.620912 -0.819534
v 0.509517 -0.612791 -0.762546
v 0.566653 -0.596831 -0.690468
v 0.622917 -0.588624 -0.622917
v 0.674971 -0.583435 -0.553934
v 0.702293 -0.564371 -0.469257
v 0.693640 -0.525529 -0.370758
v 0.669756 -0.484389 -0.277422
v 0.671544 -0.468902 -0.203711
v 0.721614 -0.491614 -0.143538
v 0.800257 -0.537302 -0.078818
v 0.863536 -0.576996 -0.000000
v 0.767751 -0.630077 0.000000
v 0.805799 -0.664502 0.079364
v 0.828294 -0.693081 0.164758
v 0.822578 -0.705449 0.249526
v 0.785272 -0.697555 0.325270
v 0.724096 -0.673813 0.387038
v 0.651827 -0.643367 0.435537
v 0.578513 -0.614188 0.474774
v 0.508668 -0.590368 0.508668
v 0.443796 -0.574114 0.540767
v 0.385082 -0.568837 0.576317
v 0.332463 -0.578802 0.621995
v 0.282078 -0.604927 0.680997
v 0.226769 -0.641109 0.747556
v 0.160601 -0.675594 0.807396
v 0.083263 -0.697146 0.845385
v 0.000000 -0.700971 0.854135
v -0.082354 -0.689533 0.836152
v -0.158895 -0.668416 0.798817
v -0.227068 -0.641955 0.748542
v -0.285797 -0.612903 0.689976
v -0.336296 -0.585476 0.629166
v -0.383942 -0.567153 0.574610
v -0.437410 -0.565853 0.532986
v -0.503409 -0.584264 0.503409
v -0.580874 -0.616694 0.476711
v -0.660405 -0.651834 0.441268
v -0.729982 -0.679290 0.390183
v -0.781553 -0.694251 0.323730
v -0.812560 -0.696858 0.246488
v -0.822563 -0.688285 0.163618
v -0.810734 -0.668571 0.079850
v -0.778270 -0.638710 0.000000
v -0.732777 -0.604285 -0.072172
v -0.688020 -0.575706 -0.136856
v -0.656872 -0.563338 -0.199260
v -0.643065 -0.571232 -0.266366
v -0.639372 -0.594973 -0.341752
v -0.633643 -0.625419 -0.423387
v -0.616577 -0.654599 -0.506012
v -0.584534 -0.678418 -0.584534
v -0.536989 -0.694673 -0.654323
v -0.473841 -0.699949 -0.709153
v -0.396326 -0.689984 -0.741474
v -0.309558 -0.663859 -0.747340
v -0.222018 -0.627678 -0.731894
v -0.141013 -0.593193 -0.708919
v -0.068273 -0.571640 -0.693192
v -0.000000 -0.567816 -0.691886
v 0.069183 -0.579254 -0.702424
v 0.142719 -0.600371 -0.717497
v 0.221718 -0.626831 -0.730907
v 0.305839 -0.655883 -0.738361
v 0.392493 -0.683311 -0.734302
v 0.474981 -0.701634 -0.710859
v 0.543375 -0.702934 -0.662105
v 0.589793 -0.684523 -0.589793
v 0.614217 -0.652093 -0.504075
v 0.625064 -0.616952 -0.417655
v 0.633487 -0.589496 -0.338606
v 0.646784 -0.574536 -0.267907
v 0.666889 -0.571929 -0.202299
v 0.693752 -0.580502 -0.137996
v 0.727843 -0.600215 -0.071686
v 0.767751 -0.630077 -0.000000
v 0.672399 -0.672399 0.000000
v 0.719525 -0.723006 0.070867
v 0.765039 -0.780027 0.152176
v 0.766430 -0.800917 0.232494
v 0.712917 -0.771656 0.295300
v 0.634689 -0.719666 0.339248
v 0.570098 -0.685651 0.380927
v 0.528685 -0.683930 0.433880
v 0.489609 -0.692412 0.489609
v 0.432399 -0.681595 0.526880
v 0.361458 -0.650608 0.540961
v 0.297468 -0.631035 0.556524
v 0.250200 -0.653805 0.604037
v 0.207285 -0.714074 0.683326
v 0.150572 -0.771805 0.756975
v 0.077287 -0.788506 0.784709
v 0.000000 -0.762597 0.762597
v -0.071287 -0.727286 0.723784
v -0.139312 -0.714088 0.700367
v -0.209260 -0.720878 0.689837
v -0.274743 -0.717938 0.663288
v -0.322763 -0.684695 0.603847
v -0.353935 -0.637066 0.529701
v -0.390258 -0.615168 0.475531
v -0.454901 -0.643327 0.454901
v -0.544261 -0.704080 0.446664
v -0.626706 -0.753733 0.418752
v -0.673526 -0.763703 0.360007
v -0.688374 -0.745091 0.285134
v -0.700322 -0.731835 0.212440
v -0.727215 -0.741462 0.144652
v -0.752090 -0.755729 0.074074
v -0.741815 -0.741815 0.000000
v -0.687879 -0.691207 -0.067750
v -0.622000 -0.634186 -0.123724
v -0.586888 -0.613297 -0.178031
v -0.593646 -0.642558 -0.245896
v -0.612536 -0.694548 -0.327408
v -0.605778 -0.728563 -0.404768
v -0.564517 -0.730284 -0.463287
v -0.510391 -0.721802 -0.510391
v -0.464768 -0.732619 -0.566322
v -0.424237 -0.763606 -0.634915
v -0.369188 -0.783178 -0.690701
v -0.290996 -0.760408 -0.702526
v -0.203240 -0.700140 -0.669992
v -0.125328 -0.642408 -0.630065
v -0.061330 -0.625707 -0.622694
v -0.000000 -0.651616 -0.651616
v 0.067331 -0.686927 -0.683620
v 0.136588 -0.700126 -0.686673
v 0.201265 -0.693336 -0.663481
v 0.266453 -0.696276 -0.643275
v 0.343893 -0.729518 -0.643378
v 0.431760 -0.777148 -0.646175
v 0.506909 -0.799046 -0.617671
v 0.545099 -0.770887 -0.545099
v 0.548940 -0.710133 -0.450504
v 0.549169 -0.660480 -0.366943
v 0.573699 -0.650510 -0.306648
v 0.618189 -0.669123 -0.256062
v 0.652996 -0.682379 -0.198084
v 0.659825 -0.672752 -0.131247
v 0.655314 -0.658485 -0.064543
v 0.672399 -0.672399 -0.000000
v 0.590568 -0.719609 0.000000
v 0.632612 -0.774569 0.062307
v 0.679992 -0.844806 0.135259
v 0.682454 -0.868991 0.207020
v 0.627368 -0.827435 0.259864
v 0.551161 -0.761510 0.294602
v 0.498484 -0.730520 0.333077
v 0.476718 -0.751455 0.391232
v 0.455400 -0.784757 0.455400
v 0.406226 -0.780254 0.494988
v 0.334543 -0.733736 0.500679
v 0.268302 -0.693527 0.501957
v 0.222856 -0.709596 0.538021
v 0.185574 -0.778967 0.611755
v 0.135380 -0.845560 0.680600
v 0.068809 -0.855400 0.698628
v 0.000000 -0.809800 0.664585
v -0.061232 -0.761208 0.621699
v -0.121162 -0.756757 0.609121
v -0.188068 -0.789436 0.619976
v -0.253845 -0.808268 0.612836
v -0.300241 -0.776087 0.561712
v -0.325043 -0.712900 0.486461
v -0.353015 -0.678050 0.430150
v -0.411575 -0.709236 0.411575
v -0.496386 -0.782458 0.407374
v -0.569963 -0.835270 0.380837
v -0.600200 -0.829265 0.320814
v -0.596379 -0.786563 0.247028
v -0.598982 -0.762703 0.181699
v -0.632232 -0.785469 0.125759
v -0.673731 -0.824916 0.066357
v -0.678219 -0.826412 0.000000
v -0.630065 -0.771452 -0.062056
v -0.564415 -0.701215 -0.112269
v -0.531699 -0.677030 -0.161289
v -0.544838 -0.718586 -0.225679
v -0.567809 -0.784511 -0.303500
v -0.556473 -0.815501 -0.371824
v -0.504067 -0.794566 -0.413677
v -0.441767 -0.761264 -0.441767
v -0.398684 -0.765767 -0.485798
v -0.370357 -0.812284 -0.554278
v -0.329800 -0.852494 -0.617013
v -0.262688 -0.836425 -0.634185
v -0.182736 -0.767054 -0.602399
v -0.112148 -0.700461 -0.563807
v -0.055554 -0.690621 -0.564049
v -0.000000 -0.736221 -0.604201
v 0.063131 -0.784813 -0.640978
v 0.126366 -0.789264 -0.635286
v 0.180242 -0.756585 -0.594177
v 0.231699 -0.737753 -0.559370
v 0.297861 -0.769934 -0.557258
v 0.379857 -0.833121 -0.568496
v 0.451894 -0.867971 -0.550635
v 0.485592 -0.836785 -0.485592
v 0.484399 -0.763563 -0.397536
v 0.484995 -0.710751 -0.324063
v 0.518769 -0.716756 -0.277288
v 0.575827 -0.759458 -0.238515
v 0.615171 -0.783318 -0.186610
v 0.612175 -0.760552 -0.121769
v 0.588946 -0.721105 -0.058006
v 0.590568 -0.719609 -0.000000
v 0.523504 -0.783479 0.000000
v 0.547610 -0.823522 0.053935
v 0.576372 -0.879501 0.114648
v 0.574181 -0.897990 0.174176
v 0.532163 -0.862058 0.220429
v 0.476465 -0.808554 0.254676
v 0.438576 -0.789415 0.293047
v 0.422430 -0.817855 0.346679
v 0.404461 -0.856049 0.404461
v 0.363254 -0.856956 0.442626
v 0.302777 -0.815625 0.453137
v 0.244224 -0.775370 0.456911
v 0.199976 -0.782069 0.482784
v 0.161935 -0.834879 0.533828
v 0.115449 -0.885651 0.580402
v 0.058159 -0.888021 0.590500
v 0.000000 -0.844700 0.564410
v -0.052615 -0.803373 0.534212
v -0.105046 -0.805845 0.528103
v -0.163760 -0.844287 0.539843
v -0.222650 -0.870744 0.537525
v -0.267593 -0.849564 0.500632
v -0.295825 -0.796900 0.442734
v -0.324320 -0.765108 0.395185
v -0.372394 -0.788180 0.372394
v -0.436820 -0.845717 0.358489
v -0.490875 -0.883552 0.327992
v -0.512346 -0.869443 0.273855
v -0.509488 -0.825327 0.211037
v -0.513105 -0.802471 0.155649
v -0.541427 -0.826177 0.107696
v -0.577696 -0.868767 0.056898
v -0.587636 -0.879460 0.000000
v -0.558180 -0.839417 -0.054976
v -0.513418 -0.783438 -0.102125
v -0.489114 -0.764950 -0.148371
v -0.494397 -0.800881 -0.204786
v -0.503473 -0.854386 -0.269112
v -0.485304 -0.873524 -0.324270
v -0.436494 -0.845084 -0.358221
v -0.381234 -0.806890 -0.381234
v -0.341646 -0.805983 -0.416297
v -0.314540 -0.847314 -0.470742
v -0.279564 -0.887569 -0.523028
v -0.225239 -0.880870 -0.543776
v -0.160612 -0.828060 -0.529468
v -0.101324 -0.777288 -0.509388
v -0.050752 -0.774918 -0.515290
v -0.000000 -0.818240 -0.546730
v 0.056296 -0.859566 -0.571578
v 0.111727 -0.857094 -0.561688
v 0.158787 -0.818653 -0.523452
v 0.202565 -0.792195 -0.489035
v 0.256195 -0.813375 -0.479306
v 0.321491 -0.866039 -0.481145
v 0.380580 -0.897831 -0.463738
v 0.413301 -0.874759 -0.413301
v 0.422103 -0.817222 -0.346411
v 0.433004 -0.779387 -0.289324
v 0.467592 -0.793496 -0.249933
v 0.517072 -0.837612 -0.214178
v 0.550190 -0.860469 -0.166898
v 0.548364 -0.836762 -0.109076
v 0.528094 -0.794172 -0.052013
v 0.523504 -0.783479 -0.000000
v 0.461898 -0.864150 0.000000
v 0.463153 -0.870690 0.045617
v 0.464000 -0.885089 0.092295
v 0.454749 -0.889057 0.137946
v 0.433086 -0.877005 0.179390
v 0.406477 -0.862282 0.217266
v 0.383507 -0.862918 0.256251
v 0.364420 -0.881983 0.299072
v 0.341467 -0.903455 0.341467
v 0.307956 -0.908184 0.375246
v 0.265272 -0.893298 0.397008
v 0.220405 -0.874738 0.412349
v 0.178030 -0.870356 0.429803
v 0.136768 -0.881460 0.450863
v 0.093039 -0.892217 0.467737
v 0.046490 -0.887357 0.472018
v 0.000000 -0.869239 0.464618
v -0.044848 -0.856012 0.455345
v -0.089957 -0.862665 0.452244
v -0.137308 -0.884944 0.452645
v -0.184747 -0.903193 0.446018
v -0.227328 -0.902212 0.425300
v -0.263213 -0.886364 0.393926
v -0.296423 -0.874172 0.361193
v -0.331968 -0.878323 0.331968
v -0.368683 -0.892301 0.302570
v -0.398999 -0.897778 0.266603
v -0.417106 -0.884830 0.222948
v -0.426369 -0.863404 0.176608
v -0.436656 -0.853686 0.132458
v -0.453648 -0.865343 0.090236
v -0.472065 -0.887445 0.046494
v -0.480896 -0.899692 0.000000
v -0.475101 -0.893152 -0.046793
v -0.460678 -0.878753 -0.091635
v -0.447448 -0.874785 -0.135732
v -0.437941 -0.886837 -0.181401
v -0.424993 -0.901561 -0.227163
v -0.400398 -0.900924 -0.267537
v -0.364369 -0.881859 -0.299030
v -0.325189 -0.860387 -0.325189
v -0.290146 -0.855659 -0.353543
v -0.258516 -0.870545 -0.386896
v -0.224025 -0.889105 -0.419121
v -0.182761 -0.893486 -0.441225
v -0.136911 -0.882382 -0.451334
v -0.090891 -0.871625 -0.456941
v -0.045920 -0.876485 -0.466235
v -0.000000 -0.894603 -0.478176
v 0.047562 -0.907831 -0.482909
v 0.093973 -0.901178 -0.472434
v 0.136370 -0.878898 -0.449552
v 0.176045 -0.860650 -0.425009
v 0.217102 -0.861630 -0.406170
v 0.260575 -0.877479 -0.389978
v 0.301679 -0.889671 -0.367597
v 0.334688 -0.885520 -0.334688
v 0.360106 -0.871542 -0.295531
v 0.384905 -0.866065 -0.257185
v 0.414364 -0.879013 -0.221482
v 0.444658 -0.900439 -0.184183
v 0.465541 -0.910156 -0.141220
v 0.471030 -0.898500 -0.093694
v 0.466189 -0.876398 -0.045916
v 0.461898 -0.864150 -0.000000
v 0.392849 -0.948422 0.000000
v 0.376206 -0.912637 0.037053
v 0.354383 -0.872317 0.070491
v 0.339912 -0.857546 0.103111
v 0.336087 -0.878237 0.139212
v 0.334253 -0.914999 0.178662
v 0.323415 -0.939051 0.216099
v 0.301066 -0.940268 0.247078
v 0.273642 -0.934271 0.273642
v 0.247512 -0.941919 0.301594
v 0.221801 -0.963830 0.331949
v 0.190899 -0.977670 0.357147
v 0.152421 -0.961569 0.367977
v 0.110495 -0.918953 0.364253
v 0.070961 -0.878131 0.356745
v 0.035173 -0.866321 0.357114
v 0.000000 -0.884642 0.366431
v -0.036930 -0.909610 0.374959
v -0.074259 -0.918943 0.373325
v -0.109916 -0.914142 0.362345
v -0.145233 -0.916221 0.350623
v -0.183490 -0.939727 0.343286
v -0.224005 -0.973406 0.335247
v -0.259855 -0.988890 0.316634
v -0.283807 -0.968979 0.283807
v -0.296504 -0.926020 0.243334
v -0.306835 -0.890910 0.205020
v -0.322877 -0.883860 0.172582
v -0.343275 -0.897021 0.142189
v -0.359274 -0.906394 0.108985
v -0.365461 -0.899587 0.072695
v -0.366668 -0.889498 0.036114
v -0.372518 -0.899337 0.000000
v -0.385475 -0.935122 -0.037966
v -0.396278 -0.975442 -0.078825
v -0.392498 -0.990213 -0.119063
v -0.371020 -0.969522 -0.153682
v -0.340741 -0.932760 -0.182130
v -0.312964 -0.908708 -0.209116
v -0.290571 -0.907491 -0.238465
v -0.267555 -0.913488 -0.267555
v -0.238031 -0.905840 -0.290042
v -0.203414 -0.883929 -0.304430
v -0.169893 -0.870089 -0.317847
v -0.140472 -0.886190 -0.339130
v -0.111679 -0.928806 -0.368158
v -0.078355 -0.969628 -0.393916
v -0.039846 -0.981438 -0.404567
v -0.000000 -0.963117 -0.398936
v 0.038089 -0.938149 -0.386723
v 0.075057 -0.928816 -0.377336
v 0.112258 -0.933617 -0.370065
v 0.147661 -0.931538 -0.356484
v 0.177301 -0.908032 -0.331708
v 0.201210 -0.874353 -0.301132
v 0.225689 -0.858869 -0.275002
v 0.257389 -0.878780 -0.257389
v 0.295133 -0.921740 -0.242209
v 0.329545 -0.956849 -0.220195
v 0.352116 -0.963899 -0.188210
v 0.363832 -0.950738 -0.150704
v 0.373136 -0.941365 -0.113190
v 0.385199 -0.948172 -0.076621
v 0.395013 -0.958261 -0.038905
v 0.392849 -0.948422 -0.000000
v 0.308056 -1.015524 0.000000
v 0.284830 -0.943503 0.028053
v 0.255119 -0.857492 0.050746
v 0.240032 -0.826886 0.072813
v 0.245014 -0.874250 0.101488
v 0.255161 -0.953774 0.136387
v 0.251896 -0.998701 0.168312
v 0.231632 -0.987809 0.190095
v 0.206271 -0.961645 0.206271
v 0.187207 -0.972801 0.228112
v 0.172647 -1.024426 0.258384
v 0.152058 -1.063368 0.284481
v 0.120268 -1.036030 0.290353
v 0.083475 -0.947967 0.275180
v 0.051104 -0.863528 0.256915
v 0.025113 -0.844615 0.254977
v 0.000000 -0.891703 0.270495
v -0.028185 -0.947948 0.286172
v -0.056869 -0.960949 0.285900
v -0.082464 -0.936483 0.271847
v -0.107702 -0.927781 0.260016
v -0.139107 -0.972796 0.260250
v -0.176499 -1.047284 0.264150
v -0.208784 -1.084923 0.254404
v -0.224043 -1.044495 0.224043
v -0.223656 -0.953797 0.183550
v -0.222911 -0.883785 0.148945
v -0.235276 -0.879444 0.125758
v -0.257580 -0.919088 0.106693
v -0.273881 -0.943490 0.083081
v -0.274486 -0.922587 0.054599
v -0.268156 -0.888270 0.026411
v -0.272513 -0.898357 0.000000
v -0.292943 -0.970378 -0.028852
v -0.314295 -1.056388 -0.062517
v -0.315538 -1.086994 -0.095717
v -0.291363 -1.039631 -0.120686
v -0.256855 -0.960106 -0.137292
v -0.230830 -0.915179 -0.154236
v -0.217155 -0.926071 -0.178214
v -0.204253 -0.952235 -0.204253
v -0.181102 -0.941080 -0.220674
v -0.149900 -0.889455 -0.224341
v -0.121620 -0.850512 -0.227536
v -0.101906 -0.877851 -0.246023
v -0.085055 -0.965914 -0.280390
v -0.062160 -1.050353 -0.312499
v -0.031793 -1.069266 -0.322796
v -0.000000 -1.022178 -0.310074
v 0.028720 -0.965933 -0.291602
v 0.056394 -0.952931 -0.283514
v 0.086067 -0.977398 -0.283724
v 0.114472 -0.986099 -0.276360
v 0.134572 -0.941084 -0.251766
v 0.146048 -0.866596 -0.218576
v 0.159525 -0.828957 -0.194382
v 0.186482 -0.869385 -0.186482
v 0.225130 -0.960083 -0.184759
v 0.259814 -1.030096 -0.173602
v 0.276741 -1.034437 -0.147921
v 0.278796 -0.994793 -0.115481
v 0.281690 -0.970391 -0.085450
v 0.294928 -0.991294 -0.058665
v 0.309617 -1.025610 -0.030495
v 0.308056 -1.015524 -0.000000
v 0.208373 -1.047560 0.000000
v 0.189736 -0.958481 0.018687
v 0.166823 -0.855107 0.033183
v 0.155665 -0.817795 0.047220
v 0.160402 -0.872837 0.066441
v 0.169771 -0.967772 0.090745
v 0.169606 -1.025493 0.113327
v 0.156879 -1.020274 0.128747
v 0.140178 -0.996631 0.140178
v 0.127835 -1.013050 0.155768
v 0.118494 -1.072246 0.177338
v 0.104414 -1.113553 0.195345
v 0.081952 -1.076606 0.197849
v 0.055957 -0.969104 0.184466
v 0.033609 -0.866077 0.168963
v 0.016371 -0.839681 0.166219
v 0.000000 -0.891602 0.177351
v -0.018667 -0.957461 0.189534
v -0.037918 -0.977119 0.190626
v -0.055201 -0.956014 0.181975
v -0.072560 -0.953223 0.175175
v -0.094734 -1.010318 0.177235
v -0.121373 -1.098300 0.181647
v -0.143962 -1.140848 0.175418
v -0.153461 -1.091064 0.153461
v -0.150918 -0.981506 0.123855
v -0.147943 -0.894510 0.098852
v -0.154909 -0.883049 0.082801
v -0.169794 -0.923944 0.070331
v -0.180963 -0.950701 0.054895
v -0.181298 -0.929303 0.036062
v -0.177273 -0.895526 0.017460
v -0.181808 -0.914011 0.000000
v -0.198566 -1.003090 -0.019557
v -0.215860 -1.106464 -0.042937
v -0.217715 -1.143776 -0.066043
v -0.200078 -1.088733 -0.082875
v -0.174337 -0.993799 -0.093185
v -0.154818 -0.936078 -0.103446
v -0.144735 -0.941297 -0.118781
v -0.135721 -0.964940 -0.135721
v -0.119693 -0.948521 -0.145846
v -0.098279 -0.889324 -0.147085
v -0.079516 -0.848018 -0.148764
v -0.067364 -0.884965 -0.162631
v -0.057306 -0.992466 -0.188913
v -0.042512 -1.095494 -0.213720
v -0.021873 -1.121889 -0.222083
v -0.000000 -1.069969 -0.212830
v 0.019577 -1.004110 -0.198768
v 0.038203 -0.984452 -0.192057
v 0.058062 -1.005556 -0.191405
v 0.076756 -1.008348 -0.185305
v 0.089196 -0.951253 -0.166874
v 0.095400 -0.863270 -0.142776
v 0.103566 -0.820722 -0.126195
v 0.122439 -0.870506 -0.122439
v 0.150696 -0.980064 -0.123673
v 0.176481 -1.067061 -0.117921
v 0.189200 -1.078521 -0.101129
v 0.190686 -1.037626 -0.078985
v 0.192416 -1.010870 -0.058369
v 0.201385 -1.032268 -0.040058
v 0.211028 -1.066044 -0.020784
v 0.208373 -1.047560 -0.000000
v 0.102334 -1.039010 0.000000
v 0.093798 -0.956951 0.009238
v 0.084146 -0.871082 0.016738
v 0.079019 -0.838399 0.023970
v 0.079901 -0.878093 0.033096
v 0.082943 -0.954890 0.044334
v 0.083102 -1.014762 0.055527
v 0.078848 -1.035631 0.064709
v 0.072498 -1.040977 0.072498
v 0.066497 -1.064258 0.081027
v 0.060426 -1.104304 0.090434
v 0.052047 -1.121014 0.097373
v 0.040602 -1.077228 0.098021
v 0.028093 -0.982612 0.092612
v 0.017141 -0.892091 0.086175
v 0.008287 -0.858433 0.084141
v 0.000000 -0.886599 0.087322
v -0.009033 -0.935734 0.091718
v -0.018542 -0.964970 0.093215
v -0.027848 -0.974021 0.091802
v -0.037550 -0.996249 0.090653
v -0.048901 -1.053259 0.091488
v -0.061362 -1.121403 0.091835
v -0.071738 -1.148135 0.087413
v -0.076814 -1.102956 0.076814
v -0.076911 -1.010188 0.063119
v -0.076062 -0.928796 0.050823
v -0.078113 -0.899285 0.041752
v -0.082954 -0.911636 0.034360
v -0.087241 -0.925628 0.026464
v -0.088850 -0.919778 0.017673
v -0.089748 -0.915633 0.008839
v -0.093701 -0.951359 0.000000
v -0.101293 -1.033419 -0.009976
v -0.108122 -1.119288 -0.021507
v -0.108574 -1.151971 -0.032935
v -0.101211 -1.112276 -0.041923
v -0.089943 -1.035479 -0.048076
v -0.079895 -0.975607 -0.053384
v -0.072689 -0.954738 -0.059654
v -0.066119 -0.949392 -0.066119
v -0.057866 -0.926111 -0.070509
v -0.048485 -0.886066 -0.072562
v -0.040363 -0.869355 -0.075514
v -0.034417 -0.913141 -0.083091
v -0.028812 -1.007757 -0.094982
v -0.021103 -1.098278 -0.106092
v -0.010928 -1.131937 -0.110949
v -0.000000 -1.103771 -0.108712
v 0.010181 -1.054636 -0.103372
v 0.019703 -1.025399 -0.099052
v 0.029058 -1.016348 -0.095791
v 0.037469 -0.994120 -0.090459
v 0.043509 -0.937110 -0.081399
v 0.047549 -0.868966 -0.071162
v 0.052625 -0.842235 -0.064123
v 0.061803 -0.887414 -0.061803
v 0.074626 -0.980182 -0.061244
v 0.086935 -1.061574 -0.058088
v 0.094773 -1.091084 -0.050657
v 0.098158 -1.078734 -0.040659
v 0.100352 -1.064742 -0.030442
v 0.103418 -1.070591 -0.020571
v 0.105343 -1.074737 -0.010375
v 0.102334 -1.039010 -0.000000
v 0.000000 -1.000000 0.000000
v 0.000000 -0.943432 0.000000
v 0.000000 -0.900224 0.000000
v 0.000000 -0.880578 0.000000
v 0.000000 -0.889134 0.000000
v 0.000000 -0.923873 0.000000
v 0.000000 -0.976589 0.000000
v 0.000000 -1.034834 0.000000
v 0.000000 -1.084853 0.000000
v 0.000000 -1.114833 0.000000
v 0.000000 -1.117694 0.000000
v 0.000000 -1.092761 0.000000
v 0.000000 -1.045922 0.000000
v 0.000000 -0.988238 0.000000
v 0.000000 -0.933332 0.000000
v 0.000000 -0.894169 0.000000
v 0.000000 -0.880000 0.000000
v -0.000000 -0.894169 0.000000
v -0.000000 -0.933332 0.000000
v -0.000000 -0.988238 0.000000
v -0.000000 -1.045922 0.000000
v -0.000000 -1.092761 0.000000
v -0.000000 -1.117694 0.000000
v -0.000000 -1.114833 0.000000
v -0.000000 -1.084853 0.000000
v -0.000000 -1.034834 0.000000
v -0.000000 -0.976589 0.000000
v -0.000000 -0.923873 0.000000
v -0.000000 -0.889134 0.000000
v -0.000000 -0.880578 0.000000
v -0.000000 -0.900224 0.000000
v -0.000000 -0.943432 0.000000
v -0.000000 -1.000000 0.000000
v -0.000000 -1.056568 -0.000000
v -0.000000 -1.099776 -0.000000
v -0.000000 -1.119422 -0.000000
v -0.000000 -1.110866 -0.000000
v -0.000000 -1.076127 -0.000000
v -0.000000 -1.023411 -0.000000
v -0.000000 -0.965166 -0.000000
v -0.000000 -0.915147 -0.000000
v -0.000000 -0.885167 -0.000000
v -0.000000 -0.882306 -0.000000
v -0.000000 -0.907239 -0.000000
v -0.000000 -0.954078 -0.000000
v -0.000000 -1.011762 -0.000000
v -0.000000 -1.066668 -0.000000
v -0.000000 -1.105831 -0.000000
v -0.000000 -1.120000 -0.000000
v 0.000000 -1.105831 -0.000000
v 0.000000 -1.066668 -0.000000
v 0.000000 -1.011762 -0.000000
v 0.000000 -0.954078 -0.000000
v 0.000000 -0.907239 -0.000000
v 0.000000 -0.882306 -0.000000
v 0.000000 -0.885167 -0.000000
v 0.000000 -0.915147 -0.000000
v 0.000000 -0.965166 -0.000000
v 0.000000 -1.023411 -0.000000
v 0.000000 -1.076127 -0.000000
v 0.000000 -1.110866 -0.000000
v 0.000000 -1.119422 -0.000000
v 0.000000 -1.099776 -0.000000
v 0.000000 -1.056568 -0.000000
v 0.000000 -1.000000 -0.000000
f 1 2 67
f 1 67 66
f 2 3 68
f 2 68 67
f 3 4 69
f 3 69 68
f 4 5 70
f 4 70 69
f 5 6 71
f 5 71 70
f 6 7 72
f 6 72 71
f 7 8 73
f 7 73 72
f 8 9 74
f 8 74 73
f 9 10 75
f 9 75 74
f 10 11 76
f 10 76 75
f 11 12 77
f 11 77 76
f 12 13 78
f 12 78 77
f 13 14 79
f 13 79 78
f 14 15 80
f 14 80 79
f 15 16 81
f 15 81 80
f 16 17 82
f 16 82 81
f 17 18 83
f 17 83 82
f 18 19 84
f 18 84 83
f 19 20 85
f 19 85 84
f 20 21 86
f 20 86 85
f 21 22 87
f 21 87 86
f 22 23 88
f 22 88 87
f 23 24 89
f 23 89 88
f 24 25 90
f 24 90 89
f 25 26 91
f 25 91 90
f 26 27 92
f 26 92 91
f 27 28 93
f 27 93 92
f 28 29 94
f 28 94 93
f 29 30 95
f 29 95 94
f 30 31 96
f 30 96 95
f 31 32 97
f 31 97 96
f 32 33 98
f 32 98 97
f 33 34 99
f 33 99 98
f 34 35 100
f 34 100 99
f 35 36 101
f 35 101 100
f 36 37 102
f 36 102 101
f 37 38 103
f 37 103 102
f 38 39 104
f 38 104 103
f 39 40 105
f 39 105 104
f 40 41 106
f 40 106 105
f 41 42 107
f 41 107 106
f 42 43 108
f 42 108 107
f 43 44 109
f 43 109 108
f 44 45 110
f 44 110 109
f 45 46 111
f 45 111 110
f 46 47 112
f 46 112 111
f 47 48 113
f 47 113 112
f 48 49 114
f 48 114 113
f 49 50 115
f 49 115 114
f 50 51 116
f 50 116 115
f 51 52 117
f 51 117 116
f 52 53 118
f 52 118 117
f 53 54 119
f 53 119 118
f 54 55 120
f 54 120 119
f 55 56 121
f 55 121 120
f 56 57 122
f 56 122 121
f 57 58 123
f 57 123 122
f 58 59 124
f 58 124 123
f 59 60 125
f 59 125 124
f 60 61 126
f 60 126 125
f 61 62 127
f 61 127 126
f 62 63 128
f 62 128 127
f 63 64 129
f 63 129 128
f 64 65 130
f 64 130 129
f 66 67 132
f 66 132 131
f 67 68 133
f 67 133 132
f 68 69 134
f 68 134 133
f 69 70 135
f 69 135 134
f 70 71 136
f 70 136 135
f 71 72 137
f 71 137 136
f 72 73 138
f 72 138 137
f 73 74 139
f 73 139 138
f 74 75 140
f 74 140 139
f 75 76 141
f 75 141 140
f 76 77 142
f 76 142 141
f 77 78 143
f 77 143 142
f 78 79 144
f 78 144 143
f 79 80 145
f 79 145 144
f 80 81 146
f 80 146 145
f 81 82 147
f 81 147 146
f 82 83 148
f 82 148 147
f 83 84 149
f 83 149 148
f 84 85 150
f 84 150 149
f 85 86 151
f 85 151 150
f 86 87 152
f 86 152 151
f 87 88 153
f 87 153 152
f 88 89 154
f 88 154 153
f 89 90 155
f 89 155 154
f 90 91 156
f 90 156 155
f 91 92 157
f 91 157 156
f 92 93 158
f 92 158 157
f 93 94 159
f 93 159 158
f 94 95 160
f 94 160 159
f 95 96 161
f 95 161 160
f 96 97 162
f 96 162 161
f 97 98 163
f 97 163 162
f 98 99 164
f 98 164 163
f 99 100 165
f 99 165 164
f 100 101 166
f 100 166 165
f 101 102 167
f 101 167 166
f 102 103 168
f 102 168 167
f 103 104 169
f 103 169 168
f 104 105 170
f 104 170 169
f 105 106 171
f 105 171 170
f 106 107 172
f 106 172 171
f 107 108 173
f 107 173 172
f 108 109 174
f 108 174 173
f 109 110 175
f 109 175 174
f 110 111 176
f 110 176 175
f 111 112 177
f 111 177 176
f 112 113 178
f 112 178 177
f 113 114 179
f 113 179 178
f 114 115 180
f 114 180 179
f 115 116 181
f 115 181 180
f 116 117 182
f 116 182 181
f 117 118 183
f 117 183 182
f 118 119 184
f 118 184 183
f 119 120 185
f 119 185 184
f 120 121 186
f 120 186 185
f 121 122 187
f 121 187 186
f 122 123 188
f 122 188 187
f 123 124 189
f 123 189 188
f 124 125 190
f 124 190 189
f 125 126 191
f 125 191 190
f 126 127 192
f 126 192 191
f 127 128 193
f 127 193 192
f 128 129 194
f 128 194 193
f 129 130 195
f 129 195 194
f 131 132 197
f 131 197 196
f 132 133 198
f 132 198 197
f 133 134 199
f 133 199 198
f 134 135 200
f 134 200 199
f 135 136 201
f 135 201 200
f 136 137 202
f 136 202 201
f 137 138 203
f 137 203 202
f 138 139 204
f 138 204 203
f 139 140 205
f 139 205 204
f 140 141 206
f 140 206 205
f 141 142 207
f 141 207 206
f 142 143 208
f 142 208 207
f 143 144 209
f 143 209 208
f 144 145 210
f 144 210 209
f 145 146 211
f 145 211 210
f 146 147 212
f 146 212 211
f 147 148 213
f 147 213 212
f 148 149 214
f 148 214 213
f 149 150 215
f 149 215 214
f 150 151 216
f 150 216 215
f 151 152 217
f 151 217 216
f 152 153 218
f 152 218 217
f 153 154 219
f 153 219 218
f 154 155 220
f 154 220 219
f 155 156 221
f 155 221 220
f 156 157 222
f 156 222 221
f 157 158 223
f 157 223 222
f 158 159 224
f 158 224 223
f 159 160 225
f 159 225 224
f 160 161 226
f 160 226 225
f 161 162 227
f 161 227 226
f 162 163 228
f 162 228 227
f 163 164 229
f 163 229 228
f 164 165 230
f 164 230 229
f 165 166 231
f 165 231 230
f 166 167 232
f 166 232 231
f 167 168 233
f 167 233 232
f 168 169 234
f 168 234 233
f 169 170 235
f 169 235 234
f 170 171 236
f 170 236 235
f 171 172 237
f 171 237 236
f 172 173 238
f 172 238 237
f 173 174 239
f 173 239 238
f 174 175 240
f 174 240 239
f 175 176 241
f 175 241 240
f 176 177 242
f 176 242 241
f 177 178 243
f 177 243 242
f 178 179 244
f 178 244 243
f 179 180 245
f 179 245 244
f 180 181 246
f 180 246 245
f 181 182 247
f 181 247 246
f 182 183 248
f 182 248 247
f 183 184 249
f 183 249 248
f 184 185 250
f 184 250 249
f 185 186 251
f 185 251 250
f 186 187 252
f 186 252 251
f 187 188 253
f 187 253 252
f 188 189 254
f 188 254 253
f 189 190 255
f 189 255 254
f 190 191 256
f 190 256 255
f 191 192 257
f 191 257 256
f 192 193 258
f 192 258 257
f 193 194 259
f 193 259 258
f 194 195 260
f 194 260 259
f 196 197 262
f 196 262 261
f 197 198 263
f 197 263 262
f 198 199 264
f 198 264 263
f 199 200 265
f 199 265 264
f 200 201 266
f 200 266 265
f 201 202 267
f 201 267 266
f 202 203 268
f 202 268 267
f 203 204 269
f 203 269 268
f 204 205 270
f 204 270 269
f 205 206 271
f 205 271 270
f 206 207 272
f 206 272 271
f 207 208 273
f 207 273 272
f 208 209 274
f 208 274 273
f 209 210 275
f 209 275 274
f 210 211 276
f 210 276 275
f 211 212 277
f 211 277 276
f 212 213 278
f 212 278 277
f 213 214 279
f 213 279 278
f 214 215 280
f 214 280 279
f 215 216 281
f 215 281 280
f 216 217 282
f 216 282 281
f 217 218 283
f 217 283 282
f 218 219 284
f 218 284 283
f 219 220 285
f 219 285 284
f 220 221 286
f 220 286 285
f 221 222 287
f 221 287 286
f 222 223 288
f 222 288 287
f 223 224 289
f 223 289 288
f 224 225 290
f 224 290 289
f 225 226 291
f 225 291 290
f 226 227 292
f 226 292 291
f 227 228 293
f 227 293 292
f 228 229 294
f 228 294 293
f 229 230 295
f 229 295 294
f 230 231 296
f 230 296 295
f 231 232 297
f 231 297 296
f 232 233 298
f 232 298 297
f 233 234 299
f 233 299 298
f 234 235 300
f 234 300 299
f 235 236 301
f 235 301 300
f 236 237 302
f 236 302 301
f 237 238 303
f 237 303 302
f 238 239 304
f 238 304 303
f 239 240 305
f 239 305 304
f 240 241 306
f 240 306 305
f 241 242 307
f 241 307 306
f 242 243 308
f 242 308 307
f 243 244 309
f 243 309 308
f 244 245 310
f 244 310 309
f 245 246 311
f 245 311 310
f 246 247 312
f 246 312 311
f 247 248 313
f 247 313 312
f 248 249 314
f 248 314 313
f 249 250 315
f 249 315 314
f 250 251 316
f 250 316 315
f 251 252 317
f 251 317 316
f 252 253 318
f 252 318 317
f 253 254 319
f 253 319 318
f 254 255 320
f 254 320 319
f 255 256 321
f 255 321 320
f 256 257 322
f 256 322 321
f 257 258 323
f 257 323 322
f 258 259 324
f 258 324 323
f 259 260 325
f 259 325 324
f 261 262 327
f 261 327 326
f 262 263 328
f 262 328 327
f 263 264 329
f 263 329 328
f 264 265 330
f 264 330 329
f 265 266 331
f 265 331 330
f 266 267 332
f 266 332 331
f 267 268 333
f 267 333 332
f 268 269 334
f 268 334 333
f 269 270 335
f 269 335 334
f 270 271 336
f 270 336 335
f 271 272 337
f 271 337 336
f 272 273 338
f 272 338 337
f 273 274 339
f 273 339 338
f 274 275 340
f 274 340 339
f 275 276 341
f 275 341 340
f 276 277 342
f 276 342 341
f 277 278 343
f 277 343 342
f 278 279 344
f 278 344 343
f 279 280 345
f 279 345 344
f 280 281 346
f 280 346 345
f 281 282 347
f 281 347 346
f 282 283 348
f 282 348 347
f 283 284 349
f 283 349 348
f 284 285 350
f 284 350 349
f 285 286 351
f 285 351 350
f 286 287 352
f 286 352 351
f 287 288 353
f 287 353 352
f 288 289 354
f 288 354 353
f 289 290 355
f 289 355 354
f 290 291 356
f 290 356 355
f 291 292 357
f 291 357 356
f 292 293 358
f 292 358 357
f 293 294 359
f 293 359 358
f 294 295 360
f 294 360 359
f 295 296 361
f 295 361 360
f 296 297 362
f 296 362 361
f 297 298 363
f 297 363 362
f 298 299 364
f 298 364 363
f 299 300 365
f 299 365 364
f 300 301 366
f 300 366 365
f 301 302 367
f 301 367 366
f 302 303 368
f 302 368 367
f 303 304 369
f 303 369 368
f 304 305 370
f 304 370 369
f 305 306 371
f 305 371 370
f 306 307 372
f 306 372 371
f 307 308 373
f 307 373 372
f 308 309 374
f 308 374 373
f 309 310 375
f 309 375 374
f 310 311 376
f 310 376 375
f 311 312 377
f 311 377 376
f 312 313 378
f 312 378 377
f 313 314 379
f 313 379 378
f 314 315 380
f 314 380 379
f 315 316 381
f 315 381 380
f 316 317 382
f 316 382 381
f 317 318 383
f 317 383 382
f 318 319 384
f 318 384 383
f 319 320 385
f 319 385 384
f 320 321 386
f 320 386 385
f 321 322 387
f 321 387 386
f 322 323 388
f 322 388 387
f 323 324 389
f 323 389 388
f 324 325 390
f 324 390 389
f 326 327 392
f 326 392 391
f 327 328 393
f 327 393 392
f 328 329 394
f 328 394 393
f 329 330 395
f 329 395 394
f 330 331 396
f 330 396 395
f 331 332 397
f 331 397 396
f 332 333 398
f 332 398 397
f 333 334 399
f 333 399 398
f 334 335 400
f 334 400 399
f 335 336 401
f 335 401 400
f 336 337 402
f 336 402 401
f 337 338 403
f 337 403 402
f 338 339 404
f 338 404 403
f 339 340 405
f 339 405 404
f 340 341 406
f 340 406 405
f 341 342 407
f 341 407 406
f 342 343 408
f 342 408 407
f 343 344 409
f 343 409 408
f 344 345 410
f 344 410 409
f 345 346 411
f 345 411 410
f 346 347 412
f 346 412 411
f 347 348 413
f 347 413 412
f 348 349 414
f 348 414 413
f 349 350 415
f 349 415 414
f 350 351 416
f 350 416 415
f 351 352 417
f 351 417 416
f 352 353 418
f 352 418 417
f 353 354 419
f 353 419 418
f 354 355 420
f 354 420 419
f 355 356 421
f 355 421 420
f 356 357 422
f 356 422 421
f 357 358 423
f 357 423 422
f 358 359 424
f 358 424 423
f 359 360 425
f 359 425 424
f 360 361 426
f 360 426 425
f 361 362 427
f 361 427 426
f 362 363 428
f 362 428 427
f 363 364 429
f 363 429 428
f 364 365 430
f 364 430 429
f 365 366 431
f 365 431 430
f 366 367 432
f 366 432 431
f 367 368 433
f 367 433 432
f 368 369 434
f 368 434 433
f 369 370 435
f 369 435 434
f 370 371 436
f 370 436 435
f 371 372 437
f 371 437 436
f 372 373 438
f 372 438 437
f 373 374 439
f 373 439 438
f 374 375 440
f 374 440 439
f 375 376 441
f 375 441 440
f 376 377 442
f 376 442 441
f 377 378 443
f 377 443 442
f 378 379 444
f 378 444 443
f 379 380 445
f 379 445 444
f 380 381 446
f 380 446 445
f 381 382 447
f 381 447 446
f 382 383 448
f 382 448 447
f 383 384 449
f 383 449 448
f 384 385 450
f 384 450 449
f 385 386 451
f 385 451 450
f 386 387 452
f 386 452 451
f 387 388 453
f 387 453 452
f 388 389 454
f 388 454 453
f 389 390 455
f 389 455 454
f 391 392 457
f 391 457 456
f 392 393 458
f 392 458 457
f 393 394 459
f 393 459 458
f 394 395 460
f 394 460 459
f 395 396 461
f 395 461 460
f 396 397 462
f 396 462 461
f 397 398 463
f 397 463 462
f 398 399 464
f 398 464 463
f 399 400 465
f 399 465 464
f 400 401 466
f 400 466 465
f 401 402 467
f 401 467 466
f 402 403 468
f 402 468 467
f 403 404 469
f 403 469 468
f 404 405 470
f 404 470 469
f 405 406 471
f 405 471 470
f 406 407 472
f 406 472 471
f 407 408 473
f 407 473 472
f 408 409 474
f 408 474 473
f 409 410 475
f 409 475 474
f 410 411 476
f 410 476 475
f 411 412 477
f 411 477 476
f 412 413 478
f 412 478 477
f 413 414 479
f 413 479 478
f 414 415 480
f 414 480 479
f 415 416 481
f 415 481 480
f 416 417 482
f 416 482 481
f 417 418 483
f 417 483 482
f 418 419 484
f 418 484 483
f 419 420 485
f 419 485 484
f 420 421 486
f 420 486 485
f 421 422 487
f 421 487 486
f 422 423 488
f 422 488 487
f 423 424 489
f 423 489 488
f 424 425 490
f 424 490 489
f 425 426 491
f 425 491 490
f 426 427 492
f 426 492 491
f 427 428 493
f 427 493 492
f 428 429 494
f 428 494 493
f 429 430 495
f 429 495 494
f 430 431 496
f 430 496 495
f 431 432 497
f 431 497 496
f 432 433 498
f 432 498 497
f 433 434 499
f 433 499 498
f 434 435 500
f 434 500 499
f 435 436 501
f 435 501 500
f 436 437 502
f 436 502 501
f 437 438 503
f 437 503 502
f 438 439 504
f 438 504 503
f 439 440 505
f 439 505 504
f 440 441 506
f 440 506 505
f 441 442 507
f 441 507 506
f 442 443 508
f 442 508 507
f 443 444 509
f 443 509 508
f 444 445 510
f 444 510 509
f 445 446 511
f 445 511 510
f 446 447 512
f 446 512 511
f 447 448 513
f 447 513 512
f 448 449 514
f 448 514 513
f 449 450 515
f 449 515 514
f 450 451 516
f 450 516 515
f 451 452 517
f 451 517 516
f 452 453 518
f 452 518 517
f 453 454 519
f 453 519 518
f 454 455 520
f 454 520 519
f 456 457 522
f 456 522 521
f 457 458 523
f 457 523 522
f 458 459 524
f 458 524 523
f 459 460 525
f 459 525 524
f 460 461 526
f 460 526 525
f 461 462 527
f 461 527 526
f 462 463 528
f 462 528 527
f 463 464 529
f 463 529 528
f 464 465 530
f 464 530 529
f 465 466 531
f 465 531 530
f 466 467 532
f 466 532 531
f 467 468 533
f 467 533 532
f 468 469 534
f 468 534 533
f 469 470 535
f 469 535 534
f 470 471 536
f 470 536 535
f 471 472 537
f 471 537 536
f 472 473 538
f 472 538 537
f 473 474 539
f 473 539 538
f 474 475 540
f 474 540 539
f 475 476 541
f 475 541 540
f 476 477 542
f 476 542 541
f 477 478 543
f 477 543 542
f 478 479 544
f 478 544 543
f 479 480 545
f 479 545 544
f 480 481 546
f 480 546 545
f 481 482 547
f 481 547 546
f 482 483 548
f 482 548 547
f 483 484 549
f 483 549 548
f 484 485 550
f 484 550 549
f 485 486 551
f 485 551 550
f 486 487 552
f 486 552 551
f 487 488 553
f 487 553 552
f 488 489 554
f 488 554 553
f 489 490 555
f 489 555 554
f 490 491 556
f 490 556 555
f 491 492 557
f 491 557 556
f 492 493 558
f 492 558 557
f 493 494 559
f 493 559 558
f 494 495 560
f 494 560 559
f 495 496 561
f 495 561 560
f 496 497 562
f 496 562 561
f 497 498 563
f 497 563 562
f 498 499 564
f 498 564 563
f 499 500 565
f 499 565 564
f 500 501 566
f 500 566 565
f 501 502 567
f 501 567 566
f 502 503 568
f 502 568 567
f 503 504 569
f 503 569 568
f 504 505 570
f 504 570 569
f 505 506 571
f 505 571 570
f 506 507 572
f 506 572 571
f 507 508 573
f 507 573 572
f 508 509 574
f 508 574 573
f 509 510 575
f 509 575 574
f 510 511 576
f 510 576 575
f 511 512 577
f 511 577 576
f 512 513 578
f 512 578 577
f 513 514 579
f 513 579 578
f 514 515 580
f 514 580 579
f 515 516 581
f 515 581 580
f 516 517 582
f 516 582 581
f 517 518 583
f 517 583 582
f 518 519 584
f 518 584 583
f 519 520 585
f 519 585 584
f 521 522 587
f 521 587 586
f 522 523 588
f 522 588 587
f 523 524 589
f 523 589 588
f 524 525 590
f 524 590 589
f 525 526 591
f 525 591 590
f 526 527 592
f 526 592 591
f 527 528 593
f 527 593 592
f 528 529 594
f 528 594 593
f 529 530 595
f 529 595 594
f 530 531 596
f 530 596 595
f 531 532 597
f 531 597 596
f 532 533 598
f 532 598 597
f 533 534 599
f 533 599 598
f 534 535 600
f 534 600 599
f 535 536 601
f 535 601 600
f 536 537 602
f 536 602 601
f 537 538 603
f 537 603 602
f 538 539 604
f 538 604 603
f 539 540 605
f 539 605 604
f 540 541 606
f 540 606 605
f 541 542 607
f 541 607 606
f 542 543 608
f 542 608 607
f 543 544 609
f 543 609 608
f 544 545 610
f 544 610 609
f 545 546 611
f 545 611 610
f 546 547 612
f 546 612 611
f 547 548 613
f 547 613 612
f 548 549 614
f 548 614 613
f 549 550 615
f 549 615 614
f 550 551 616
f 550 616 615
f 551 552 617
f 551 617 616
f 552 553 618
f 552 618 617
f 553 554 619
f 553 619 618
f 554 555 620
f 554 620 619
f 555 556 621
f 555 621 620
f 556 557 622
f 556 622 621
f 557 558 623
f 557 623 622
f 558 559 624
f 558 624 623
f 559 560 625
f 559 625 624
f 560 561 626
f 560 626 625
f 561 562 627
f 561 627 626
f 562 563 628
f 562 628 627
f 563 564 629
f 563 629 628
f 564 565 630
f 564 630 629
f 565 566 631
f 565 631 630
f 566 567 632
f 566 632 631
f 567 568 633
f 567 633 632
f 568 569 634
f 568 634 633
f 569 570 635
f 569 635 634
f 570 571 636
f 570 636 635
f 571 572 637
f 571 637 636
f 572 573 638
f 572 638 637
f 573 574 639
f 573 639 638
f 574 575 640
f 574 640 639
f 575 576 641
f 575 641 640
f 576 577 642
f 576 642 641
f 577 578 643
f 577 643 642
f 578 579 644
f 578 644 643
f 579 580 645
f 579 645 644
f 580 581 646
f 580 646 645
f 581 582 647
f 581 647 646
f 582 583 648
f 582 648 647
f 583 584 649
f 583 649 648
f 584 585 650
f 584 650 649
f 586 587 652
f 586 652 651
f 587 588 653
f 587 653 652
f 588 589 654
f 588 654 653
f 589 590 655
f 589 655 654
f 590 591 656
f 590 656 655
f 591 592 657
f 591 657 656
f 592 593 658
f 592 658 657
f 593 594 659
f 593 659 658
f 594 595 660
f 594 660 659
f 595 596 661
f 595 661 660
f 596 597 662
f 596 662 661
f 597 598 663
f 597 663 662
f 598 599 664
f 598 664 663
f 599 600 665
f 599 665 664
f 600 601 666
f 600 666 665
f 601 602 667
f 601 667 666
f 602 603 668
f 602 668 667
f 603 604 669
f 603 669 668
f 604 605 670
f 604 670 669
f 605 606 671
f 605 671 670
f 606 607 672
f 606 672 671
f 607 608 673
f 607 673 672
f 608 609 674
f 608 674 673
f 609 610 675
f 609 675 674
f 610 611 676
f 610 676 675
f 611 612 677
f 611 677 676
f 612 613 678
f 612 678 677
f 613 614 679
f 613 679 678
f 614 615 680
f 614 680 679
f 615 616 681
f 615 681 680
f 616 617 682
f 616 682 681
f 617 618 683
f 617 683 682
f 618 619 684
f 618 684 683
f 619 620 685
f 619 685 684
f 620 621 686
f 620 686 685
f 621 622 687
f 621 687 686
f 622 623 688
f 622 688 687
f 623 624 689
f 623 689 688
f 624 625 690
f 624 690 689
f 625 626 691
f 625 691 690
f 626 627 692
f 626 692 691
f 627 628 693
f 627 693 692
f 628 629 694
f 628 694 693
f 629 630 695
f 629 695 694
f 630 631 696
f 630 696 695
f 631 632 697
f 631 697 696
f 632 633 698
f 632 698 697
f 633 634 699
f 633 699 698
f 634 635 700
f 634 700 699
f 635 636 701
f 635 701 700
f 636 637 702
f 636 702 701
f 637 638 703
f 637 703 702
f 638 639 704
f 638 704 703
f 639 640 705
f 639 705 704
f 640 641 706
f 640 706 705
f 641 642 707
f 641 707 706
f 642 643 708
f 642 708 707
f 643 644 709
f 643 709 708
f 644 645 710
f 644 710 709
f 645 646 711
f 645 711 710
f 646 647 712
f 646 712 711
f 647 648 713
f 647 713 712
f 648 649 714
f 648 714 713
f 649 650 715
f 649 715 714
f 651 652 717
f 651 717 716
f 652 653 718
f 652 718 717
f 653 654 719
f 653 719 718
f 654 655 720
f 654 720 719
f 655 656 721
f 655 721 720
f 656 657 722
f 656 722 721
f 657 658 723
f 657 723 722
f 658 659 724
f 658 724 723
f 659 660 725
f 659 725 724
f 660 661 726
f 660 726 725
f 661 662 727
f 661 727 726
f 662 663 728
f 662 728 727
f 663 664 729
f 663 729 728
f 664 665 730
f 664 730 729
f 665 666 731
f 665 731 730
f 666 667 732
f 666 732 731
f 667 668 733
f 667 733 732
f 668 669 734
f 668 734 733
f 669 670 735
f 669 735 734
f 670 671 736
f 670 736 735
f 671 672 737
f 671 737 736
f 672 673 738
f 672 738 737
f 673 674 739
f 673 739 738
f 674 675 740
f 674 740 739
f 675 676 741
f 675 741 740
f 676 677 742
f 676 742 741
f 677 678 743
f 677 743 742
f 678 679 744
f 678 744 743
f 679 680 745
f 679 745 744
f 680 681 746
f 680 746 745
f 681 682 747
f 681 747 746
f 682 683 748
f 682 748 747
f 683 684 749
f 683 749 748
f 684 685 750
f 684 750 749
f 685 686 751
f 685 751 750
f 686 687 752
f 686 752 751
f 687 688 753
f 687 753 752
f 688 689 754
f 688 754 753
f 689 690 755
f 689 755 754
f 690 691 756
f 690 756 755
f 691 692 757
f 691 757 756
f 692 693 758
f 692 758 757
f 693 694 759
f 693 759 758
f 694 695 760
f 694 760 759
f 695 696 761
f 695 761 760
f 696 697 762
f 696 762 761
f 697 698 763
f 697 763 762
f 698 699 764
f 698 764 763
f 699 700 765
f 699 765 764
f 700 701 766
f 700 766 765
f 701 702 767
f 701 767 766
f 702 703 768
f 702 768 767
f 703 704 769
f 703 769 768
f 704 705 770
f 704 770 769
f 705 706 771
f 705 771 770
f 706 707 772
f 706 772 771
f 707 708 773
f 707 773 772
f 708 709 774
f 708 774 773
f 709 710 775
f 709 775 774
f 710 711 776
f 710 776 775
f 711 712 777
f 711 777 776
f 712 713 778
f 712 778 777
f 713 714 779
f 713 779 778
f 714 715 780
f 714 780 779
f 716 717 782
f 716 782 781
f 717 718 783
f 717 783 782
f 718 719 784
f 718 784 783
f 719 720 785
f 719 785 784
f 720 721 786
f 720 786 785
f 721 722 787
f 721 787 786
f 722 723 788
f 722 788 787
f 723 724 789
f 723 789 788
f 724 725 790
f 724 790 789
f 725 726 791
f 725 791 790
f 726 727 792
f 726 792 791
f 727 728 793
f 727 793 792
f 728 729 794
f 728 794 793
f 729 730 795
f 729 795 794
f 730 731 796
f 730 796 795
f 731 732 797
f 731 797 796
f 732 733 798
f 732 798 797
f 733 734 799
f 733 799 798
f 734 735 800
f 734 800 799
f 735 736 801
f 735 801 800
f 736 737 802
f 736 802 801
f 737 738 803
f 737 803 802
f 738 739 804
f 738 804 803
f 739 740 805
f 739 805 804
f 740 741 806
f 740 806 805
f 741 742 807
f 741 807 806
f 742 743 808
f 742 808 807
f 743 744 809
f 743 809 808
f 744 745 810
f 744 810 809
f 745 746 811
f 745 811 810
f 746 747 812
f 746 812 811
f 747 748 813
f 747 813 812
f 748 749 814
f 748 814 813
f 749 750 815
f 749 815 814
f 750 751 816
f 750 816 815
f 751 752 817
f 751 817 816
f 752 753 818
f 752 818 817
f 753 754 819
f 753 819 818
f 754 755 820
f 754 820 819
f 755 756 821
f 755 821 820
f 756 757 822
f 756 822 821
f 757 758 823
f 757 823 822
f 758 759 824
f 758 824 823
f 759 760 825
f 759 825 824
f 760 761 826
f 760 826 825
f 761 762 827
f 761 827 826
f 762 763 828
f 762 828 827
f 763 764 829
f 763 829 828
f 764 765 830
f 764 830 829
f 765 766 831
f 765 831 830
f 766 767 832
f 766 832 831
f 767 768 833
f 767 833 832
f 768 769 834
f 768 834 833
f 769 770 835
f 769 835 834
f 770 771 836
f 770 836 835
f 771 772 837
f 771 837 836
f 772 773 838
f 772 838 837
f 773 774 839
f 773 839 838
f 774 775 840
f 774 840 839
f 775 776 841
f 775 841 840
f 776 777 842
f 776 842 841
f 777 778 843
f 777 843 842
f 778 779 844
f 778 844 843
f 779 780 845
f 779 845 844
f 781 782 847
f 781 847 846
f 782 783 848
f 782 848 847
f 783 784 849
f 783 849 848
f 784 785 850
f 784 850 849
f 785 786 851
f 785 851 850
f 786 787 852
f 786 852 851
f 787 788 853
f 787 853 852
f 788 789 854
f 788 854 853
f 789 790 855
f 789 855 854
f 790 791 856
f 790 856 855
f 791 792 857
f 791 857 856
f 792 793 858
f 792 858 857
f 793 794 859
f 793 859 858
f 794 795 860
f 794 860 859
f 795 796 861
f 795 861 860
f 796 797 862
f 796 862 861
f 797 798 863
f 797 863 862
f 798 799 864
f 798 864 863
f 799 800 865
f 799 865 864
f 800 801 866
f 800 866 865
f 801 802 867
f 801 867 866
f 802 803 868
f 802 868 867
f 803 804 869
f 803 869 868
f 804 805 870
f 804 870 869
f 805 806 871
f 805 871 870
f 806 807 872
f 806 872 871
f 807 808 873
f 807 873 872
f 808 809 874
f 808 874 873
f 809 810 875
f 809 875 874
f 810 811 876
f 810 876 875
f 811 812 877
f 811 877 876
f 812 813 878
f 812 878 877
f 813 814 879
f 813 879 878
f 814 815 880
f 814 880 879
f 815 816 881
f 815 881 880
f 816 817 882
f 816 882 881
f 817 818 883
f 817 883 882
f 818 819 884
f 818 884 883
f 819 820 885
f 819 885 884
f 820 821 886
f 820 886 885
f 821 822 887
f 821 887 886
f 822 823 888
f 822 888 887
f 823 824 889
f 823 889 888
f 824 825 890
f 824 890 889
f 825 826 891
f 825 891 890
f 826 827 892
f 826 892 891
f 827 828 893
f 827 893 892
f 828 829 894
f 828 894 893
f 829 830 895
f 829 895 894
f 830 831 896
f 830 896 895
f 831 832 897
f 831 897 896
f 832 833 898
f 832 898 897
f 833 834 899
f 833 899 898
f 834 835 900
f 834 900 899
f 835 836 901
f 835 901 900
f 836 837 902
f 836 902 901
f 837 838 903
f 837 903 902
f 838 839 904
f 838 904 903
f 839 840 905
f 839 905 904
f 840 841 906
f 840 906 905
f 841 842 907
f 841 907 906
f 842 843 908
f 842 908 907
f 843 844 909
f 843 909 908
f 844 845 910
f 844 910 909
f 846 847 912
f 846 912 911
f 847 848 913
f 847 913 912
f 848 849 914
f 848 914 913
f 849 850 915
f 849 915 914
f 850 851 916
f 850 916 915
f 851 852 917
f 851 917 916
f 852 853 918
f 852 918 917
f 853 854 919
f 853 919 918
f 854 855 920
f 854 920 919
f 855 856 921
f 855 921 920
f 856 857 922
f 856 922 921
f 857 858 923
f 857 923 922
f 858 859 924
f 858 924 923
f 859 860 925
f 859 925 924
f 860 861 926
f 860 926 925
f 861 862 927
f 861 927 926
f 862 863 928
f 862 928 927
f 863 864 929
f 863 929 928
f 864 865 930
f 864 930 929
f 865 866 931
f 865 931 930
f 866 867 932
f 866 932 931
f 867 868 933
f 867 933 932
f 868 869 934
f 868 934 933
f 869 870 935
f 869 935 934
f 870 871 936
f 870 936 935
f 871 872 937
f 871 937 936
f 872 873 938
f 872 938 937
f 873 874 939
f 873 939 938
f 874 875 940
f 874 940 939
f 875 876 941
f 875 941 940
f 876 877 942
f 876 942 941
f 877 878 943
f 877 943 942
f 878 879 944
f 878 944 943
f 879 880 945
f 879 945 944
f 880 881 946
f 880 946 945
f 881 882 947
f 881 947 946
f 882 883 948
f 882 948 947
f 883 884 949
f 883 949 948
f 884 885 950
f 884 950 949
f 885 886 951
f 885 951 950
f 886 887 952
f 886 952 951
f 887 888 953
f 887 953 952
f 888 889 954
f 888 954 953
f 889 890 955
f 889 955 954
f 890 891 956
f 890 956 955
f 891 892 957
f 891 957 956
f 892 893 958
f 892 958 957
f 893 894 959
f 893 959 958
f 894 895 960
f 894 960 959
f 895 896 961
f 895 961 960
f 896 897 962
f 896 962 961
f 897 898 963
f 897 963 962
f 898 899 964
f 898 964 963
f 899 900 965
f 899 965 964
f 900 901 966
f 900 966 965
f 901 902 967
f 901 967 966
f 902 903 968
f 902 968 967
f 903 904 969
f 903 969 968
f 904 905 970
f 904 970 969
f 905 906 971
f 905 971 970
f 906 907 972
f 906 972 971
f 907 908 973
f 907 973 972
f 908 909 974
f 908 974 973
f 909 910 975
f 909 975 974
f 911 912 977
f 911 977 976
f 912 913 978
f 912 978 977
f 913 914 979
f 913 979 978
f 914 915 980
f 914 980 979
f 915 916 981
f 915 981 980
f 916 917 982
f 916 982 981
f 917 918 983
f 917 983 982
f 918 919 984
f 918 984 983
f 919 920 985
f 919 985 984
f 920 921 986
f 920 986 985
f 921 922 987
f 921 987 986
f 922 923 988
f 922 988 987
f 923 924 989
f 923 989 988
f 924 925 990
f 924 990 989
f 925 926 991
f 925 991 990
f 926 927 992
f 926 992 991
f 927 928 993
f 927 993 992
f 928 929 994
f 928 994 993
f 929 930 995
f 929 995 994
f 930 931 996
f 930 996 995
f 931 932 997
f 931 997 996
f 932 933 998
f 932 998 997
f 933 934 999
f 933 999 998
f 934 935 1000
f 934 1000 999
f 935 936 1001
f 935 1001 1000
f 936 937 1002
f 936 1002 1001
f 937 938 1003
f 937 1003 1002
f 938 939 1004
f 938 1004 1003
f 939 940 1005
f 939 1005 1004
f 940 941 1006
f 940 1006 1005
f 941 942 1007
f 941 1007 1006
f 942 943 1008
f 942 1008 1007
f 943 944 1009
f 943 1009 1008
f 944 945 1010
f 944 1010 1009
f 945 946 1011
f 945 1011 1010
f 946 947 1012
f 946 1012 1011
f 947 948 1013
f 947 1013 1012
f 948 949 1014
f 948 1014 1013
f 949 950 1015
f 949 1015 1014
f 950 951 1016
f 950 1016 1015
f 951 952 1017
f 951 1017 1016
f 952 953 1018
f 952 1018 1017
f 953 954 1019
f 953 1019 1018
f 954 955 1020
f 954 1020 1019
f 955 956 1021
f 955 1021 1020
f 956 957 1022
f 956 1022 1021
f 957 958 1023
f 957 1023 1022
f 958 959 1024
f 958 1024 1023
f 959 960 1025
f 959 1025 1024
f 960 961 1026
f 960 1026 1025
f 961 962 1027
f 961 1027 1026
f 962 963 1028
f 962 1028 1027
f 963 964 1029
f 963 1029 1028
f 964 965 1030
f 964 1030 1029
f 965 966 1031
f 965 1031 1030
f 966 967 1032
f 966 1032 1031
f 967 968 1033
f 967 1033 1032
f 968 969 1034
f 968 1034 1033
f 969 970 1035
f 969 1035 1034
f 970 971 1036
f 970 1036 1035
f 971 972 1037
f 971 1037 1036
f 972 973 1038
f 972 1038 1037
f 973 974 1039
f 973 1039 1038
f 974 975 1040
f 974 1040 1039
f 976 977 1042
f 976 1042 1041
f 977 978 1043
f 977 1043 1042
f 978 979 1044
f 978 1044 1043
f 979 980 1045
f 979 1045 1044
f 980 981 1046
f 980 1046 1045
f 981 982 1047
f 981 1047 1046
f 982 983 1048
f 982 1048 1047
f 983 984 1049
f 983 1049 1048
f 984 985 1050
f 984 1050 1049
f 985 986 1051
f 985 1051 1050
f 986 987 1052
f 986 1052 1051
f 987 988 1053
f 987 1053 1052
f 988 989 1054
f 988 1054 1053
f 989 990 1055
f 989 1055 1054
f 990 991 1056
f 990 1056 1055
f 991 992 1057
f 991 1057 1056
f 992 993 1058
f 992 1058 1057
f 993 994 1059
f 993 1059 1058
f 994 995 1060
f 994 1060 1059
f 995 996 1061
f 995 1061 1060
f 996 997 1062
f 996 1062 1061
f 997 998 1063
f 997 1063 1062
f 998 999 1064
f 998 1064 1063
f 999 1000 1065
f 999 1065 1064
f 1000 1001 1066
f 1000 1066 1065
f 1001 1002 1067
f 1001 1067 1066
f 1002 1003 1068
f 1002 1068 1067
f 1003 1004 1069
f 1003 1069 1068
f 1004 1005 1070
f 1004 1070 1069
f 1005 1006 1071
f 1005 1071 1070
f 1006 1007 1072
f 1006 1072 1071
f 1007 1008 1073
f 1007 1073 1072
f 1008 1009 1074
f 1008 1074 1073
f 1009 1010 1075
f 1009 1075 1074
f 1010 1011 1076
f 1010 1076 1075
f 1011 1012 1077
f 1011 1077 1076
f 1012 1013 1078
f 1012 1078 1077
f 1013 1014 1079
f 1013 1079 1078
f 1014 1015 1080
f 1014 1080 1079
f 1015 1016 1081
f 1015 1081 1080
f 1016 1017 1082
f 1016 1082 1081
f 1017 1018 1083
f 1017 1083 1082
f 1018 1019 1084
f 1018 1084 1083
f 1019 1020 1085
f 1019 1085 1084
f 1020 1021 1086
f 1020 1086 1085
f 1021 1022 1087
f 1021 1087 1086
f 1022 1023 1088
f 1022 1088 1087
f 1023 1024 1089
f 1023 1089 1088
f 1024 1025 1090
f 1024 1090 1089
f 1025 1026 1091
f 1025 1091 1090
f 1026 1027 1092
f 1026 1092 1091
f 1027 1028 1093
f 1027 1093 1092
f 1028 1029 1094
f 1028 1094 1093
f 1029 1030 1095
f 1029 1095 1094
f 1030 1031 1096
f 1030 1096 1095
f 1031 1032 1097
f 1031 1097 1096
f 1032 1033 1098
f 1032 1098 1097
f 1033 1034 1099
f 1033 1099 1098
f 1034 1035 1100
f 1034 1100 1099
f 1035 1036 1101
f 1035 1101 1100
f 1036 1037 1102
f 1036 1102 1101
f 1037 1038 1103
f 1037 1103 1102
f 1038 1039 1104
f 1038 1104 1103
f 1039 1040 1105
f 1039 1105 1104
f 1041 1042 1107
f 1041 1107 1106
f 1042 1043 1108
f 1042 1108 1107
f 1043 1044 1109
f 1043 1109 1108
f 1044 1045 1110
f 1044 1110 1109
f 1045 1046 1111
f 1045 1111 1110
f 1046 1047 1112
f 1046 1112 1111
f 1047 1048 1113
f 1047 1113 1112
f 1048 1049 1114
f 1048 1114 1113
f 1049 1050 1115
f 1049 1115 1114
f 1050 1051 1116
f 1050 1116 1115
f 1051 1052 1117
f 1051 1117 1116
f 1052 1053 1118
f 1052 1118 1117
f 1053 1054 1119
f 1053 1119 1118
f 1054 1055 1120
f 1054 1120 1119
f 1055 1056 1121
f 1055 1121 1120
f 1056 1057 1122
f 1056 1122 1121
f 1057 1058 1123
f 1057 1123 1122
f 1058 1059 1124
f 1058 1124 1123
f 1059 1060 1125
f 1059 1125 1124
f 1060 1061 1126
f 1060 1126 1125
f 1061 1062 1127
f 1061 1127 1126
f 1062 1063 1128
f 1062 1128 1127
f 1063 1064 1129
f 1063 1129 1128
f 1064 1065 1130
f 1064 1130 1129
f 1065 1066 1131
f 1065 1131 1130
f 1066 1067 1132
f 1066 1132 1131
f 1067 1068 1133
f 1067 1133 1132
f 1068 1069 1134
f 1068 1134 1133
f 1069 1070 1135
f 1069 1135 1134
f 1070 1071 1136
f 1070 1136 1135
f 1071 1072 1137
f 1071 1137 1136
f 1072 1073 1138
f 1072 1138 1137
f 1073 1074 1139
f 1073 1139 1138
f 1074 1075 1140
f 1074 1140 1139
f 1075 1076 1141
f 1075 1141 1140
f 1076 1077 1142
f 1076 1142 1141
f 1077 1078 1143
f 1077 1143 1142
f 1078 1079 1144
f 1078 1144 1143
f 1079 1080 1145
f 1079 1145 1144
f 1080 1081 1146
f 1080 1146 1145
f 1081 1082 1147
f 1081 1147 1146
f 1082 1083 1148
f 1082 1148 1147
f 1083 1084 1149
f 1083 1149 1148
f 1084 1085 1150
f 1084 1150 1149
f 1085 1086 1151
f 1085 1151 1150
f 1086 1087 1152
f 1086 1152 1151
f 1087 1088 1153
f 1087 1153 1152
f 1088 1089 1154
f 1088 1154 1153
f 1089 1090 1155
f 1089 1155 1154
f 1090 1091 1156
f 1090 1156 1155
f 1091 1092 1157
f 1091 1157 1156
f 1092 1093 1158
f 1092 1158 1157
f 1093 1094 1159
f 1093 1159 1158
f 1094 1095 1160
f 1094 1160 1159
f 1095 1096 1161
f 1095 1161 1160
f 1096 1097 1162
f 1096 1162 1161
f 1097 1098 1163
f 1097 1163 1162
f 1098 1099 1164
f 1098 1164 1163
f 1099 1100 1165
f 1099 1165 1164
f 1100 1101 1166
f 1100 1166 1165
f 1101 1102 1167
f 1101 1167 1166
f 1102 1103 1168
f 1102 1168 1167
f 1103 1104 1169
f 1103 1169 1168
f 1104 1105 1170
f 1104 1170 1169
f 1106 1107 1172
f 1106 1172 1171
f 1107 1108 1173
f 1107 1173 1172
f 1108 1109 1174
f 1108 1174 1173
f 1109 1110 1175
f 1109 1175 1174
f 1110 1111 1176
f 1110 1176 1175
f 1111 1112 1177
f 1111 1177 1176
f 1112 1113 1178
f 1112 1178 1177
f 1113 1114 1179
f 1113 1179 1178
f 1114 1115 1180
f 1114 1180 1179
f 1115 1116 1181
f 1115 1181 1180
f 1116 1117 1182
f 1116 1182 1181
f 1117 1118 1183
f 1117 1183 1182
f 1118 1119 1184
f 1118 1184 1183
f 1119 1120 1185
f 1119 1185 1184
f 1120 1121 1186
f 1120 1186 1185
f 1121 1122 1187
f 1121 1187 1186
f 1122 1123 1188
f 1122 1188 1187
f 1123 1124 1189
f 1123 1189 1188
f 1124 1125 1190
f 1124 1190 1189
f 1125 1126 1191
f 1125 1191 1190
f 1126 1127 1192
f 1126 1192 1191
f 1127 1128 1193
f 1127 1193 1192
f 1128 1129 1194
f 1128 1194 1193
f 1129 1130 1195
f 1129 1195 1194
f 1130 1131 1196
f 1130 1196 1195
f 1131 1132 1197
f 1131 1197 1196
f 1132 1133 1198
f 1132 1198 1197
f 1133 1134 1199
f 1133 1199 1198
f 1134 1135 1200
f 1134 1200 1199
f 1135 1136 1201
f 1135 1201 1200
f 1136 1137 1202
f 1136 1202 1201
f 1137 1138 1203
f 1137 1203 1202
f 1138 1139 1204
f 1138 1204 1203
f 1139 1140 1205
f 1139 1205 1204
f 1140 1141 1206
f 1140 1206 1205
f 1141 1142 1207
f 1141 1207 1206
f 1142 1143 1208
f 1142 1208 1207
f 1143 1144 1209
f 1143 1209 1208
f 1144 1145 1210
f 1144 1210 1209
f 1145 1146 1211
f 1145 1211 1210
f 1146 1147 1212
f 1146 1212 1211
f 1147 1148 1213
f 1147 1213 1212
f 1148 1149 1214
f 1148 1214 1213
f 1149 1150 1215
f 1149 1215 1214
f 1150 1151 1216
f 1150 1216 1215
f 1151 1152 1217
f 1151 1217 1216
f 1152 1153 1218
f 1152 1218 1217
f 1153 1154 1219
f 1153 1219 1218
f 1154 1155 1220
f 1154 1220 1219
f 1155 1156 1221
f 1155 1221 1220
f 1156 1157 1222
f 1156 1222 1221
f 1157 1158 1223
f 1157 1223 1222
f 1158 1159 1224
f 1158 1224 1223
f 1159 1160 1225
f 1159 1225 1224
f 1160 1161 1226
f 1160 1226 1225
f 1161 1162 1227
f 1161 1227 1226
f 1162 1163 1228
f 1162 1228 1227
f 1163 1164 1229
f 1163 1229 1228
f 1164 1165 1230
f 1164 1230 1229
f 1165 1166 1231
f 1165 1231 1230
f 1166 1167 1232
f 1166 1232 1231
f 1167 1168 1233
f 1167 1233 1232
f 1168 1169 1234
f 1168 1234 1233
f 1169 1170 1235
f 1169 1235 1234
f 1171 1172 1237
f 1171 1237 1236
f 1172 1173 1238
f 1172 1238 1237
f 1173 1174 1239
f 1173 1239 1238
f 1174 1175 1240
f 1174 1240 1239
f 1175 1176 1241
f 1175 1241 1240
f 1176 1177 1242
f 1176 1242 1241
f 1177 1178 1243
f 1177 1243 1242
f 1178 1179 1244
f 1178 1244 1243
f 1179 1180 1245
f 1179 1245 1244
f 1180 1181 1246
f 1180 1246 1245
f 1181 1182 1247
f 1181 1247 1246
f 1182 1183 1248
f 1182 1248 1247
f 1183 1184 1249
f 1183 1249 1248
f 1184 1185 1250
f 1184 1250 1249
f 1185 1186 1251
f 1185 1251 1250
f 1186 1187 1252
f 1186 1252 1251
f 1187 1188 1253
f 1187 1253 1252
f 1188 1189 1254
f 1188 1254 1253
f 1189 1190 1255
f 1189 1255 1254
f 1190 1191 1256
f 1190 1256 1255
f 1191 1192 1257
f 1191 1257 1256
f 1192 1193 1258
f 1192 1258 1257
f 1193 1194 1259
f 1193 1259 1258
f 1194 1195 1260
f 1194 1260 1259
f 1195 1196 1261
f 1195 1261 1260
f 1196 1197 1262
f 1196 1262 1261
f 1197 1198 1263
f 1197 1263 1262
f 1198 1199 1264
f 1198 1264 1263
f 1199 1200 1265
f 1199 1265 1264
f 1200 1201 1266
f 1200 1266 1265
f 1201 1202 1267
f 1201 1267 1266
f 1202 1203 1268
f 1202 1268 1267
f 1203 1204 1269
f 1203 1269 1268
f 1204 1205 1270
f 1204 1270 1269
f 1205 1206 1271
f 1205 1271 1270
f 1206 1207 1272
f 1206 1272 1271
f 1207 1208 1273
f 1207 1273 1272
f 1208 1209 1274
f 1208 1274 1273
f 1209 1210 1275
f 1209 1275 1274
f 1210 1211 1276
f 1210 1276 1275
f 1211 1212 1277
f 1211 1277 1276
f 1212 1213 1278
f 1212 1278 1277
f 1213 1214 1279
f 1213 1279 1278
f 1214 1215 1280
f 1214 1280 1279
f 1215 1216 1281
f 1215 1281 1280
f 1216 1217 1282
f 1216 1282 1281
f 1217 1218 1283
f 1217 1283 1282
f 1218 1219 1284
f 1218 1284 1283
f 1219 1220 1285
f 1219 1285 1284
f 1220 1221 1286
f 1220 1286 1285
f 1221 1222 1287
f 1221 1287 1286
f 1222 1223 1288
f 1222 1288 1287
f 1223 1224 1289
f 1223 1289 1288
f 1224 1225 1290
f 1224 1290 1289
f 1225 1226 1291
f 1225 1291 1290
f 1226 1227 1292
f 1226 1292 1291
f 1227 1228 1293
f 1227 1293 1292
f 1228 1229 1294
f 1228 1294 1293
f 1229 1230 1295
f 1229 1295 1294
f 1230 1231 1296
f 1230 1296 1295
f 1231 1232 1297
f 1231 1297 1296
f 1232 1233 1298
f 1232 1298 1297
f 1233 1234 1299
f 1233 1299 1298
f 1234 1235 1300
f 1234 1300 1299
f 1236 1237 1302
f 1236 1302 1301
f 1237 1238 1303
f 1237 1303 1302
f 1238 1239 1304
f 1238 1304 1303
f 1239 1240 1305
f 1239 1305 1304
f 1240 1241 1306
f 1240 1306 1305
f 1241 1242 1307
f 1241 1307 1306
f 1242 1243 1308
f 1242 1308 1307
f 1243 1244 1309
f 1243 1309 1308
f 1244 1245 1310
f 1244 1310 1309
f 1245 1246 1311
f 1245 1311 1310
f 1246 1247 1312
f 1246 1312 1311
f 1247 1248 1313
f 1247 1313 1312
f 1248 1249 1314
f 1248 1314 1313
f 1249 1250 1315
f 1249 1315 1314
f 1250 1251 1316
f 1250 1316 1315
f 1251 1252 1317
f 1251 1317 1316
f 1252 1253 1318
f 1252 1318 1317
f 1253 1254 1319
f 1253 1319 1318
f 1254 1255 1320
f 1254 1320 1319
f 1255 1256 1321
f 1255 1321 1320
f 1256 1257 1322
f 1256 1322 1321
f 1257 1258 1323
f 1257 1323 1322
f 1258 1259 1324
f 1258 1324 1323
f 1259 1260 1325
f 1259 1325 1324
f 1260 1261 1326
f 1260 1326 1325
f 1261 1262 1327
f 1261 1327 1326
f 1262 1263 1328
f 1262 1328 1327
f 1263 1264 1329
f 1263 1329 1328
f 1264 1265 1330
f 1264 1330 1329
f 1265 1266 1331
f 1265 1331 1330
f 1266 1267 1332
f 1266 1332 1331
f 1267 1268 1333
f 1267 1333 1332
f 1268 1269 1334
f 1268 1334 1333
f 1269 1270 1335
f 1269 1335 1334
f 1270 1271 1336
f 1270 1336 1335
f 1271 1272 1337
f 1271 1337 1336
f 1272 1273 1338
f 1272 1338 1337
f 1273 1274 1339
f 1273 1339 1338
f 1274 1275 1340
f 1274 1340 1339
f 1275 1276 1341
f 1275 1341 1340
f 1276 1277 1342
f 1276 1342 1341
f 1277 1278 1343
f 1277 1343 1342
f 1278 1279 1344
f 1278 1344 1343
f 1279 1280 1345
f 1279 1345 1344
f 1280 1281 1346
f 1280 1346 1345
f 1281 1282 1347
f 1281 1347 1346
f 1282 1283 1348
f 1282 1348 1347
f 1283 1284 1349
f 1283 1349 1348
f 1284 1285 1350
f 1284 1350 1349
f 1285 1286 1351
f 1285 1351 1350
f 1286 1287 1352
f 1286 1352 1351
f 1287 1288 1353
f 1287 1353 1352
f 1288 1289 1354
f 1288 1354 1353
f 1289 1290 1355
f 1289 1355 1354
f 1290 1291 1356
f 1290 1356 1355
f 1291 1292 1357
f 1291 1357 1356
f 1292 1293 1358
f 1292 1358 1357
f 1293 1294 1359
f 1293 1359 1358
f 1294 1295 1360
f 1294 1360 1359
f 1295 1296 1361
f 1295 1361 1360
f 1296 1297 1362
f 1296 1362 1361
f 1297 1298 1363
f 1297 1363 1362
f 1298 1299 1364
f 1298 1364 1363
f 1299 1300 1365
f 1299 1365 1364
f 1301 1302 1367
f 1301 1367 1366
f 1302 1303 1368
f 1302 1368 1367
f 1303 1304 1369
f 1303 1369 1368
f 1304 1305 1370
f 1304 1370 1369
f 1305 1306 1371
f 1305 1371 1370
f 1306 1307 1372
f 1306 1372 1371
f 1307 1308 1373
f 1307 1373 1372
f 1308 1309 1374
f 1308 1374 1373
f 1309 1310 1375
f 1309 1375 1374
f 1310 1311 1376
f 1310 1376 1375
f 1311 1312 1377
f 1311 1377 1376
f 1312 1313 1378
f 1312 1378 1377
f 1313 1314 1379
f 1313 1379 1378
f 1314 1315 1380
f 1314 1380 1379
f 1315 1316 1381
f 1315 1381 1380
f 1316 1317 1382
f 1316 1382 1381
f 1317 1318 1383
f 1317 1383 1382
f 1318 1319 1384
f 1318 1384 1383
f 1319 1320 1385
f 1319 1385 1384
f 1320 1321 1386
f 1320 1386 1385
f 1321 1322 1387
f 1321 1387 1386
f 1322 1323 1388
f 1322 1388 1387
f 1323 1324 1389
f 1323 1389 1388
f 1324 1325 1390
f 1324 1390 1389
f 1325 1326 1391
f 1325 1391 1390
f 1326 1327 1392
f 1326 1392 1391
f 1327 1328 1393
f 1327 1393 1392
f 1328 1329 1394
f 1328 1394 1393
f 1329 1330 1395
f 1329 1395 1394
f 1330 1331 1396
f 1330 1396 1395
f 1331 1332 1397
f 1331 1397 1396
f 1332 1333 1398
f 1332 1398 1397
f 1333 1334 1399
f 1333 1399 1398
f 1334 1335 1400
f 1334 1400 1399
f 1335 1336 1401
f 1335 1401 1400
f 1336 1337 1402
f 1336 1402 1401
f 1337 1338 1403
f 1337 1403 1402
f 1338 1339 1404
f 1338 1404 1403
f 1339 1340 1405
f 1339 1405 1404
f 1340 1341 1406
f 1340 1406 1405
f 1341 1342 1407
f 1341 1407 1406
f 1342 1343 1408
f 1342 1408 1407
f 1343 1344 1409
f 1343 1409 1408
f 1344 1345 1410
f 1344 1410 1409
f 1345 1346 1411
f 1345 1411 1410
f 1346 1347 1412
f 1346 1412 1411
f 1347 1348 1413
f 1347 1413 1412
f 1348 1349 1414
f 1348 1414 1413
f 1349 1350 1415
f 1349 1415 1414
f 1350 1351 1416
f 1350 1416 1415
f 1351 1352 1417
f 1351 1417 1416
f 1352 1353 1418
f 1352 1418 1417
f 1353 1354 1419
f 1353 1419 1418
f 1354 1355 1420
f 1354 1420 1419
f 1355 1356 1421
f 1355 1421 1420
f 1356 1357 1422
f 1356 1422 1421
f 1357 1358 1423
f 1357 1423 1422
f 1358 1359 1424
f 1358 1424 1423
f 1359 1360 1425
f 1359 1425 1424
f 1360 1361 1426
f 1360 1426 1425
f 1361 1362 1427
f 1361 1427 1426
f 1362 1363 1428
f 1362 1428 1427
f 1363 1364 1429
f 1363 1429 1428
f 1364 1365 1430
f 1364 1430 1429
f 1366 1367 1432
f 1366 1432 1431
f 1367 1368 1433
f 1367 1433 1432
f 1368 1369 1434
f 1368 1434 1433
f 1369 1370 1435
f 1369 1435 1434
f 1370 1371 1436
f 1370 1436 1435
f 1371 1372 1437
f 1371 1437 1436
f 1372 1373 1438
f 1372 1438 1437
f 1373 1374 1439
f 1373 1439 1438
f 1374 1375 1440
f 1374 1440 1439
f 1375 1376 1441
f 1375 1441 1440
f 1376 1377 1442
f 1376 1442 1441
f 1377 1378 1443
f 1377 1443 1442
f 1378 1379 1444
f 1378 1444 1443
f 1379 1380 1445
f 1379 1445 1444
f 1380 1381 1446
f 1380 1446 1445
f 1381 1382 1447
f 1381 1447 1446
f 1382 1383 1448
f 1382 1448 1447
f 1383 1384 1449
f 1383 1449 1448
f 1384 1385 1450
f 1384 1450 1449
f 1385 1386 1451
f 1385 1451 1450
f 1386 1387 1452
f 1386 1452 1451
f 1387 1388 1453
f 1387 1453 1452
f 1388 1389 1454
f 1388 1454 1453
f 1389 1390 1455
f 1389 1455 1454
f 1390 1391 1456
f 1390 1456 1455
f 1391 1392 1457
f 1391 1457 1456
f 1392 1393 1458
f 1392 1458 1457
f 1393 1394 1459
f 1393 1459 1458
f 1394 1395 1460
f 1394 1460 1459
f 1395 1396 1461
f 1395 1461 1460
f 1396 1397 1462
f 1396 1462 1461
f 1397 1398 1463
f 1397 1463 1462
f 1398 1399 1464
f 1398 1464 1463
f 1399 1400 1465
f 1399 1465 1464
f 1400 1401 1466
f 1400 1466 1465
f 1401 1402 1467
f 1401 1467 1466
f 1402 1403 1468
f 1402 1468 1467
f 1403 1404 1469
f 1403 1469 1468
f 1404 1405 1470
f 1404 1470 1469
f 1405 1406 1471
f 1405 1471 1470
f 1406 1407 1472
f 1406 1472 1471
f 1407 1408 1473
f 1407 1473 1472
f 1408 1409 1474
f 1408 1474 1473
f 1409 1410 1475
f 1409 1475 1474
f 1410 1411 1476
f 1410 1476 1475
f 1411 1412 1477
f 1411 1477 1476
f 1412 1413 1478
f 1412 1478 1477
f 1413 1414 1479
f 1413 1479 1478
f 1414 1415 1480
f 1414 1480 1479
f 1415 1416 1481
f 1415 1481 1480
f 1416 1417 1482
f 1416 1482 1481
f 1417 1418 1483
f 1417 1483 1482
f 1418 1419 1484
f 1418 1484 1483
f 1419 1420 1485
f 1419 1485 1484
f 1420 1421 1486
f 1420 1486 1485
f 1421 1422 1487
f 1421 1487 1486
f 1422 1423 1488
f 1422 1488 1487
f 1423 1424 1489
f 1423 1489 1488
f 1424 1425 1490
f 1424 1490 1489
f 1425 1426 1491
f 1425 1491 1490
f 1426 1427 1492
f 1426 1492 1491
f 1427 1428 1493
f 1427 1493 1492
f 1428 1429 1494
f 1428 1494 1493
f 1429 1430 1495
f 1429 1495 1494
f 1431 1432 1497
f 1431 1497 1496
f 1432 1433 1498
f 1432 1498 1497
f 1433 1434 1499
f 1433 1499 1498
f 1434 1435 1500
f 1434 1500 1499
f 1435 1436 1501
f 1435 1501 1500
f 1436 1437 1502
f 1436 1502 1501
f 1437 1438 1503
f 1437 1503 1502
f 1438 1439 1504
f 1438 1504 1503
f 1439 1440 1505
f 1439 1505 1504
f 1440 1441 1506
f 1440 1506 1505
f 1441 1442 1507
f 1441 1507 1506
f 1442 1443 1508
f 1442 1508 1507
f 1443 1444 1509
f 1443 1509 1508
f 1444 1445 1510
f 1444 1510 1509
f 1445 1446 1511
f 1445 1511 1510
f 1446 1447 1512
f 1446 1512 1511
f 1447 1448 1513
f 1447 1513 1512
f 1448 1449 1514
f 1448 1514 1513
f 1449 1450 1515
f 1449 1515 1514
f 1450 1451 1516
f 1450 1516 1515
f 1451 1452 1517
f 1451 1517 1516
f 1452 1453 1518
f 1452 1518 1517
f 1453 1454 1519
f 1453 1519 1518
f 1454 1455 1520
f 1454 1520 1519
f 1455 1456 1521
f 1455 1521 1520
f 1456 1457 1522
f 1456 1522 1521
f 1457 1458 1523
f 1457 1523 1522
f 1458 1459 1524
f 1458 1524 1523
f 1459 1460 1525
f 1459 1525 1524
f 1460 1461 1526
f 1460 1526 1525
f 1461 1462 1527
f 1461 1527 1526
f 1462 1463 1528
f 1462 1528 1527
f 1463 1464 1529
f 1463 1529 1528
f 1464 1465 1530
f 1464 1530 1529
f 1465 1466 1531
f 1465 1531 1530
f 1466 1467 1532
f 1466 1532 1531
f 1467 1468 1533
f 1467 1533 1532
f 1468 1469 1534
f 1468 1534 1533
f 1469 1470 1535
f 1469 1535 1534
f 1470 1471 1536
f 1470 1536 1535
f 1471 1472 1537
f 1471 1537 1536
f 1472 1473 1538
f 1472 1538 1537
f 1473 1474 1539
f 1473 1539 1538
f 1474 1475 1540
f 1474 1540 1539
f 1475 1476 1541
f 1475 1541 1540
f 1476 1477 1542
f 1476 1542 1541
f 1477 1478 1543
f 1477 1543 1542
f 1478 1479 1544
f 1478 1544 1543
f 1479 1480 1545
f 1479 1545 1544
f 1480 1481 1546
f 1480 1546 1545
f 1481 1482 1547
f 1481 1547 1546
f 1482 1483 1548
f 1482 1548 1547
f 1483 1484 1549
f 1483 1549 1548
f 1484 1485 1550
f 1484 1550 1549
f 1485 1486 1551
f 1485 1551 1550
f 1486 1487 1552
f 1486 1552 1551
f 1487 1488 1553
f 1487 1553 1552
f 1488 1489 1554
f 1488 1554 1553
f 1489 1490 1555
f 1489 1555 1554
f 1490 1491 1556
f 1490 1556 1555
f 1491 1492 1557
f 1491 1557 1556
f 1492 1493 1558
f 1492 1558 1557
f 1493 1494 1559
f 1493 1559 1558
f 1494 1495 1560
f 1494 1560 1559
f 1496 1497 1562
f 1496 1562 1561
f 1497 1498 1563
f 1497 1563 1562
f 1498 1499 1564
f 1498 1564 1563
f 1499 1500 1565
f 1499 1565 1564
f 1500 1501 1566
f 1500 1566 1565
f 1501 1502 1567
f 1501 1567 1566
f 1502 1503 1568
f 1502 1568 1567
f 1503 1504 1569
f 1503 1569 1568
f 1504 1505 1570
f 1504 1570 1569
f 1505 1506 1571
f 1505 1571 1570
f 1506 1507 1572
f 1506 1572 1571
f 1507 1508 1573
f 1507 1573 1572
f 1508 1509 1574
f 1508 1574 1573
f 1509 1510 1575
f 1509 1575 1574
f 1510 1511 1576
f 1510 1576 1575
f 1511 1512 1577
f 1511 1577 1576
f 1512 1513 1578
f 1512 1578 1577
f 1513 1514 1579
f 1513 1579 1578
f 1514 1515 1580
f 1514 1580 1579
f 1515 1516 1581
f 1515 1581 1580
f 1516 1517 1582
f 1516 1582 1581
f 1517 1518 1583
f 1517 1583 1582
f 1518 1519 1584
f 1518 1584 1583
f 1519 1520 1585
f 1519 1585 1584
f 1520 1521 1586
f 1520 1586 1585
f 1521 1522 1587
f 1521 1587 1586
f 1522 1523 1588
f 1522 1588 1587
f 1523 1524 1589
f 1523 1589 1588
f 1524 1525 1590
f 1524 1590 1589
f 1525 1526 1591
f 1525 1591 1590
f 1526 1527 1592
f 1526 1592 1591
f 1527 1528 1593
f 1527 1593 1592
f 1528 1529 1594
f 1528 1594 1593
f 1529 1530 1595
f 1529 1595 1594
f 1530 1531 1596
f 1530 1596 1595
f 1531 1532 1597
f 1531 1597 1596
f 1532 1533 1598
f 1532 1598 1597
f 1533 1534 1599
f 1533 1599 1598
f 1534 1535 1600
f 1534 1600 1599
f 1535 1536 1601
f 1535 1601 1600
f 1536 1537 1602
f 1536 1602 1601
f 1537 1538 1603
f 1537 1603 1602
f 1538 1539 1604
f 1538 1604 1603
f 1539 1540 1605
f 1539 1605 1604
f 1540 1541 1606
f 1540 1606 1605
f 1541 1542 1607
f 1541 1607 1606
f 1542 1543 1608
f 1542 1608 1607
f 1543 1544 1609
f 1543 1609 1608
f 1544 1545 1610
f 1544 1610 1609
f 1545 1546 1611
f 1545 1611 1610
f 1546 1547 1612
f 1546 1612 1611
f 1547 1548 1613
f 1547 1613 1612
f 1548 1549 1614
f 1548 1614 1613
f 1549 1550 1615
f 1549 1615 1614
f 1550 1551 1616
f 1550 1616 1615
f 1551 1552 1617
f 1551 1617 1616
f 1552 1553 1618
f 1552 1618 1617
f 1553 1554 1619
f 1553 1619 1618
f 1554 1555 1620
f 1554 1620 1619
f 1555 1556 1621
f 1555 1621 1620
f 1556 1557 1622
f 1556 1622 1621
f 1557 1558 1623
f 1557 1623 1622
f 1558 1559 1624
f 1558 1624 1623
f 1559 1560 1625
f 1559 1625 1624
f 1561 1562 1627
f 1561 1627 1626
f 1562 1563 1628
f 1562 1628 1627
f 1563 1564 1629
f 1563 1629 1628
f 1564 1565 1630
f 1564 1630 1629
f 1565 1566 1631
f 1565 1631 1630
f 1566 1567 1632
f 1566 1632 1631
f 1567 1568 1633
f 1567 1633 1632
f 1568 1569 1634
f 1568 1634 1633
f 1569 1570 1635
f 1569 1635 1634
f 1570 1571 1636
f 1570 1636 1635
f 1571 1572 1637
f 1571 1637 1636
f 1572 1573 1638
f 1572 1638 1637
f 1573 1574 1639
f 1573 1639 1638
f 1574 1575 1640
f 1574 1640 1639
f 1575 1576 1641
f 1575 1641 1640
f 1576 1577 1642
f 1576 1642 1641
f 1577 1578 1643
f 1577 1643 1642
f 1578 1579 1644
f 1578 1644 1643
f 1579 1580 1645
f 1579 1645 1644
f 1580 1581 1646
f 1580 1646 1645
f 1581 1582 1647
f 1581 1647 1646
f 1582 1583 1648
f 1582 1648 1647
f 1583 1584 1649
f 1583 1649 1648
f 1584 1585 1650
f 1584 1650 1649
f 1585 1586 1651
f 1585 1651 1650
f 1586 1587 1652
f 1586 1652 1651
f 1587 1588 1653
f 1587 1653 1652
f 1588 1589 1654
f 1588 1654 1653
f 1589 1590 1655
f 1589 1655 1654
f 1590 1591 1656
f 1590 1656 1655
f 1591 1592 1657
f 1591 1657 1656
f 1592 1593 1658
f 1592 1658 1657
f 1593 1594 1659
f 1593 1659 1658
f 1594 1595 1660
f 1594 1660 1659
f 1595 1596 1661
f 1595 1661 1660
f 1596 1597 1662
f 1596 1662 1661
f 1597 1598 1663
f 1597 1663 1662
f 1598 1599 1664
f 1598 1664 1663
f 1599 1600 1665
f 1599 1665 1664
f 1600 1601 1666
f 1600 1666 1665
f 1601 1602 1667
f 1601 1667 1666
f 1602 1603 1668
f 1602 1668 1667
f 1603 1604 1669
f 1603 1669 1668
f 1604 1605 1670
f 1604 1670 1669
f 1605 1606 1671
f 1605 1671 1670
f 1606 1607 1672
f 1606 1672 1671
f 1607 1608 1673
f 1607 1673 1672
f 1608 1609 1674
f 1608 1674 1673
f 1609 1610 1675
f 1609 1675 1674
f 1610 1611 1676
f 1610 1676 1675
f 1611 1612 1677
f 1611 1677 1676
f 1612 1613 1678
f 1612 1678 1677
f 1613 1614 1679
f 1613 1679 1678
f 1614 1615 1680
f 1614 1680 1679
f 1615 1616 1681
f 1615 1681 1680
f 1616 1617 1682
f 1616 1682 1681
f 1617 1618 1683
f 1617 1683 1682
f 1618 1619 1684
f 1618 1684 1683
f 1619 1620 1685
f 1619 1685 1684
f 1620 1621 1686
f 1620 1686 1685
f 1621 1622 1687
f 1621 1687 1686
f 1622 1623 1688
f 1622 1688 1687
f 1623 1624 1689
f 1623 1689 1688
f 1624 1625 1690
f 1624 1690 1689
f 1626 1627 1692
f 1626 1692 1691
f 1627 1628 1693
f 1627 1693 1692
f 1628 1629 1694
f 1628 1694 1693
f 1629 1630 1695
f 1629 1695 1694
f 1630 1631 1696
f 1630 1696 1695
f 1631 1632 1697
f 1631 1697 1696
f 1632 1633 1698
f 1632 1698 1697
f 1633 1634 1699
f 1633 1699 1698
f 1634 1635 1700
f 1634 1700 1699
f 1635 1636 1701
f 1635 1701 1700
f 1636 1637 1702
f 1636 1702 1701
f 1637 1638 1703
f 1637 1703 1702
f 1638 1639 1704
f 1638 1704 1703
f 1639 1640 1705
f 1639 1705 1704
f 1640 1641 1706
f 1640 1706 1705
f 1641 1642 1707
f 1641 1707 1706
f 1642 1643 1708
f 1642 1708 1707
f 1643 1644 1709
f 1643 1709 1708
f 1644 1645 1710
f 1644 1710 1709
f 1645 1646 1711
f 1645 1711 1710
f 1646 1647 1712
f 1646 1712 1711
f 1647 1648 1713
f 1647 1713 1712
f 1648 1649 1714
f 1648 1714 1713
f 1649 1650 1715
f 1649 1715 1714
f 1650 1651 1716
f 1650 1716 1715
f 1651 1652 1717
f 1651 1717 1716
f 1652 1653 1718
f 1652 1718 1717
f 1653 1654 1719
f 1653 1719 1718
f 1654 1655 1720
f 1654 1720 1719
f 1655 1656 1721
f 1655 1721 1720
f 1656 1657 1722
f 1656 1722 1721
f 1657 1658 1723
f 1657 1723 1722
f 1658 1659 1724
f 1658 1724 1723
f 1659 1660 1725
f 1659 1725 1724
f 1660 1661 1726
f 1660 1726 1725
f 1661 1662 1727
f 1661 1727 1726
f 1662 1663 1728
f 1662 1728 1727
f 1663 1664 1729
f 1663 1729 1728
f 1664 1665 1730
f 1664 1730 1729
f 1665 1666 1731
f 1665 1731 1730
f 1666 1667 1732
f 1666 1732 1731
f 1667 1668 1733
f 1667 1733 1732
f 1668 1669 1734
f 1668 1734 1733
f 1669 1670 1735
f 1669 1735 1734
f 1670 1671 1736
f 1670 1736 1735
f 1671 1672 1737
f 1671 1737 1736
f 1672 1673 1738
f 1672 1738 1737
f 1673 1674 1739
f 1673 1739 1738
f 1674 1675 1740
f 1674 1740 1739
f 1675 1676 1741
f 1675 1741 1740
f 1676 1677 1742
f 1676 1742 1741
f 1677 1678 1743
f 1677 1743 1742
f 1678 1679 1744
f 1678 1744 1743
f 1679 1680 1745
f 1679 1745 1744
f 1680 1681 1746
f 1680 1746 1745
f 1681 1682 1747
f 1681 1747 1746
f 1682 1683 1748
f 1682 1748 1747
f 1683 1684 1749
f 1683 1749 1748
f 1684 1685 1750
f 1684 1750 1749
f 1685 1686 1751
f 1685 1751 1750
f 1686 1687 1752
f 1686 1752 1751
f 1687 1688 1753
f 1687 1753 1752
f 1688 1689 1754
f 1688 1754 1753
f 1689 1690 1755
f 1689 1755 1754
f 1691 1692 1757
f 1691 1757 1756
f 1692 1693 1758
f 1692 1758 1757
f 1693 1694 1759
f 1693 1759 1758
f 1694 1695 1760
f 1694 1760 1759
f 1695 1696 1761
f 1695 1761 1760
f 1696 1697 1762
f 1696 1762 1761
f 1697 1698 1763
f 1697 1763 1762
f 1698 1699 1764
f 1698 1764 1763
f 1699 1700 1765
f 1699 1765 1764
f 1700 1701 1766
f 1700 1766 1765
f 1701 1702 1767
f 1701 1767 1766
f 1702 1703 1768
f 1702 1768 1767
f 1703 1704 1769
f 1703 1769 1768
f 1704 1705 1770
f 1704 1770 1769
f 1705 1706 1771
f 1705 1771 1770
f 1706 1707 1772
f 1706 1772 1771
f 1707 1708 1773
f 1707 1773 1772
f 1708 1709 1774
f 1708 1774 1773
f 1709 1710 1775
f 1709 1775 1774
f 1710 1711 1776
f 1710 1776 1775
f 1711 1712 1777
f 1711 1777 1776
f 1712 1713 1778
f 1712 1778 1777
f 1713 1714 1779
f 1713 1779 1778
f 1714 1715 1780
f 1714 1780 1779
f 1715 1716 1781
f 1715 1781 1780
f 1716 1717 1782
f 1716 1782 1781
f 1717 1718 1783
f 1717 1783 1782
f 1718 1719 1784
f 1718 1784 1783
f 1719 1720 1785
f 1719 1785 1784
f 1720 1721 1786
f 1720 1786 1785
f 1721 1722 1787
f 1721 1787 1786
f 1722 1723 1788
f 1722 1788 1787
f 1723 1724 1789
f 1723 1789 1788
f 1724 1725 1790
f 1724 1790 1789
f 1725 1726 1791
f 1725 1791 1790
f 1726 1727 1792
f 1726 1792 1791
f 1727 1728 1793
f 1727 1793 1792
f 1728 1729 1794
f 1728 1794 1793
f 1729 1730 1795
f 1729 1795 1794
f 1730 1731 1796
f 1730 1796 1795
f 1731 1732 1797
f 1731 1797 1796
f 1732 1733 1798
f 1732 1798 1797
f 1733 1734 1799
f 1733 1799 1798
f 1734 1735 1800
f 1734 1800 1799
f 1735 1736 1801
f 1735 1801 1800
f 1736 1737 1802
f 1736 1802 1801
f 1737 1738 1803
f 1737 1803 1802
f 1738 1739 1804
f 1738 1804 1803
f 1739 1740 1805
f 1739 1805 1804
f 1740 1741 1806
f 1740 1806 1805
f 1741 1742 1807
f 1741 1807 1806
f 1742 1743 1808
f 1742 1808 1807
f 1743 1744 1809
f 1743 1809 1808
f 1744 1745 1810
f 1744 1810 1809
f 1745 1746 1811
f 1745 1811 1810
f 1746 1747 1812
f 1746 1812 1811
f 1747 1748 1813
f 1747 1813 1812
f 1748 1749 1814
f 1748 1814 1813
f 1749 1750 1815
f 1749 1815 1814
f 1750 1751 1816
f 1750 1816 1815
f 1751 1752 1817
f 1751 1817 1816
f 1752 1753 1818
f 1752 1818 1817
f 1753 1754 1819
f 1753 1819 1818
f 1754 1755 1820
f 1754 1820 1819
f 1756 1757 1822
f 1756 1822 1821
f 1757 1758 1823
f 1757 1823 1822
f 1758 1759 1824
f 1758 1824 1823
f 1759 1760 1825
f 1759 1825 1824
f 1760 1761 1826
f 1760 1826 1825
f 1761 1762 1827
f 1761 1827 1826
f 1762 1763 1828
f 1762 1828 1827
f 1763 1764 1829
f 1763 1829 1828
f 1764 1765 1830
f 1764 1830 1829
f 1765 1766 1831
f 1765 1831 1830
f 1766 1767 1832
f 1766 1832 1831
f 1767 1768 1833
f 1767 1833 1832
f 1768 1769 1834
f 1768 1834 1833
f 1769 1770 1835
f 1769 1835 1834
f 1770 1771 1836
f 1770 1836 1835
f 1771 1772 1837
f 1771 1837 1836
f 1772 1773 1838
f 1772 1838 1837
f 1773 1774 1839
f 1773 1839 1838
f 1774 1775 1840
f 1774 1840 1839
f 1775 1776 1841
f 1775 1841 1840
f 1776 1777 1842
f 1776 1842 1841
f 1777 1778 1843
f 1777 1843 1842
f 1778 1779 1844
f 1778 1844 1843
f 1779 1780 1845
f 1779 1845 1844
f 1780 1781 1846
f 1780 1846 1845
f 1781 1782 1847
f 1781 1847 1846
f 1782 1783 1848
f 1782 1848 1847
f 1783 1784 1849
f 1783 1849 1848
f 1784 1785 1850
f 1784 1850 1849
f 1785 1786 1851
f 1785 1851 1850
f 1786 1787 1852
f 1786 1852 1851
f 1787 1788 1853
f 1787 1853 1852
f 1788 1789 1854
f 1788 1854 1853
f 1789 1790 1855
f 1789 1855 1854
f 1790 1791 1856
f 1790 1856 1855
f 1791 1792 1857
f 1791 1857 1856
f 1792 1793 1858
f 1792 1858 1857
f 1793 1794 1859
f 1793 1859 1858
f 1794 1795 1860
f 1794 1860 1859
f 1795 1796 1861
f 1795 1861 1860
f 1796 1797 1862
f 1796 1862 1861
f 1797 1798 1863
f 1797 1863 1862
f 1798 1799 1864
f 1798 1864 1863
f 1799 1800 1865
f 1799 1865 1864
f 1800 1801 1866
f 1800 1866 1865
f 1801 1802 1867
f 1801 1867 1866
f 1802 1803 1868
f 1802 1868 1867
f 1803 1804 1869
f 1803 1869 1868
f 1804 1805 1870
f 1804 1870 1869
f 1805 1806 1871
f 1805 1871 1870
f 1806 1807 1872
f 1806 1872 1871
f 1807 1808 1873
f 1807 1873 1872
f 1808 1809 1874
f 1808 1874 1873
f 1809 1810 1875
f 1809 1875 1874
f 1810 1811 1876
f 1810 1876 1875
f 1811 1812 1877
f 1811 1877 1876
f 1812 1813 1878
f 1812 1878 1877
f 1813 1814 1879
f 1813 1879 1878
f 1814 1815 1880
f 1814 1880 1879
f 1815 1816 1881
f 1815 1881 1880
f 1816 1817 1882
f 1816 1882 1881
f 1817 1818 1883
f 1817 1883 1882
f 1818 1819 1884
f 1818 1884 1883
f 1819 1820 1885
f 1819 1885 1884
f 1821 1822 1887
f 1821 1887 1886
f 1822 1823 1888
f 1822 1888 1887
f 1823 1824 1889
f 1823 1889 1888
f 1824 1825 1890
f 1824 1890 1889
f 1825 1826 1891
f 1825 1891 1890
f 1826 1827 1892
f 1826 1892 1891
f 1827 1828 1893
f 1827 1893 1892
f 1828 1829 1894
f 1828 1894 1893
f 1829 1830 1895
f 1829 1895 1894
f 1830 1831 1896
f 1830 1896 1895
f 1831 1832 1897
f 1831 1897 1896
f 1832 1833 1898
f 1832 1898 1897
f 1833 1834 1899
f 1833 1899 1898
f 1834 1835 1900
f 1834 1900 1899
f 1835 1836 1901
f 1835 1901 1900
f 1836 1837 1902
f 1836 1902 1901
f 1837 1838 1903
f 1837 1903 1902
f 1838 1839 1904
f 1838 1904 1903
f 1839 1840 1905
f 1839 1905 1904
f 1840 1841 1906
f 1840 1906 1905
f 1841 1842 1907
f 1841 1907 1906
f 1842 1843 1908
f 1842 1908 1907
f 1843 1844 1909
f 1843 1909 1908
f 1844 1845 1910
f 1844 1910 1909
f 1845 1846 1911
f 1845 1911 1910
f 1846 1847 1912
f 1846 1912 1911
f 1847 1848 1913
f 1847 1913 1912
f 1848 1849 1914
f 1848 1914 1913
f 1849 1850 1915
f 1849 1915 1914
f 1850 1851 1916
f 1850 1916 1915
f 1851 1852 1917
f 1851 1917 1916
f 1852 1853 1918
f 1852 1918 1917
f 1853 1854 1919
f 1853 1919 1918
f 1854 1855 1920
f 1854 1920 1919
f 1855 1856 1921
f 1855 1921 1920
f 1856 1857 1922
f 1856 1922 1921
f 1857 1858 1923
f 1857 1923 1922
f 1858 1859 1924
f 1858 1924 1923
f 1859 1860 1925
f 1859 1925 1924
f 1860 1861 1926
f 1860 1926 1925
f 1861 1862 1927
f 1861 1927 1926
f 1862 1863 1928
f 1862 1928 1927
f 1863 1864 1929
f 1863 1929 1928
f 1864 1865 1930
f 1864 1930 1929
f 1865 1866 1931
f 1865 1931 1930
f 1866 1867 1932
f 1866 1932 1931
f 1867 1868 1933
f 1867 1933 1932
f 1868 1869 1934
f 1868 1934 1933
f 1869 1870 1935
f 1869 1935 1934
f 1870 1871 1936
f 1870 1936 1935
f 1871 1872 1937
f 1871 1937 1936
f 1872 1873 1938
f 1872 1938 1937
f 1873 1874 1939
f 1873 1939 1938
f 1874 1875 1940
f 1874 1940 1939
f 1875 1876 1941
f 1875 1941 1940
f 1876 1877 1942
f 1876 1942 1941
f 1877 1878 1943
f 1877 1943 1942
f 1878 1879 1944
f 1878 1944 1943
f 1879 1880 1945
f 1879 1945 1944
f 1880 1881 1946
f 1880 1946 1945
f 1881 1882 1947
f 1881 1947 1946
f 1882 1883 1948
f 1882 1948 1947
f 1883 1884 1949
f 1883 1949 1948
f 1884 1885 1950
f 1884 1950 1949
f 1886 1887 1952
f 1886 1952 1951
f 1887 1888 1953
f 1887 1953 1952
f 1888 1889 1954
f 1888 1954 1953
f 1889 1890 1955
f 1889 1955 1954
f 1890 1891 1956
f 1890 1956 1955
f 1891 1892 1957
f 1891 1957 1956
f 1892 1893 1958
f 1892 1958 1957
f 1893 1894 1959
f 1893 1959 1958
f 1894 1895 1960
f 1894 1960 1959
f 1895 1896 1961
f 1895 1961 1960
f 1896 1897 1962
f 1896 1962 1961
f 1897 1898 1963
f 1897 1963 1962
f 1898 1899 1964
f 1898 1964 1963
f 1899 1900 1965
f 1899 1965 1964
f 1900 1901 1966
f 1900 1966 1965
f 1901 1902 1967
f 1901 1967 1966
f 1902 1903 1968
f 1902 1968 1967
f 1903 1904 1969
f 1903 1969 1968
f 1904 1905 1970
f 1904 1970 1969
f 1905 1906 1971
f 1905 1971 1970
f 1906 1907 1972
f 1906 1972 1971
f 1907 1908 1973
f 1907 1973 1972
f 1908 1909 1974
f 1908 1974 1973
f 1909 1910 1975
f 1909 1975 1974
f 1910 1911 1976
f 1910 1976 1975
f 1911 1912 1977
f 1911 1977 1976
f 1912 1913 1978
f 1912 1978 1977
f 1913 1914 1979
f 1913 1979 1978
f 1914 1915 1980
f 1914 1980 1979
f 1915 1916 1981
f 1915 1981 1980
f 1916 1917 1982
f 1916 1982 1981
f 1917 1918 1983
f 1917 1983 1982
f 1918 1919 1984
f 1918 1984 1983
f 1919 1920 1985
f 1919 1985 1984
f 1920 1921 1986
f 1920 1986 1985
f 1921 1922 1987
f 1921 1987 1986
f 1922 1923 1988
f 1922 1988 1987
f 1923 1924 1989
f 1923 1989 1988
f 1924 1925 1990
f 1924 1990 1989
f 1925 1926 1991
f 1925 1991 1990
f 1926 1927 1992
f 1926 1992 1991
f 1927 1928 1993
f 1927 1993 1992
f 1928 1929 1994
f 1928 1994 1993
f 1929 1930 1995
f 1929 1995 1994
f 1930 1931 1996
f 1930 1996 1995
f 1931 1932 1997
f 1931 1997 1996
f 1932 1933 1998
f 1932 1998 1997
f 1933 1934 1999
f 1933 1999 1998
f 1934 1935 2000
f 1934 2000 1999
f 1935 1936 2001
f 1935 2001 2000
f 1936 1937 2002
f 1936 2002 2001
f 1937 1938 2003
f 1937 2003 2002
f 1938 1939 2004
f 1938 2004 2003
f 1939 1940 2005
f 1939 2005 2004
f 1940 1941 2006
f 1940 2006 2005
f 1941 1942 2007
f 1941 2007 2006
f 1942 1943 2008
f 1942 2008 2007
f 1943 1944 2009
f 1943 2009 2008
f 1944 1945 2010
f 1944 2010 2009
f 1945 1946 2011
f 1945 2011 2010
f 1946 1947 2012
f 1946 2012 2011
f 1947 1948 2013
f 1947 2013 2012
f 1948 1949 2014
f 1948 2014 2013
f 1949 1950 2015
f 1949 2015 2014
f 1951 1952 2017
f 1951 2017 2016
f 1952 1953 2018
f 1952 2018 2017
f 1953 1954 2019
f 1953 2019 2018
f 1954 1955 2020
f 1954 2020 2019
f 1955 1956 2021
f 1955 2021 2020
f 1956 1957 2022
f 1956 2022 2021
f 1957 1958 2023
f 1957 2023 2022
f 1958 1959 2024
f 1958 2024 2023
f 1959 1960 2025
f 1959 2025 2024
f 1960 1961 2026
f 1960 2026 2025
f 1961 1962 2027
f 1961 2027 2026
f 1962 1963 2028
f 1962 2028 2027
f 1963 1964 2029
f 1963 2029 2028
f 1964 1965 2030
f 1964 2030 2029
f 1965 1966 2031
f 1965 2031 2030
f 1966 1967 2032
f 1966 2032 2031
f 1967 1968 2033
f 1967 2033 2032
f 1968 1969 2034
f 1968 2034 2033
f 1969 1970 2035
f 1969 2035 2034
f 1970 1971 2036
f 1970 2036 2035
f 1971 1972 2037
f 1971 2037 2036
f 1972 1973 2038
f 1972 2038 2037
f 1973 1974 2039
f 1973 2039 2038
f 1974 1975 2040
f 1974 2040 2039
f 1975 1976 2041
f 1975 2041 2040
f 1976 1977 2042
f 1976 2042 2041
f 1977 1978 2043
f 1977 2043 2042
f 1978 1979 2044
f 1978 2044 2043
f 1979 1980 2045
f 1979 2045 2044
f 1980 1981 2046
f 1980 2046 2045
f 1981 1982 2047
f 1981 2047 2046
f 1982 1983 2048
f 1982 2048 2047
f 1983 1984 2049
f 1983 2049 2048
f 1984 1985 2050
f 1984 2050 2049
f 1985 1986 2051
f 1985 2051 2050
f 1986 1987 2052
f 1986 2052 2051
f 1987 1988 2053
f 1987 2053 2052
f 1988 1989 2054
f 1988 2054 2053
f 1989 1990 2055
f 1989 2055 2054
f 1990 1991 2056
f 1990 2056 2055
f 1991 1992 2057
f 1991 2057 2056
f 1992 1993 2058
f 1992 2058 2057
f 1993 1994 2059
f 1993 2059 2058
f 1994 1995 2060
f 1994 2060 2059
f 1995 1996 2061
f 1995 2061 2060
f 1996 1997 2062
f 1996 2062 2061
f 1997 1998 2063
f 1997 2063 2062
f 1998 1999 2064
f 1998 2064 2063
f 1999 2000 2065
f 1999 2065 2064
f 2000 2001 2066
f 2000 2066 2065
f 2001 2002 2067
f 2001 2067 2066
f 2002 2003 2068
f 2002 2068 2067
f 2003 2004 2069
f 2003 2069 2068
f 2004 2005 2070
f 2004 2070 2069
f 2005 2006 2071
f 2005 2071 2070
f 2006 2007 2072
f 2006 2072 2071
f 2007 2008 2073
f 2007 2073 2072
f 2008 2009 2074
f 2008 2074 2073
f 2009 2010 2075
f 2009 2075 2074
f 2010 2011 2076
f 2010 2076 2075
f 2011 2012 2077
f 2011 2077 2076
f 2012 2013 2078
f 2012 2078 2077
f 2013 2014 2079
f 2013 2079 2078
f 2014 2015 2080
f 2014 2080 2079
f 2016 2082 2017
f 2017 2083 2018
f 2018 2084 2019
f 2019 2085 2020
f 2020 2086 2021
f 2021 2087 2022
f 2022 2088 2023
f 2023 2089 2024
f 2024 2090 2025
f 2025 2091 2026
f 2026 2092 2027
f 2027 2093 2028
f 2028 2094 2029
f 2029 2095 2030
f 2030 2096 2031
f 2031 2097 2032
f 2032 2098 2033
f 2033 2099 2034
f 2034 2100 2035
f 2035 2101 2036
f 2036 2102 2037
f 2037 2103 2038
f 2038 2104 2039
f 2039 2105 2040
f 2040 2106 2041
f 2041 2107 2042
f 2042 2108 2043
f 2043 2109 2044
f 2044 2110 2045
f 2045 2111 2046
f 2046 2112 2047
f 2047 2113 2048
f 2048 2114 2049
f 2049 2115 2050
f 2050 2116 2051
f 2051 2117 2052
f 2052 2118 2053
f 2053 2119 2054
f 2054 2120 2055
f 2055 2121 2056
f 2056 2122 2057
f 2057 2123 2058
f 2058 2124 2059
f 2059 2125 2060
f 2060 2126 2061
f 2061 2127 2062
f 2062 2128 2063
f 2063 2129 2064
f 2064 2130 2065
f 2065 2131 2066
f 2066 2132 2067
f 2067 2133 2068
f 2068 2134 2069
f 2069 2135 2070
f 2070 2136 2071
f 2071 2137 2072
f 2072 2138 2073
f 2073 2139 2074
f 2074 2140 2075
f 2075 2141 2076
f 2076 2142 2077
f 2077 2143 2078
f 2078 2144 2079
f 2079 2145 2080
