v 0.000000 1.000000 0.000000
v 0.000000 1.000000 0.000000
v 0.000000 1.000000 0.000000
v 0.000000 1.000000 0.000000
v 0.000000 1.000000 0.000000
v 0.000000 1.000000 0.000000
v 0.000000 1.000000 0.000000
v 0.000000 1.000000 0.000000
v 0.000000 1.000000 0.000000
v 0.000000 1.000000 0.000000
v 0.000000 1.000000 0.000000
v 0.000000 1.000000 0.000000
v 0.000000 1.000000 0.000000
v 0.000000 1.000000 0.000000
v 0.000000 1.000000 0.000000
v 0.000000 1.000000 0.000000
v 0.000000 1.000000 0.000000
v 0.000000 1.000000 0.000000
v 0.000000 1.000000 0.000000
v 0.000000 1.000000 0.000000
v 0.000000 1.000000 0.000000
v 0.000000 1.000000 0.000000
v 0.000000 1.000000 0.000000
v 0.000000 1.000000 0.000000
v 0.000000 1.000000 0.000000
v 0.000000 1.000000 0.000000
v 0.000000 1.000000 0.000000
v 0.000000 1.000000 0.000000
v 0.000000 1.000000 0.000000
v 0.000000 1.000000 0.000000
v 0.000000 1.000000 0.000000
v 0.000000 1.000000 0.000000
v 0.000000 1.000000 0.000000
v 0.000000 1.000000 0.000000
v 0.000000 1.000000 0.000000
v 0.000000 1.000000 0.000000
v 0.000000 1.000000 0.000000
v 0.000000 1.000000 0.000000
v 0.000000 1.000000 0.000000
v 0.000000 1.000000 0.000000
v 0.000000 1.000000 0.000000
v 0.000000 1.000000 0.000000
v 0.000000 1.000000 0.000000
v 0.000000 1.000000 0.000000
v 0.000000 1.000000 0.000000
v 0.000000 1.000000 0.000000
v 0.000000 1.000000 0.000000
v 0.000000 1.000000 0.000000
v 0.000000 1.000000 0.000000
v 0.000000 1.000000 0.000000
v 0.000000 1.000000 0.000000
v 0.000000 1.000000 0.000000
v 0.000000 1.000000 0.000000
v 0.000000 1.000000 0.000000
v 0.000000 1.000000 0.000000
v 0.000000 1.000000 0.000000
v 0.000000 1.000000 0.000000
v 0.000000 1.000000 0.000000
v 0.000000 1.000000 0.000000
v 0.000000 1.000000 0.000000
v 0.000000 1.000000 0.000000
v 0.000000 1.000000 0.000000
v 0.000000 1.000000 0.000000
v 0.000000 1.000000 0.000000
v 0.000000 1.000000 0.000000
v 0.098017 0.995185 0.000000
v 0.097545 0.995185 0.009607
v 0.096134 0.995185 0.019122
v 0.093797 0.995185 0.028453
v 0.090556 0.995185 0.037510
v 0.086443 0.995185 0.046205
v 0.081498 0.995185 0.054455
v 0.075768 0.995185 0.062181
v 0.069309 0.995185 0.069309
v 0.062181 0.995185 0.075768
v 0.054455 0.995185 0.081498
v 0.046205 0.995185 0.086443
v 0.037510 0.995185 0.090556
v 0.028453 0.995185 0.093797
v 0.019122 0.995185 0.096134
v 0.009607 0.995185 0.097545
v 0.000000 0.995185 0.098017
v -0.009607 0.995185 0.097545
v -0.019122 0.995185 0.096134
v -0.028453 0.995185 0.093797
v -0.037510 0.995185 0.090556
v -0.046205 0.995185 0.086443
v -0.054455 0.995185 0.081498
v -0.062181 0.995185 0.075768
v -0.069309 0.995185 0.069309
v -0.075768 0.995185 0.062181
v -0.081498 0.995185 0.054455
v -0.086443 0.995185 0.046205
v -0.090556 0.995185 0.037510
v -0.093797 0.995185 0.028453
v -0.096134 0.995185 0.019122
v -0.097545 0.995185 0.009607
v -0.098017 0.995185 0.000000
v -0.097545 0.995185 -0.009607
v -0.096134 0.995185 -0.019122
v -0.093797 0.995185 -0.028453
v -0.090556 0.995185 -0.037510
v -0.086443 0.995185 -0.046205
v -0.081498 0.995185 -0.054455
v -0.075768 0.995185 -0.062181
v -0.069309 0.995185 -0.069309
v -0.062181 0.995185 -0.075768
v -0.054455 0.995185 -0.081498
v -0.046205 0.995185 -0.086443
v -0.037510 0.995185 -0.090556
v -0.028453 0.995185 -0.093797
v -0.019122 0.995185 -0.096134
v -0.009607 0.995185 -0.097545
v -0.000000 0.995185 -0.098017
v 0.009607 0.995185 -0.097545
v 0.019122 0.995185 -0.096134
v 0.028453 0.995185 -0.093797
v 0.037510 0.995185 -0.090556
v 0.046205 0.995185 -0.086443
v 0.054455 0.995185 -0.081498
v 0.062181 0.995185 -0.075768
v 0.069309 0.995185 -0.069309
v 0.075768 0.995185 -0.062181
v 0.081498 0.995185 -0.054455
v 0.086443 0.995185 -0.046205
v 0.090556 0.995185 -0.037510
v 0.093797 0.995185 -0.028453
v 0.096134 0.995185 -0.019122
v 0.097545 0.995185 -0.009607
v 0.098017 0.995185 -0.000000
v 0.195090 0.980785 0.000000
v 0.194151 0.980785 0.019122
v 0.191342 0.980785 0.038060
v 0.186690 0.980785 0.056632
v 0.180240 0.980785 0.074658
v 0.172054 0.980785 0.091965
v 0.162212 0.980785 0.108386
v 0.150807 0.980785 0.123764
v 0.137950 0.980785 0.137950
v 0.123764 0.980785 0.150807
v 0.108386 0.980785 0.162212
v 0.091965 0.980785 0.172054
v 0.074658 0.980785 0.180240
v 0.056632 0.980785 0.186690
v 0.038060 0.980785 0.191342
v 0.019122 0.980785 0.194151
v 0.000000 0.980785 0.195090
v -0.019122 0.980785 0.194151
v -0.038060 0.980785 0.191342
v -0.056632 0.980785 0.186690
v -0.074658 0.980785 0.180240
v -0.091965 0.980785 0.172054
v -0.108386 0.980785 0.162212
v -0.123764 0.980785 0.150807
v -0.137950 0.980785 0.137950
v -0.150807 0.980785 0.123764
v -0.162212 0.980785 0.108386
v -0.172054 0.980785 0.091965
v -0.180240 0.980785 0.074658
v -0.186690 0.980785 0.056632
v -0.191342 0.980785 0.038060
v -0.194151 0.980785 0.019122
v -0.195090 0.980785 0.000000
v -0.194151 0.980785 -0.019122
v -0.191342 0.980785 -0.038060
v -0.186690 0.980785 -0.056632
v -0.180240 0.980785 -0.074658
v -0.172054 0.980785 -0.091965
v -0.162212 0.980785 -0.108386
v -0.150807 0.980785 -0.123764
v -0.137950 0.980785 -0.137950
v -0.123764 0.980785 -0.150807
v -0.108386 0.980785 -0.162212
v -0.091965 0.980785 -0.172054
v -0.074658 0.980785 -0.180240
v -0.056632 0.980785 -0.186690
v -0.038060 0.980785 -0.191342
v -0.019122 0.980785 -0.194151
v -0.000000 0.980785 -0.195090
v 0.019122 0.980785 -0.194151
v 0.038060 0.980785 -0.191342
v 0.056632 0.980785 -0.186690
v 0.074658 0.980785 -0.180240
v 0.091965 0.980785 -0.172054
v 0.108386 0.980785 -0.162212
v 0.123764 0.980785 -0.150807
v 0.137950 0.980785 -0.137950
v 0.150807 0.980785 -0.123764
v 0.162212 0.980785 -0.108386
v 0.172054 0.980785 -0.091965
v 0.180240 0.980785 -0.074658
v 0.186690 0.980785 -0.056632
v 0.191342 0.980785 -0.038060
v 0.194151 0.980785 -0.019122
v 0.195090 0.980785 -0.000000
v 0.290285 0.956940 0.000000
v 0.288887 0.956940 0.028453
v 0.284707 0.956940 0.056632
v 0.277785 0.956940 0.084265
v 0.268188 0.956940 0.111087
v 0.256008 0.956940 0.136839
v 0.241363 0.956940 0.161274
v 0.224393 0.956940 0.184155
v 0.205262 0.956940 0.205262
v 0.184155 0.956940 0.224393
v 0.161274 0.956940 0.241363
v 0.136839 0.956940 0.256008
v 0.111087 0.956940 0.268188
v 0.084265 0.956940 0.277785
v 0.056632 0.956940 0.284707
v 0.028453 0.956940 0.288887
v 0.000000 0.956940 0.290285
v -0.028453 0.956940 0.288887
v -0.056632 0.956940 0.284707
v -0.084265 0.956940 0.277785
v -0.111087 0.956940 0.268188
v -0.136839 0.956940 0.256008
v -0.161274 0.956940 0.241363
v -0.184155 0.956940 0.224393
v -0.205262 0.956940 0.205262
v -0.224393 0.956940 0.184155
v -0.241363 0.956940 0.161274
v -0.256008 0.956940 0.136839
v -0.268188 0.956940 0.111087
v -0.277785 0.956940 0.084265
v -0.284707 0.956940 0.056632
v -0.288887 0.956940 0.028453
v -0.290285 0.956940 0.000000
v -0.288887 0.956940 -0.028453
v -0.284707 0.956940 -0.056632
v -0.277785 0.956940 -0.084265
v -0.268188 0.956940 -0.111087
v -0.256008 0.956940 -0.136839
v -0.241363 0.956940 -0.161274
v -0.224393 0.956940 -0.184155
v -0.205262 0.956940 -0.205262
v -0.184155 0.956940 -0.224393
v -0.161274 0.956940 -0.241363
v -0.136839 0.956940 -0.256008
v -0.111087 0.956940 -0.268188
v -0.084265 0.956940 -0.277785
v -0.056632 0.956940 -0.284707
v -0.028453 0.956940 -0.288887
v -0.000000 0.956940 -0.290285
v 0.028453 0.956940 -0.288887
v 0.056632 0.956940 -0.284707
v 0.084265 0.956940 -0.277785
v 0.111087 0.956940 -0.268188
v 0.136839 0.956940 -0.256008
v 0.161274 0.956940 -0.241363
v 0.184155 0.956940 -0.224393
v 0.205262 0.956940 -0.205262
v 0.224393 0.956940 -0.184155
v 0.241363 0.956940 -0.161274
v 0.256008 0.956940 -0.136839
v 0.268188 0.956940 -0.111087
v 0.277785 0.956940 -0.084265
v 0.284707 0.956940 -0.056632
v 0.288887 0.956940 -0.028453
v 0.290285 0.956940 -0.000000
v 0.382683 0.923880 0.000000
v 0.380841 0.923880 0.037510
v 0.375330 0.923880 0.074658
v 0.366205 0.923880 0.111087
v 0.353553 0.923880 0.146447
v 0.337497 0.923880 0.180396
v 0.318190 0.923880 0.212608
v 0.295818 0.923880 0.242772
v 0.270598 0.923880 0.270598
v 0.242772 0.923880 0.295818
v 0.212608 0.923880 0.318190
v 0.180396 0.923880 0.337497
v 0.146447 0.923880 0.353553
v 0.111087 0.923880 0.366205
v 0.074658 0.923880 0.375330
v 0.037510 0.923880 0.380841
v 0.000000 0.923880 0.382683
v -0.037510 0.923880 0.380841
v -0.074658 0.923880 0.375330
v -0.111087 0.923880 0.366205
v -0.146447 0.923880 0.353553
v -0.180396 0.923880 0.337497
v -0.212608 0.923880 0.318190
v -0.242772 0.923880 0.295818
v -0.270598 0.923880 0.270598
v -0.295818 0.923880 0.242772
v -0.318190 0.923880 0.212608
v -0.337497 0.923880 0.180396
v -0.353553 0.923880 0.146447
v -0.366205 0.923880 0.111087
v -0.375330 0.923880 0.074658
v -0.380841 0.923880 0.037510
v -0.382683 0.923880 0.000000
v -0.380841 0.923880 -0.037510
v -0.375330 0.923880 -0.074658
v -0.366205 0.923880 -0.111087
v -0.353553 0.923880 -0.146447
v -0.337497 0.923880 -0.180396
v -0.318190 0.923880 -0.212608
v -0.295818 0.923880 -0.242772
v -0.270598 0.923880 -0.270598
v -0.242772 0.923880 -0.295818
v -0.212608 0.923880 -0.318190
v -0.180396 0.923880 -0.337497
v -0.146447 0.923880 -0.353553
v -0.111087 0.923880 -0.366205
v -0.074658 0.923880 -0.375330
v -0.037510 0.923880 -0.380841
v -0.000000 0.923880 -0.382683
v 0.037510 0.923880 -0.380841
v 0.074658 0.923880 -0.375330
v 0.111087 0.923880 -0.366205
v 0.146447 0.923880 -0.353553
v 0.180396 0.923880 -0.337497
v 0.212608 0.923880 -0.318190
v 0.242772 0.923880 -0.295818
v 0.270598 0.923880 -0.270598
v 0.295818 0.923880 -0.242772
v 0.318190 0.923880 -0.212608
v 0.337497 0.923880 -0.180396
v 0.353553 0.923880 -0.146447
v 0.366205 0.923880 -0.111087
v 0.375330 0.923880 -0.074658
v 0.380841 0.923880 -0.037510
v 0.382683 0.923880 -0.000000
v 0.471397 0.881921 0.000000
v 0.469127 0.881921 0.046205
v 0.462339 0.881921 0.091965
v 0.451099 0.881921 0.136839
v 0.435514 0.881921 0.180396
v 0.415735 0.881921 0.222215
v 0.391952 0.881921 0.261894
v 0.364395 0.881921 0.299051
v 0.333328 0.881921 0.333328
v 0.299051 0.881921 0.364395
v 0.261894 0.881921 0.391952
v 0.222215 0.881921 0.415735
v 0.180396 0.881921 0.435514
v 0.136839 0.881921 0.451099
v 0.091965 0.881921 0.462339
v 0.046205 0.881921 0.469127
v 0.000000 0.881921 0.471397
v -0.046205 0.881921 0.469127
v -0.091965 0.881921 0.462339
v -0.136839 0.881921 0.451099
v -0.180396 0.881921 0.435514
v -0.222215 0.881921 0.415735
v -0.261894 0.881921 0.391952
v -0.299051 0.881921 0.364395
v -0.333328 0.881921 0.333328
v -0.364395 0.881921 0.299051
v -0.391952 0.881921 0.261894
v -0.415735 0.881921 0.222215
v -0.435514 0.881921 0.180396
v -0.451099 0.881921 0.136839
v -0.462339 0.881921 0.091965
v -0.469127 0.881921 0.046205
v -0.471397 0.881921 0.000000
v -0.469127 0.881921 -0.046205
v -0.462339 0.881921 -0.091965
v -0.451099 0.881921 -0.136839
v -0.435514 0.881921 -0.180396
v -0.415735 0.881921 -0.222215
v -0.391952 0.881921 -0.261894
v -0.364395 0.881921 -0.299051
v -0.333328 0.881921 -0.333328
v -0.299051 0.881921 -0.364395
v -0.261894 0.881921 -0.391952
v -0.222215 0.881921 -0.415735
v -0.180396 0.881921 -0.435514
v -0.136839 0.881921 -0.451099
v -0.091965 0.881921 -0.462339
v -0.046205 0.881921 -0.469127
v -0.000000 0.881921 -0.471397
v 0.046205 0.881921 -0.469127
v 0.091965 0.881921 -0.462339
v 0.136839 0.881921 -0.451099
v 0.180396 0.881921 -0.435514
v 0.222215 0.881921 -0.415735
v 0.261894 0.881921 -0.391952
v 0.299051 0.881921 -0.364395
v 0.333328 0.881921 -0.333328
v 0.364395 0.881921 -0.299051
v 0.391952 0.881921 -0.261894
v 0.415735 0.881921 -0.222215
v 0.435514 0.881921 -0.180396
v 0.451099 0.881921 -0.136839
v 0.462339 0.881921 -0.091965
v 0.469127 0.881921 -0.046205
v 0.471397 0.881921 -0.000000
v 0.555570 0.831470 0.000000
v 0.552895 0.831470 0.054455
v 0.544895 0.831470 0.108386
v 0.531648 0.831470 0.161274
v 0.513280 0.831470 0.212608
v 0.489969 0.831470 0.261894
v 0.461940 0.831470 0.308658
v 0.429462 0.831470 0.352450
v 0.392847 0.831470 0.392847
v 0.352450 0.831470 0.429462
v 0.308658 0.831470 0.461940
v 0.261894 0.831470 0.489969
v 0.212608 0.831470 0.513280
v 0.161274 0.831470 0.531648
v 0.108386 0.831470 0.544895
v 0.054455 0.831470 0.552895
v 0.000000 0.831470 0.555570
v -0.054455 0.831470 0.552895
v -0.108386 0.831470 0.544895
v -0.161274 0.831470 0.531648
v -0.212608 0.831470 0.513280
v -0.261894 0.831470 0.489969
v -0.308658 0.831470 0.461940
v -0.352450 0.831470 0.429462
v -0.392847 0.831470 0.392847
v -0.429462 0.831470 0.352450
v -0.461940 0.831470 0.308658
v -0.489969 0.831470 0.261894
v -0.513280 0.831470 0.212608
v -0.531648 0.831470 0.161274
v -0.544895 0.831470 0.108386
v -0.552895 0.831470 0.054455
v -0.555570 0.831470 0.000000
v -0.552895 0.831470 -0.054455
v -0.544895 0.831470 -0.108386
v -0.531648 0.831470 -0.161274
v -0.513280 0.831470 -0.212608
v -0.489969 0.831470 -0.261894
v -0.461940 0.831470 -0.308658
v -0.429462 0.831470 -0.352450
v -0.392847 0.831470 -0.392847
v -0.352450 0.831470 -0.429462
v -0.308658 0.831470 -0.461940
v -0.261894 0.831470 -0.489969
v -0.212608 0.831470 -0.513280
v -0.161274 0.831470 -0.531648
v -0.108386 0.831470 -0.544895
v -0.054455 0.831470 -0.552895
v -0.000000 0.831470 -0.555570
v 0.054455 0.831470 -0.552895
v 0.108386 0.831470 -0.544895
v 0.161274 0.831470 -0.531648
v 0.212608 0.831470 -0.513280
v 0.261894 0.831470 -0.489969
v 0.308658 0.831470 -0.461940
v 0.352450 0.831470 -0.429462
v 0.392847 0.831470 -0.392847
v 0.429462 0.831470 -0.352450
v 0.461940 0.831470 -0.308658
v 0.489969 0.831470 -0.261894
v 0.513280 0.831470 -0.212608
v 0.531648 0.831470 -0.161274
v 0.544895 0.831470 -0.108386
v 0.552895 0.831470 -0.054455
v 0.555570 0.831470 -0.000000
v 0.634393 0.773010 0.000000
v 0.631339 0.773010 0.062181
v 0.622204 0.773010 0.123764
v 0.607077 0.773010 0.184155
v 0.586103 0.773010 0.242772
v 0.559485 0.773010 0.299051
v 0.527479 0.773010 0.352450
v 0.490393 0.773010 0.402455
v 0.448584 0.773010 0.448584
v 0.402455 0.773010 0.490393
v 0.352450 0.773010 0.527479
v 0.299051 0.773010 0.559485
v 0.242772 0.773010 0.586103
v 0.184155 0.773010 0.607077
v 0.123764 0.773010 0.622204
v 0.062181 0.773010 0.631339
v 0.000000 0.773010 0.634393
v -0.062181 0.773010 0.631339
v -0.123764 0.773010 0.622204
v -0.184155 0.773010 0.607077
v -0.242772 0.773010 0.586103
v -0.299051 0.773010 0.559485
v -0.352450 0.773010 0.527479
v -0.402455 0.773010 0.490393
v -0.448584 0.773010 0.448584
v -0.490393 0.773010 0.402455
v -0.527479 0.773010 0.352450
v -0.559485 0.773010 0.299051
v -0.586103 0.773010 0.242772
v -0.607077 0.773010 0.184155
v -0.622204 0.773010 0.123764
v -0.631339 0.773010 0.062181
v -0.634393 0.773010 0.000000
v -0.631339 0.773010 -0.062181
v -0.622204 0.773010 -0.123764
v -0.607077 0.773010 -0.184155
v -0.586103 0.773010 -0.242772
v -0.559485 0.773010 -0.299051
v -0.527479 0.773010 -0.352450
v -0.490393 0.773010 -0.402455
v -0.448584 0.773010 -0.448584
v -0.402455 0.773010 -0.490393
v -0.352450 0.773010 -0.527479
v -0.299051 0.773010 -0.559485
v -0.242772 0.773010 -0.586103
v -0.184155 0.773010 -0.607077
v -0.123764 0.773010 -0.622204
v -0.062181 0.773010 -0.631339
v -0.000000 0.773010 -0.634393
v 0.062181 0.773010 -0.631339
v 0.123764 0.773010 -0.622204
v 0.184155 0.773010 -0.607077
v 0.242772 0.773010 -0.586103
v 0.299051 0.773010 -0.559485
v 0.352450 0.773010 -0.527479
v 0.402455 0.773010 -0.490393
v 0.448584 0.773010 -0.448584
v 0.490393 0.773010 -0.402455
v 0.527479 0.773010 -0.352450
v 0.559485 0.773010 -0.299051
v 0.586103 0.773010 -0.242772
v 0.607077 0.773010 -0.184155
v 0.622204 0.773010 -0.123764
v 0.631339 0.773010 -0.062181
v 0.634393 0.773010 -0.000000
v 0.707107 0.707107 0.000000
v 0.703702 0.707107 0.069309
v 0.693520 0.707107 0.137950
v 0.676659 0.707107 0.205262
v 0.653281 0.707107 0.270598
v 0.623613 0.707107 0.333328
v 0.587938 0.707107 0.392847
v 0.546601 0.707107 0.448584
v 0.500000 0.707107 0.500000
v 0.448584 0.707107 0.546601
v 0.392847 0.707107 0.587938
v 0.333328 0.707107 0.623613
v 0.270598 0.707107 0.653281
v 0.205262 0.707107 0.676659
v 0.137950 0.707107 0.693520
v 0.069309 0.707107 0.703702
v 0.000000 0.707107 0.707107
v -0.069309 0.707107 0.703702
v -0.137950 0.707107 0.693520
v -0.205262 0.707107 0.676659
v -0.270598 0.707107 0.653281
v -0.333328 0.707107 0.623613
v -0.392847 0.707107 0.587938
v -0.448584 0.707107 0.546601
v -0.500000 0.707107 0.500000
v -0.546601 0.707107 0.448584
v -0.587938 0.707107 0.392847
v -0.623613 0.707107 0.333328
v -0.653281 0.707107 0.270598
v -0.676659 0.707107 0.205262
v -0.693520 0.707107 0.137950
v -0.703702 0.707107 0.069309
v -0.707107 0.707107 0.000000
v -0.703702 0.707107 -0.069309
v -0.693520 0.707107 -0.137950
v -0.676659 0.707107 -0.205262
v -0.653281 0.707107 -0.270598
v -0.623613 0.707107 -0.333328
v -0.587938 0.707107 -0.392847
v -0.546601 0.707107 -0.448584
v -0.500000 0.707107 -0.500000
v -0.448584 0.707107 -0.546601
v -0.392847 0.707107 -0.587938
v -0.333328 0.707107 -0.623613
v -0.270598 0.707107 -0.653281
v -0.205262 0.707107 -0.676659
v -0.137950 0.707107 -0.693520
v -0.069309 0.707107 -0.703702
v -0.000000 0.707107 -0.707107
v 0.069309 0.707107 -0.703702
v 0.137950 0.707107 -0.693520
v 0.205262 0.707107 -0.676659
v 0.270598 0.707107 -0.653281
v 0.333328 0.707107 -0.623613
v 0.392847 0.707107 -0.587938
v 0.448584 0.707107 -0.546601
v 0.500000 0.707107 -0.500000
v 0.546601 0.707107 -0.448584
v 0.587938 0.707107 -0.392847
v 0.623613 0.707107 -0.333328
v 0.653281 0.707107 -0.270598
v 0.676659 0.707107 -0.205262
v 0.693520 0.707107 -0.137950
v 0.703702 0.707107 -0.069309
v 0.707107 0.707107 -0.000000
v 0.773010 0.634393 0.000000
v 0.769288 0.634393 0.075768
v 0.758157 0.634393 0.150807
v 0.739725 0.634393 0.224393
v 0.714169 0.634393 0.295818
v 0.681734 0.634393 0.364395
v 0.642735 0.634393 0.429462
v 0.597545 0.634393 0.490393
v 0.546601 0.634393 0.546601
v 0.490393 0.634393 0.597545
v 0.429462 0.634393 0.642735
v 0.364395 0.634393 0.681734
v 0.295818 0.634393 0.714169
v 0.224393 0.634393 0.739725
v 0.150807 0.634393 0.758157
v 0.075768 0.634393 0.769288
v 0.000000 0.634393 0.773010
v -0.075768 0.634393 0.769288
v -0.150807 0.634393 0.758157
v -0.224393 0.634393 0.739725
v -0.295818 0.634393 0.714169
v -0.364395 0.634393 0.681734
v -0.429462 0.634393 0.642735
v -0.490393 0.634393 0.597545
v -0.546601 0.634393 0.546601
v -0.597545 0.634393 0.490393
v -0.642735 0.634393 0.429462
v -0.681734 0.634393 0.364395
v -0.714169 0.634393 0.295818
v -0.739725 0.634393 0.224393
v -0.758157 0.634393 0.150807
v -0.769288 0.634393 0.075768
v -0.773010 0.634393 0.000000
v -0.769288 0.634393 -0.075768
v -0.758157 0.634393 -0.150807
v -0.739725 0.634393 -0.224393
v -0.714169 0.634393 -0.295818
v -0.681734 0.634393 -0.364395
v -0.642735 0.634393 -0.429462
v -0.597545 0.634393 -0.490393
v -0.546601 0.634393 -0.546601
v -0.490393 0.634393 -0.597545
v -0.429462 0.634393 -0.642735
v -0.364395 0.634393 -0.681734
v -0.295818 0.634393 -0.714169
v -0.224393 0.634393 -0.739725
v -0.150807 0.634393 -0.758157
v -0.075768 0.634393 -0.769288
v -0.000000 0.634393 -0.773010
v 0.075768 0.634393 -0.769288
v 0.150807 0.634393 -0.758157
v 0.224393 0.634393 -0.739725
v 0.295818 0.634393 -0.714169
v 0.364395 0.634393 -0.681734
v 0.429462 0.634393 -0.642735
v 0.490393 0.634393 -0.597545
v 0.546601 0.634393 -0.546601
v 0.597545 0.634393 -0.490393
v 0.642735 0.634393 -0.429462
v 0.681734 0.634393 -0.364395
v 0.714169 0.634393 -0.295818
v 0.739725 0.634393 -0.224393
v 0.758157 0.634393 -0.150807
v 0.769288 0.634393 -0.075768
v 0.773010 0.634393 -0.000000
v 0.831470 0.555570 0.000000
v 0.827466 0.555570 0.081498
v 0.815493 0.555570 0.162212
v 0.795667 0.555570 0.241363
v 0.768178 0.555570 0.318190
v 0.733291 0.555570 0.391952
v 0.691342 0.555570 0.461940
v 0.642735 0.555570 0.527479
v 0.587938 0.555570 0.587938
v 0.527479 0.555570 0.642735
v 0.461940 0.555570 0.691342
v 0.391952 0.555570 0.733291
v 0.318190 0.555570 0.768178
v 0.241363 0.555570 0.795667
v 0.162212 0.555570 0.815493
v 0.081498 0.555570 0.827466
v 0.000000 0.555570 0.831470
v -0.081498 0.555570 0.827466
v -0.162212 0.555570 0.815493
v -0.241363 0.555570 0.795667
v -0.318190 0.555570 0.768178
v -0.391952 0.555570 0.733291
v -0.461940 0.555570 0.691342
v -0.527479 0.555570 0.642735
v -0.587938 0.555570 0.587938
v -0.642735 0.555570 0.527479
v -0.691342 0.555570 0.461940
v -0.733291 0.555570 0.391952
v -0.768178 0.555570 0.318190
v -0.795667 0.555570 0.241363
v -0.815493 0.555570 0.162212
v -0.827466 0.555570 0.081498
v -0.831470 0.555570 0.000000
v -0.827466 0.555570 -0.081498
v -0.815493 0.555570 -0.162212
v -0.795667 0.555570 -0.241363
v -0.768178 0.555570 -0.318190
v -0.733291 0.555570 -0.391952
v -0.691342 0.555570 -0.461940
v -0.642735 0.555570 -0.527479
v -0.587938 0.555570 -0.587938
v -0.527479 0.555570 -0.642735
v -0.461940 0.555570 -0.691342
v -0.391952 0.555570 -0.733291
v -0.318190 0.555570 -0.768178
v -0.241363 0.555570 -0.795667
v -0.162212 0.555570 -0.815493
v -0.081498 0.555570 -0.827466
v -0.000000 0.555570 -0.831470
v 0.081498 0.555570 -0.827466
v 0.162212 0.555570 -0.815493
v 0.241363 0.555570 -0.795667
v 0.318190 0.555570 -0.768178
v 0.391952 0.555570 -0.733291
v 0.461940 0.555570 -0.691342
v 0.527479 0.555570 -0.642735
v 0.587938 0.555570 -0.587938
v 0.642735 0.555570 -0.527479
v 0.691342 0.555570 -0.461940
v 0.733291 0.555570 -0.391952
v 0.768178 0.555570 -0.318190
v 0.795667 0.555570 -0.241363
v 0.815493 0.555570 -0.162212
v 0.827466 0.555570 -0.081498
v 0.831470 0.555570 -0.000000
v 0.881921 0.471397 0.000000
v 0.877675 0.471397 0.086443
v 0.864975 0.471397 0.172054
v 0.843946 0.471397 0.256008
v 0.814789 0.471397 0.337497
v 0.777785 0.471397 0.415735
v 0.733291 0.471397 0.489969
v 0.681734 0.471397 0.559485
v 0.623613 0.471397 0.623613
v 0.559485 0.471397 0.681734
v 0.489969 0.471397 0.733291
v 0.415735 0.471397 0.777785
v 0.337497 0.471397 0.814789
v 0.256008 0.471397 0.843946
v 0.172054 0.471397 0.864975
v 0.086443 0.471397 0.877675
v 0.000000 0.471397 0.881921
v -0.086443 0.471397 0.877675
v -0.172054 0.471397 0.864975
v -0.256008 0.471397 0.843946
v -0.337497 0.471397 0.814789
v -0.415735 0.471397 0.777785
v -0.489969 0.471397 0.733291
v -0.559485 0.471397 0.681734
v -0.623613 0.471397 0.623613
v -0.681734 0.471397 0.559485
v -0.733291 0.471397 0.489969
v -0.777785 0.471397 0.415735
v -0.814789 0.471397 0.337497
v -0.843946 0.471397 0.256008
v -0.864975 0.471397 0.172054
v -0.877675 0.471397 0.086443
v -0.881921 0.471397 0.000000
v -0.877675 0.471397 -0.086443
v -0.864975 0.471397 -0.172054
v -0.843946 0.471397 -0.256008
v -0.814789 0.471397 -0.337497
v -0.777785 0.471397 -0.415735
v -0.733291 0.471397 -0.489969
v -0.681734 0.471397 -0.559485
v -0.623613 0.471397 -0.623613
v -0.559485 0.471397 -0.681734
v -0.489969 0.471397 -0.733291
v -0.415735 0.471397 -0.777785
v -0.337497 0.471397 -0.814789
v -0.256008 0.471397 -0.843946
v -0.172054 0.471397 -0.864975
v -0.086443 0.471397 -0.877675
v -0.000000 0.471397 -0.881921
v 0.086443 0.471397 -0.877675
v 0.172054 0.471397 -0.864975
v 0.256008 0.471397 -0.843946
v 0.337497 0.471397 -0.814789
v 0.415735 0.471397 -0.777785
v 0.489969 0.471397 -0.733291
v 0.559485 0.471397 -0.681734
v 0.623613 0.471397 -0.623613
v 0.681734 0.471397 -0.559485
v 0.733291 0.471397 -0.489969
v 0.777785 0.471397 -0.415735
v 0.814789 0.471397 -0.337497
v 0.843946 0.471397 -0.256008
v 0.864975 0.471397 -0.172054
v 0.877675 0.471397 -0.086443
v 0.881921 0.471397 -0.000000
v 0.923880 0.382683 0.000000
v 0.919431 0.382683 0.090556
v 0.906127 0.382683 0.180240
v 0.884098 0.382683 0.268188
v 0.853553 0.382683 0.353553
v 0.814789 0.382683 0.435514
v 0.768178 0.382683 0.513280
v 0.714169 0.382683 0.586103
v 0.653281 0.382683 0.653281
v 0.586103 0.382683 0.714169
v 0.513280 0.382683 0.768178
v 0.435514 0.382683 0.814789
v 0.353553 0.382683 0.853553
v 0.268188 0.382683 0.884098
v 0.180240 0.382683 0.906127
v 0.090556 0.382683 0.919431
v 0.000000 0.382683 0.923880
v -0.090556 0.382683 0.919431
v -0.180240 0.382683 0.906127
v -0.268188 0.382683 0.884098
v -0.353553 0.382683 0.853553
v -0.435514 0.382683 0.814789
v -0.513280 0.382683 0.768178
v -0.586103 0.382683 0.714169
v -0.653281 0.382683 0.653281
v -0.714169 0.382683 0.586103
v -0.768178 0.382683 0.513280
v -0.814789 0.382683 0.435514
v -0.853553 0.382683 0.353553
v -0.884098 0.382683 0.268188
v -0.906127 0.382683 0.180240
v -0.919431 0.382683 0.090556
v -0.923880 0.382683 0.000000
v -0.919431 0.382683 -0.090556
v -0.906127 0.382683 -0.180240
v -0.884098 0.382683 -0.268188
v -0.853553 0.382683 -0.353553
v -0.814789 0.382683 -0.435514
v -0.768178 0.382683 -0.513280
v -0.714169 0.382683 -0.586103
v -0.653281 0.382683 -0.653281
v -0.586103 0.382683 -0.714169
v -0.513280 0.382683 -0.768178
v -0.435514 0.382683 -0.814789
v -0.353553 0.382683 -0.853553
v -0.268188 0.382683 -0.884098
v -0.180240 0.382683 -0.906127
v -0.090556 0.382683 -0.919431
v -0.000000 0.382683 -0.923880
v 0.090556 0.382683 -0.919431
v 0.180240 0.382683 -0.906127
v 0.268188 0.382683 -0.884098
v 0.353553 0.382683 -0.853553
v 0.435514 0.382683 -0.814789
v 0.513280 0.382683 -0.768178
v 0.586103 0.382683 -0.714169
v 0.653281 0.382683 -0.653281
v 0.714169 0.382683 -0.586103
v 0.768178 0.382683 -0.513280
v 0.814789 0.382683 -0.435514
v 0.853553 0.382683 -0.353553
v 0.884098 0.382683 -0.268188
v 0.906127 0.382683 -0.180240
v 0.919431 0.382683 -0.090556
v 0.923880 0.382683 -0.000000
v 0.956940 0.290285 0.000000
v 0.952332 0.290285 0.093797
v 0.938553 0.290285 0.186690
v 0.915735 0.290285 0.277785
v 0.884098 0.290285 0.366205
v 0.843946 0.290285 0.451099
v 0.795667 0.290285 0.531648
v 0.739725 0.290285 0.607077
v 0.676659 0.290285 0.676659
v 0.607077 0.290285 0.739725
v 0.531648 0.290285 0.795667
v 0.451099 0.290285 0.843946
v 0.366205 0.290285 0.884098
v 0.277785 0.290285 0.915735
v 0.186690 0.290285 0.938553
v 0.093797 0.290285 0.952332
v 0.000000 0.290285 0.956940
v -0.093797 0.290285 0.952332
v -0.186690 0.290285 0.938553
v -0.277785 0.290285 0.915735
v -0.366205 0.290285 0.884098
v -0.451099 0.290285 0.843946
v -0.531648 0.290285 0.795667
v -0.607077 0.290285 0.739725
v -0.676659 0.290285 0.676659
v -0.739725 0.290285 0.607077
v -0.795667 0.290285 0.531648
v -0.843946 0.290285 0.451099
v -0.884098 0.290285 0.366205
v -0.915735 0.290285 0.277785
v -0.938553 0.290285 0.186690
v -0.952332 0.290285 0.093797
v -0.956940 0.290285 0.000000
v -0.952332 0.290285 -0.093797
v -0.938553 0.290285 -0.186690
v -0.915735 0.290285 -0.277785
v -0.884098 0.290285 -0.366205
v -0.843946 0.290285 -0.451099
v -0.795667 0.290285 -0.531648
v -0.739725 0.290285 -0.607077
v -0.676659 0.290285 -0.676659
v -0.607077 0.290285 -0.739725
v -0.531648 0.290285 -0.795667
v -0.451099 0.290285 -0.843946
v -0.366205 0.290285 -0.884098
v -0.277785 0.290285 -0.915735
v -0.186690 0.290285 -0.938553
v -0.093797 0.290285 -0.952332
v -0.000000 0.290285 -0.956940
v 0.093797 0.290285 -0.952332
v 0.186690 0.290285 -0.938553
v 0.277785 0.290285 -0.915735
v 0.366205 0.290285 -0.884098
v 0.451099 0.290285 -0.843946
v 0.531648 0.290285 -0.795667
v 0.607077 0.290285 -0.739725
v 0.676659 0.290285 -0.676659
v 0.739725 0.290285 -0.607077
v 0.795667 0.290285 -0.531648
v 0.843946 0.290285 -0.451099
v 0.884098 0.290285 -0.366205
v 0.915735 0.290285 -0.277785
v 0.938553 0.290285 -0.186690
v 0.952332 0.290285 -0.093797
v 0.956940 0.290285 -0.000000
v 0.980785 0.195090 0.000000
v 0.976063 0.195090 0.096134
v 0.961940 0.195090 0.191342
v 0.938553 0.195090 0.284707
v 0.906127 0.195090 0.375330
v 0.864975 0.195090 0.462339
v 0.815493 0.195090 0.544895
v 0.758157 0.195090 0.622204
v 0.693520 0.195090 0.693520
v 0.622204 0.195090 0.758157
v 0.544895 0.195090 0.815493
v 0.462339 0.195090 0.864975
v 0.375330 0.195090 0.906127
v 0.284707 0.195090 0.938553
v 0.191342 0.195090 0.961940
v 0.096134 0.195090 0.976063
v 0.000000 0.195090 0.980785
v -0.096134 0.195090 0.976063
v -0.191342 0.195090 0.961940
v -0.284707 0.195090 0.938553
v -0.375330 0.195090 0.906127
v -0.462339 0.195090 0.864975
v -0.544895 0.195090 0.815493
v -0.622204 0.195090 0.758157
v -0.693520 0.195090 0.693520
v -0.758157 0.195090 0.622204
v -0.815493 0.195090 0.544895
v -0.864975 0.195090 0.462339
v -0.906127 0.195090 0.375330
v -0.938553 0.195090 0.284707
v -0.961940 0.195090 0.191342
v -0.976063 0.195090 0.096134
v -0.980785 0.195090 0.000000
v -0.976063 0.195090 -0.096134
v -0.961940 0.195090 -0.191342
v -0.938553 0.195090 -0.284707
v -0.906127 0.195090 -0.375330
v -0.864975 0.195090 -0.462339
v -0.815493 0.195090 -0.544895
v -0.758157 0.195090 -0.622204
v -0.693520 0.195090 -0.693520
v -0.622204 0.195090 -0.758157
v -0.544895 0.195090 -0.815493
v -0.462339 0.195090 -0.864975
v -0.375330 0.195090 -0.906127
v -0.284707 0.195090 -0.938553
v -0.191342 0.195090 -0.961940
v -0.096134 0.195090 -0.976063
v -0.000000 0.195090 -0.980785
v 0.096134 0.195090 -0.976063
v 0.191342 0.195090 -0.961940
v 0.284707 0.195090 -0.938553
v 0.375330 0.195090 -0.906127
v 0.462339 0.195090 -0.864975
v 0.544895 0.195090 -0.815493
v 0.622204 0.195090 -0.758157
v 0.693520 0.195090 -0.693520
v 0.758157 0.195090 -0.622204
v 0.815493 0.195090 -0.544895
v 0.864975 0.195090 -0.462339
v 0.906127 0.195090 -0.375330
v 0.938553 0.195090 -0.284707
v 0.961940 0.195090 -0.191342
v 0.976063 0.195090 -0.096134
v 0.980785 0.195090 -0.000000
v 0.995185 0.098017 0.000000
v 0.990393 0.098017 0.097545
v 0.976063 0.098017 0.194151
v 0.952332 0.098017 0.288887
v 0.919431 0.098017 0.380841
v 0.877675 0.098017 0.469127
v 0.827466 0.098017 0.552895
v 0.769288 0.098017 0.631339
v 0.703702 0.098017 0.703702
v 0.631339 0.098017 0.769288
v 0.552895 0.098017 0.827466
v 0.469127 0.098017 0.877675
v 0.380841 0.098017 0.919431
v 0.288887 0.098017 0.952332
v 0.194151 0.098017 0.976063
v 0.097545 0.098017 0.990393
v 0.000000 0.098017 0.995185
v -0.097545 0.098017 0.990393
v -0.194151 0.098017 0.976063
v -0.288887 0.098017 0.952332
v -0.380841 0.098017 0.919431
v -0.469127 0.098017 0.877675
v -0.552895 0.098017 0.827466
v -0.631339 0.098017 0.769288
v -0.703702 0.098017 0.703702
v -0.769288 0.098017 0.631339
v -0.827466 0.098017 0.552895
v -0.877675 0.098017 0.469127
v -0.919431 0.098017 0.380841
v -0.952332 0.098017 0.288887
v -0.976063 0.098017 0.194151
v -0.990393 0.098017 0.097545
v -0.995185 0.098017 0.000000
v -0.990393 0.098017 -0.097545
v -0.976063 0.098017 -0.194151
v -0.952332 0.098017 -0.288887
v -0.919431 0.098017 -0.380841
v -0.877675 0.098017 -0.469127
v -0.827466 0.098017 -0.552895
v -0.769288 0.098017 -0.631339
v -0.703702 0.098017 -0.703702
v -0.631339 0.098017 -0.769288
v -0.552895 0.098017 -0.827466
v -0.469127 0.098017 -0.877675
v -0.380841 0.098017 -0.919431
v -0.288887 0.098017 -0.952332
v -0.194151 0.098017 -0.976063
v -0.097545 0.098017 -0.990393
v -0.000000 0.098017 -0.995185
v 0.097545 0.098017 -0.990393
v 0.194151 0.098017 -0.976063
v 0.288887 0.098017 -0.952332
v 0.380841 0.098017 -0.919431
v 0.469127 0.098017 -0.877675
v 0.552895 0.098017 -0.827466
v 0.631339 0.098017 -0.769288
v 0.703702 0.098017 -0.703702
v 0.769288 0.098017 -0.631339
v 0.827466 0.098017 -0.552895
v 0.877675 0.098017 -0.469127
v 0.919431 0.098017 -0.380841
v 0.952332 0.098017 -0.288887
v 0.976063 0.098017 -0.194151
v 0.990393 0.098017 -0.097545
v 0.995185 0.098017 -0.000000
v 1.000000 0.000000 0.000000
v 0.995185 0.000000 0.098017
v 0.980785 0.000000 0.195090
v 0.956940 0.000000 0.290285
v 0.923880 0.000000 0.382683
v 0.881921 0.000000 0.471397
v 0.831470 0.000000 0.555570
v 0.773010 0.000000 0.634393
v 0.707107 0.000000 0.707107
v 0.634393 0.000000 0.773010
v 0.555570 0.000000 0.831470
v 0.471397 0.000000 0.881921
v 0.382683 0.000000 0.923880
v 0.290285 0.000000 0.956940
v 0.195090 0.000000 0.980785
v 0.098017 0.000000 0.995185
v 0.000000 0.000000 1.000000
v -0.098017 0.000000 0.995185
v -0.195090 0.000000 0.980785
v -0.290285 0.000000 0.956940
v -0.382683 0.000000 0.923880
v -0.471397 0.000000 0.881921
v -0.555570 0.000000 0.831470
v -0.634393 0.000000 0.773010
v -0.707107 0.000000 0.707107
v -0.773010 0.000000 0.634393
v -0.831470 0.000000 0.555570
v -0.881921 0.000000 0.471397
v -0.923880 0.000000 0.382683
v -0.956940 0.000000 0.290285
v -0.980785 0.000000 0.195090
v -0.995185 0.000000 0.098017
v -1.000000 0.000000 0.000000
v -0.995185 0.000000 -0.098017
v -0.980785 0.000000 -0.195090
v -0.956940 0.000000 -0.290285
v -0.923880 0.000000 -0.382683
v -0.881921 0.000000 -0.471397
v -0.831470 0.000000 -0.555570
v -0.773010 0.000000 -0.634393
v -0.707107 0.000000 -0.707107
v -0.634393 0.000000 -0.773010
v -0.555570 0.000000 -0.831470
v -0.471397 0.000000 -0.881921
v -0.382683 0.000000 -0.923880
v -0.290285 0.000000 -0.956940
v -0.195090 0.000000 -0.980785
v -0.098017 0.000000 -0.995185
v -0.000000 0.000000 -1.000000
v 0.098017 0.000000 -0.995185
v 0.195090 0.000000 -0.980785
v 0.290285 0.000000 -0.956940
v 0.382683 0.000000 -0.923880
v 0.471397 0.000000 -0.881921
v 0.555570 0.000000 -0.831470
v 0.634393 0.000000 -0.773010
v 0.707107 0.000000 -0.707107
v 0.773010 0.000000 -0.634393
v 0.831470 0.000000 -0.555570
v 0.881921 0.000000 -0.471397
v 0.923880 0.000000 -0.382683
v 0.956940 0.000000 -0.290285
v 0.980785 0.000000 -0.195090
v 0.995185 0.000000 -0.098017
v 1.000000 0.000000 -0.000000
v 0.995185 -0.098017 0.000000
v 0.990393 -0.098017 0.097545
v 0.976063 -0.098017 0.194151
v 0.952332 -0.098017 0.288887
v 0.919431 -0.098017 0.380841
v 0.877675 -0.098017 0.469127
v 0.827466 -0.098017 0.552895
v 0.769288 -0.098017 0.631339
v 0.703702 -0.098017 0.703702
v 0.631339 -0.098017 0.769288
v 0.552895 -0.098017 0.827466
v 0.469127 -0.098017 0.877675
v 0.380841 -0.098017 0.919431
v 0.288887 -0.098017 0.952332
v 0.194151 -0.098017 0.976063
v 0.097545 -0.098017 0.990393
v 0.000000 -0.098017 0.995185
v -0.097545 -0.098017 0.990393
v -0.194151 -0.098017 0.976063
v -0.288887 -0.098017 0.952332
v -0.380841 -0.098017 0.919431
v -0.469127 -0.098017 0.877675
v -0.552895 -0.098017 0.827466
v -0.631339 -0.098017 0.769288
v -0.703702 -0.098017 0.703702
v -0.769288 -0.098017 0.631339
v -0.827466 -0.098017 0.552895
v -0.877675 -0.098017 0.469127
v -0.919431 -0.098017 0.380841
v -0.952332 -0.098017 0.288887
v -0.976063 -0.098017 0.194151
v -0.990393 -0.098017 0.097545
v -0.995185 -0.098017 0.000000
v -0.990393 -0.098017 -0.097545
v -0.976063 -0.098017 -0.194151
v -0.952332 -0.098017 -0.288887
v -0.919431 -0.098017 -0.380841
v -0.877675 -0.098017 -0.469127
v -0.827466 -0.098017 -0.552895
v -0.769288 -0.098017 -0.631339
v -0.703702 -0.098017 -0.703702
v -0.631339 -0.098017 -0.769288
v -0.552895 -0.098017 -0.827466
v -0.469127 -0.098017 -0.877675
v -0.380841 -0.098017 -0.919431
v -0.288887 -0.098017 -0.952332
v -0.194151 -0.098017 -0.976063
v -0.097545 -0.098017 -0.990393
v -0.000000 -0.098017 -0.995185
v 0.097545 -0.098017 -0.990393
v 0.194151 -0.098017 -0.976063
v 0.288887 -0.098017 -0.952332
v 0.380841 -0.098017 -0.919431
v 0.469127 -0.098017 -0.877675
v 0.552895 -0.098017 -0.827466
v 0.631339 -0.098017 -0.769288
v 0.703702 -0.098017 -0.703702
v 0.769288 -0.098017 -0.631339
v 0.827466 -0.098017 -0.552895
v 0.877675 -0.098017 -0.469127
v 0.919431 -0.098017 -0.380841
v 0.952332 -0.098017 -0.288887
v 0.976063 -0.098017 -0.194151
v 0.990393 -0.098017 -0.097545
v 0.995185 -0.098017 -0.000000
v 0.980785 -0.195090 0.000000
v 0.976063 -0.195090 0.096134
v 0.961940 -0.195090 0.191342
v 0.938553 -0.195090 0.284707
v 0.906127 -0.195090 0.375330
v 0.864975 -0.195090 0.462339
v 0.815493 -0.195090 0.544895
v 0.758157 -0.195090 0.622204
v 0.693520 -0.195090 0.693520
v 0.622204 -0.195090 0.758157
v 0.544895 -0.195090 0.815493
v 0.462339 -0.195090 0.864975
v 0.375330 -0.195090 0.906127
v 0.284707 -0.195090 0.938553
v 0.191342 -0.195090 0.961940
v 0.096134 -0.195090 0.976063
v 0.000000 -0.195090 0.980785
v -0.096134 -0.195090 0.976063
v -0.191342 -0.195090 0.961940
v -0.284707 -0.195090 0.938553
v -0.375330 -0.195090 0.906127
v -0.462339 -0.195090 0.864975
v -0.544895 -0.195090 0.815493
v -0.622204 -0.195090 0.758157
v -0.693520 -0.195090 0.693520
v -0.758157 -0.195090 0.622204
v -0.815493 -0.195090 0.544895
v -0.864975 -0.195090 0.462339
v -0.906127 -0.195090 0.375330
v -0.938553 -0.195090 0.284707
v -0.961940 -0.195090 0.191342
v -0.976063 -0.195090 0.096134
v -0.980785 -0.195090 0.000000
v -0.976063 -0.195090 -0.096134
v -0.961940 -0.195090 -0.191342
v -0.938553 -0.195090 -0.284707
v -0.906127 -0.195090 -0.375330
v -0.864975 -0.195090 -0.462339
v -0.815493 -0.195090 -0.544895
v -0.758157 -0.195090 -0.622204
v -0.693520 -0.195090 -0.693520
v -0.622204 -0.195090 -0.758157
v -0.544895 -0.195090 -0.815493
v -0.462339 -0.195090 -0.864975
v -0.375330 -0.195090 -0.906127
v -0.284707 -0.195090 -0.938553
v -0.191342 -0.195090 -0.961940
v -0.096134 -0.195090 -0.976063
v -0.000000 -0.195090 -0.980785
v 0.096134 -0.195090 -0.976063
v 0.191342 -0.195090 -0.961940
v 0.284707 -0.195090 -0.938553
v 0.375330 -0.195090 -0.906127
v 0.462339 -0.195090 -0.864975
v 0.544895 -0.195090 -0.815493
v 0.622204 -0.195090 -0.758157
v 0.693520 -0.195090 -0.693520
v 0.758157 -0.195090 -0.622204
v 0.815493 -0.195090 -0.544895
v 0.864975 -0.195090 -0.462339
v 0.906127 -0.195090 -0.375330
v 0.938553 -0.195090 -0.284707
v 0.961940 -0.195090 -0.191342
v 0.976063 -0.195090 -0.096134
v 0.980785 -0.195090 -0.000000
v 0.956940 -0.290285 0.000000
v 0.952332 -0.290285 0.093797
v 0.938553 -0.290285 0.186690
v 0.915735 -0.290285 0.277785
v 0.884098 -0.290285 0.366205
v 0.843946 -0.290285 0.451099
v 0.795667 -0.290285 0.531648
v 0.739725 -0.290285 0.607077
v 0.676659 -0.290285 0.676659
v 0.607077 -0.290285 0.739725
v 0.531648 -0.290285 0.795667
v 0.451099 -0.290285 0.843946
v 0.366205 -0.290285 0.884098
v 0.277785 -0.290285 0.915735
v 0.186690 -0.290285 0.938553
v 0.093797 -0.290285 0.952332
v 0.000000 -0.290285 0.956940
v -0.093797 -0.290285 0.952332
v -0.186690 -0.290285 0.938553
v -0.277785 -0.290285 0.915735
v -0.366205 -0.290285 0.884098
v -0.451099 -0.290285 0.843946
v -0.531648 -0.290285 0.795667
v -0.607077 -0.290285 0.739725
v -0.676659 -0.290285 0.676659
v -0.739725 -0.290285 0.607077
v -0.795667 -0.290285 0.531648
v -0.843946 -0.290285 0.451099
v -0.884098 -0.290285 0.366205
v -0.915735 -0.290285 0.277785
v -0.938553 -0.290285 0.186690
v -0.952332 -0.290285 0.093797
v -0.956940 -0.290285 0.000000
v -0.952332 -0.290285 -0.093797
v -0.938553 -0.290285 -0.186690
v -0.915735 -0.290285 -0.277785
v -0.884098 -0.290285 -0.366205
v -0.843946 -0.290285 -0.451099
v -0.795667 -0.290285 -0.531648
v -0.739725 -0.290285 -0.607077
v -0.676659 -0.290285 -0.676659
v -0.607077 -0.290285 -0.739725
v -0.531648 -0.290285 -0.795667
v -0.451099 -0.290285 -0.843946
v -0.366205 -0.290285 -0.884098
v -0.277785 -0.290285 -0.915735
v -0.186690 -0.290285 -0.938553
v -0.093797 -0.290285 -0.952332
v -0.000000 -0.290285 -0.956940
v 0.093797 -0.290285 -0.952332
v 0.186690 -0.290285 -0.938553
v 0.277785 -0.290285 -0.915735
v 0.366205 -0.290285 -0.884098
v 0.451099 -0.290285 -0.843946
v 0.531648 -0.290285 -0.795667
v 0.607077 -0.290285 -0.739725
v 0.676659 -0.290285 -0.676659
v 0.739725 -0.290285 -0.607077
v 0.795667 -0.290285 -0.531648
v 0.843946 -0.290285 -0.451099
v 0.884098 -0.290285 -0.366205
v 0.915735 -0.290285 -0.277785
v 0.938553 -0.290285 -0.186690
v 0.952332 -0.290285 -0.093797
v 0.956940 -0.290285 -0.000000
v 0.923880 -0.382683 0.000000
v 0.919431 -0.382683 0.090556
v 0.906127 -0.382683 0.180240
v 0.884098 -0.382683 0.268188
v 0.853553 -0.382683 0.353553
v 0.814789 -0.382683 0.435514
v 0.768178 -0.382683 0.513280
v 0.714169 -0.382683 0.586103
v 0.653281 -0.382683 0.653281
v 0.586103 -0.382683 0.714169
v 0.513280 -0.382683 0.768178
v 0.435514 -0.382683 0.814789
v 0.353553 -0.382683 0.853553
v 0.268188 -0.382683 0.884098
v 0.180240 -0.382683 0.906127
v 0.090556 -0.382683 0.919431
v 0.000000 -0.382683 0.923880
v -0.090556 -0.382683 0.919431
v -0.180240 -0.382683 0.906127
v -0.268188 -0.382683 0.884098
v -0.353553 -0.382683 0.853553
v -0.435514 -0.382683 0.814789
v -0.513280 -0.382683 0.768178
v -0.586103 -0.382683 0.714169
v -0.653281 -0.382683 0.653281
v -0.714169 -0.382683 0.586103
v -0.768178 -0.382683 0.513280
v -0.814789 -0.382683 0.435514
v -0.853553 -0.382683 0.353553
v -0.884098 -0.382683 0.268188
v -0.906127 -0.382683 0.180240
v -0.919431 -0.382683 0.090556
v -0.923880 -0.382683 0.000000
v -0.919431 -0.382683 -0.090556
v -0.906127 -0.382683 -0.180240
v -0.884098 -0.382683 -0.268188
v -0.853553 -0.382683 -0.353553
v -0.814789 -0.382683 -0.435514
v -0.768178 -0.382683 -0.513280
v -0.714169 -0.382683 -0.586103
v -0.653281 -0.382683 -0.653281
v -0.586103 -0.382683 -0.714169
v -0.513280 -0.382683 -0.768178
v -0.435514 -0.382683 -0.814789
v -0.353553 -0.382683 -0.853553
v -0.268188 -0.382683 -0.884098
v -0.180240 -0.382683 -0.906127
v -0.090556 -0.382683 -0.919431
v -0.000000 -0.382683 -0.923880
v 0.090556 -0.382683 -0.919431
v 0.180240 -0.382683 -0.906127
v 0.268188 -0.382683 -0.884098
v 0.353553 -0.382683 -0.853553
v 0.435514 -0.382683 -0.814789
v 0.513280 -0.382683 -0.768178
v 0.586103 -0.382683 -0.714169
v 0.653281 -0.382683 -0.653281
v 0.714169 -0.382683 -0.586103
v 0.768178 -0.382683 -0.513280
v 0.814789 -0.382683 -0.435514
v 0.853553 -0.382683 -0.353553
v 0.884098 -0.382683 -0.268188
v 0.906127 -0.382683 -0.180240
v 0.919431 -0.382683 -0.090556
v 0.923880 -0.382683 -0.000000
v 0.881921 -0.471397 0.000000
v 0.877675 -0.471397 0.086443
v 0.864975 -0.471397 0.172054
v 0.843946 -0.471397 0.256008
v 0.814789 -0.471397 0.337497
v 0.777785 -0.471397 0.415735
v 0.733291 -0.471397 0.489969
v 0.681734 -0.471397 0.559485
v 0.623613 -0.471397 0.623613
v 0.559485 -0.471397 0.681734
v 0.489969 -0.471397 0.733291
v 0.415735 -0.471397 0.777785
v 0.337497 -0.471397 0.814789
v 0.256008 -0.471397 0.843946
v 0.172054 -0.471397 0.864975
v 0.086443 -0.471397 0.877675
v 0.000000 -0.471397 0.881921
v -0.086443 -0.471397 0.877675
v -0.172054 -0.471397 0.864975
v -0.256008 -0.471397 0.843946
v -0.337497 -0.471397 0.814789
v -0.415735 -0.471397 0.777785
v -0.489969 -0.471397 0.733291
v -0.559485 -0.471397 0.681734
v -0.623613 -0.471397 0.623613
v -0.681734 -0.471397 0.559485
v -0.733291 -0.471397 0.489969
v -0.777785 -0.471397 0.415735
v -0.814789 -0.471397 0.337497
v -0.843946 -0.471397 0.256008
v -0.864975 -0.471397 0.172054
v -0.877675 -0.471397 0.086443
v -0.881921 -0.471397 0.000000
v -0.877675 -0.471397 -0.086443
v -0.864975 -0.471397 -0.172054
v -0.843946 -0.471397 -0.256008
v -0.814789 -0.471397 -0.337497
v -0.777785 -0.471397 -0.415735
v -0.733291 -0.471397 -0.489969
v -0.681734 -0.471397 -0.559485
v -0.623613 -0.471397 -0.623613
v -0.559485 -0.471397 -0.681734
v -0.489969 -0.471397 -0.733291
v -0.415735 -0.471397 -0.777785
v -0.337497 -0.471397 -0.814789
v -0.256008 -0.471397 -0.843946
v -0.172054 -0.471397 -0.864975
v -0.086443 -0.471397 -0.877675
v -0.000000 -0.471397 -0.881921
v 0.086443 -0.471397 -0.877675
v 0.172054 -0.471397 -0.864975
v 0.256008 -0.471397 -0.843946
v 0.337497 -0.471397 -0.814789
v 0.415735 -0.471397 -0.777785
v 0.489969 -0.471397 -0.733291
v 0.559485 -0.471397 -0.681734
v 0.623613 -0.471397 -0.623613
v 0.681734 -0.471397 -0.559485
v 0.733291 -0.471397 -0.489969
v 0.777785 -0.471397 -0.415735
v 0.814789 -0.471397 -0.337497
v 0.843946 -0.471397 -0.256008
v 0.864975 -0.471397 -0.172054
v 0.877675 -0.471397 -0.086443
v 0.881921 -0.471397 -0.000000
v 0.831470 -0.555570 0.000000
v 0.827466 -0.555570 0.081498
v 0.815493 -0.555570 0.162212
v 0.795667 -0.555570 0.241363
v 0.768178 -0.555570 0.318190
v 0.733291 -0.555570 0.391952
v 0.691342 -0.555570 0.461940
v 0.642735 -0.555570 0.527479
v 0.587938 -0.555570 0.587938
v 0.527479 -0.555570 0.642735
v 0.461940 -0.555570 0.691342
v 0.391952 -0.555570 0.733291
v 0.318190 -0.555570 0.768178
v 0.241363 -0.555570 0.795667
v 0.162212 -0.555570 0.815493
v 0.081498 -0.555570 0.827466
v 0.000000 -0.555570 0.831470
v -0.081498 -0.555570 0.827466
v -0.162212 -0.555570 0.815493
v -0.241363 -0.555570 0.795667
v -0.318190 -0.555570 0.768178
v -0.391952 -0.555570 0.733291
v -0.461940 -0.555570 0.691342
v -0.527479 -0.555570 0.642735
v -0.587938 -0.555570 0.587938
v -0.642735 -0.555570 0.527479
v -0.691342 -0.555570 0.461940
v -0.733291 -0.555570 0.391952
v -0.768178 -0.555570 0.318190
v -0.795667 -0.555570 0.241363
v -0.815493 -0.555570 0.162212
v -0.827466 -0.555570 0.081498
v -0.831470 -0.555570 0.000000
v -0.827466 -0.555570 -0.081498
v -0.815493 -0.555570 -0.162212
v -0.795667 -0.555570 -0.241363
v -0.768178 -0.555570 -0.318190
v -0.733291 -0.555570 -0.391952
v -0.691342 -0.555570 -0.461940
v -0.642735 -0.555570 -0.527479
v -0.587938 -0.555570 -0.587938
v -0.527479 -0.555570 -0.642735
v -0.461940 -0.555570 -0.691342
v -0.391952 -0.555570 -0.733291
v -0.318190 -0.555570 -0.768178
v -0.241363 -0.555570 -0.795667
v -0.162212 -0.555570 -0.815493
v -0.081498 -0.555570 -0.827466
v -0.000000 -0.555570 -0.831470
v 0.081498 -0.555570 -0.827466
v 0.162212 -0.555570 -0.815493
v 0.241363 -0.555570 -0.795667
v 0.318190 -0.555570 -0.768178
v 0.391952 -0.555570 -0.733291
v 0.461940 -0.555570 -0.691342
v 0.527479 -0.555570 -0.642735
v 0.587938 -0.555570 -0.587938
v 0.642735 -0.555570 -0.527479
v 0.691342 -0.555570 -0.461940
v 0.733291 -0.555570 -0.391952
v 0.768178 -0.555570 -0.318190
v 0.795667 -0.555570 -0.241363
v 0.815493 -0.555570 -0.162212
v 0.827466 -0.555570 -0.081498
v 0.831470 -0.555570 -0.000000
v 0.773010 -0.634393 0.000000
v 0.769288 -0.634393 0.075768
v 0.758157 -0.634393 0.150807
v 0.739725 -0.634393 0.224393
v 0.714169 -0.634393 0.295818
v 0.681734 -0.634393 0.364395
v 0.642735 -0.634393 0.429462
v 0.597545 -0.634393 0.490393
v 0.546601 -0.634393 0.546601
v 0.490393 -0.634393 0.597545
v 0.429462 -0.634393 0.642735
v 0.364395 -0.634393 0.681734
v 0.295818 -0.634393 0.714169
v 0.224393 -0.634393 0.739725
v 0.150807 -0.634393 0.758157
v 0.075768 -0.634393 0.769288
v 0.000000 -0.634393 0.773010
v -0.075768 -0.634393 0.769288
v -0.150807 -0.634393 0.758157
v -0.224393 -0.634393 0.739725
v -0.295818 -0.634393 0.714169
v -0.364395 -0.634393 0.681734
v -0.429462 -0.634393 0.642735
v -0.490393 -0.634393 0.597545
v -0.546601 -0.634393 0.546601
v -0.597545 -0.634393 0.490393
v -0.642735 -0.634393 0.429462
v -0.681734 -0.634393 0.364395
v -0.714169 -0.634393 0.295818
v -0.739725 -0.634393 0.224393
v -0.758157 -0.634393 0.150807
v -0.769288 -0.634393 0.075768
v -0.773010 -0.634393 0.000000
v -0.769288 -0.634393 -0.075768
v -0.758157 -0.634393 -0.150807
v -0.739725 -0.634393 -0.224393
v -0.714169 -0.634393 -0.295818
v -0.681734 -0.634393 -0.364395
v -0.642735 -0.634393 -0.429462
v -0.597545 -0.634393 -0.490393
v -0.546601 -0.634393 -0.546601
v -0.490393 -0.634393 -0.597545
v -0.429462 -0.634393 -0.642735
v -0.364395 -0.634393 -0.681734
v -0.295818 -0.634393 -0.714169
v -0.224393 -0.634393 -0.739725
v -0.150807 -0.634393 -0.758157
v -0.075768 -0.634393 -0.769288
v -0.000000 -0.634393 -0.773010
v 0.075768 -0.634393 -0.769288
v 0.150807 -0.634393 -0.758157
v 0.224393 -0.634393 -0.739725
v 0.295818 -0.634393 -0.714169
v 0.364395 -0.634393 -0.681734
v 0.429462 -0.634393 -0.642735
v 0.490393 -0.634393 -0.597545
v 0.546601 -0.634393 -0.546601
v 0.597545 -0.634393 -0.490393
v 0.642735 -0.634393 -0.429462
v 0.681734 -0.634393 -0.364395
v 0.714169 -0.634393 -0.295818
v 0.739725 -0.634393 -0.224393
v 0.758157 -0.634393 -0.150807
v 0.769288 -0.634393 -0.075768
v 0.773010 -0.634393 -0.000000
v 0.707107 -0.707107 0.000000
v 0.703702 -0.707107 0.069309
v 0.693520 -0.707107 0.137950
v 0.676659 -0.707107 0.205262
v 0.653281 -0.707107 0.270598
v 0.623613 -0.707107 0.333328
v 0.587938 -0.707107 0.392847
v 0.546601 -0.707107 0.448584
v 0.500000 -0.707107 0.500000
v 0.448584 -0.707107 0.546601
v 0.392847 -0.707107 0.587938
v 0.333328 -0.707107 0.623613
v 0.270598 -0.707107 0.653281
v 0.205262 -0.707107 0.676659
v 0.137950 -0.707107 0.693520
v 0.069309 -0.707107 0.703702
v 0.000000 -0.707107 0.707107
v -0.069309 -0.707107 0.703702
v -0.137950 -0.707107 0.693520
v -0.205262 -0.707107 0.676659
v -0.270598 -0.707107 0.653281
v -0.333328 -0.707107 0.623613
v -0.392847 -0.707107 0.587938
v -0.448584 -0.707107 0.546601
v -0.500000 -0.707107 0.500000
v -0.546601 -0.707107 0.448584
v -0.587938 -0.707107 0.392847
v -0.623613 -0.707107 0.333328
v -0.653281 -0.707107 0.270598
v -0.676659 -0.707107 0.205262
v -0.693520 -0.707107 0.137950
v -0.703702 -0.707107 0.069309
v -0.707107 -0.707107 0.000000
v -0.703702 -0.707107 -0.069309
v -0.693520 -0.707107 -0.137950
v -0.676659 -0.707107 -0.205262
v -0.653281 -0.707107 -0.270598
v -0.623613 -0.707107 -0.333328
v -0.587938 -0.707107 -0.392847
v -0.546601 -0.707107 -0.448584
v -0.500000 -0.707107 -0.500000
v -0.448584 -0.707107 -0.546601
v -0.392847 -0.707107 -0.587938
v -0.333328 -0.707107 -0.623613
v -0.270598 -0.707107 -0.653281
v -0.205262 -0.707107 -0.676659
v -0.137950 -0.707107 -0.693520
v -0.069309 -0.707107 -0.703702
v -0.000000 -0.707107 -0.707107
v 0.069309 -0.707107 -0.703702
v 0.137950 -0.707107 -0.693520
v 0.205262 -0.707107 -0.676659
v 0.270598 -0.707107 -0.653281
v 0.333328 -0.707107 -0.623613
v 0.392847 -0.707107 -0.587938
v 0.448584 -0.707107 -0.546601
v 0.500000 -0.707107 -0.500000
v 0.546601 -0.707107 -0.448584
v 0.587938 -0.707107 -0.392847
v 0.623613 -0.707107 -0.333328
v 0.653281 -0.707107 -0.270598
v 0.676659 -0.707107 -0.205262
v 0.693520 -0.707107 -0.137950
v 0.703702 -0.707107 -0.069309
v 0.707107 -0.707107 -0.000000
v 0.634393 -0.773010 0.000000
v 0.631339 -0.773010 0.062181
v 0.622204 -0.773010 0.123764
v 0.607077 -0.773010 0.184155
v 0.586103 -0.773010 0.242772
v 0.559485 -0.773010 0.299051
v 0.527479 -0.773010 0.352450
v 0.490393 -0.773010 0.402455
v 0.448584 -0.773010 0.448584
v 0.402455 -0.773010 0.490393
v 0.352450 -0.773010 0.527479
v 0.299051 -0.773010 0.559485
v 0.242772 -0.773010 0.586103
v 0.184155 -0.773010 0.607077
v 0.123764 -0.773010 0.622204
v 0.062181 -0.773010 0.631339
v 0.000000 -0.773010 0.634393
v -0.062181 -0.773010 0.631339
v -0.123764 -0.773010 0.622204
v -0.184155 -0.773010 0.607077
v -0.242772 -0.773010 0.586103
v -0.299051 -0.773010 0.559485
v -0.352450 -0.773010 0.527479
v -0.402455 -0.773010 0.490393
v -0.448584 -0.773010 0.448584
v -0.490393 -0.773010 0.402455
v -0.527479 -0.773010 0.352450
v -0.559485 -0.773010 0.299051
v -0.586103 -0.773010 0.242772
v -0.607077 -0.773010 0.184155
v -0.622204 -0.773010 0.123764
v -0.631339 -0.773010 0.062181
v -0.634393 -0.773010 0.000000
v -0.631339 -0.773010 -0.062181
v -0.622204 -0.773010 -0.123764
v -0.607077 -0.773010 -0.184155
v -0.586103 -0.773010 -0.242772
v -0.559485 -0.773010 -0.299051
v -0.527479 -0.773010 -0.352450
v -0.490393 -0.773010 -0.402455
v -0.448584 -0.773010 -0.448584
v -0.402455 -0.773010 -0.490393
v -0.352450 -0.773010 -0.527479
v -0.299051 -0.773010 -0.559485
v -0.242772 -0.773010 -0.586103
v -0.184155 -0.773010 -0.607077
v -0.123764 -0.773010 -0.622204
v -0.062181 -0.773010 -0.631339
v -0.000000 -0.773010 -0.634393
v 0.062181 -0.773010 -0.631339
v 0.123764 -0.773010 -0.622204
v 0.184155 -0.773010 -0.607077
v 0.242772 -0.773010 -0.586103
v 0.299051 -0.773010 -0.559485
v 0.352450 -0.773010 -0.527479
v 0.402455 -0.773010 -0.490393
v 0.448584 -0.773010 -0.448584
v 0.490393 -0.773010 -0.402455
v 0.527479 -0.773010 -0.352450
v 0.559485 -0.773010 -0.299051
v 0.586103 -0.773010 -0.242772
v 0.607077 -0.773010 -0.184155
v 0.622204 -0.773010 -0.123764
v 0.631339 -0.773010 -0.062181
v 0.634393 -0.773010 -0.000000
v 0.555570 -0.831470 0.000000
v 0.552895 -0.831470 0.054455
v 0.544895 -0.831470 0.108386
v 0.531648 -0.831470 0.161274
v 0.513280 -0.831470 0.212608
v 0.489969 -0.831470 0.261894
v 0.461940 -0.831470 0.308658
v 0.429462 -0.831470 0.352450
v 0.392847 -0.831470 0.392847
v 0.352450 -0.831470 0.429462
v 0.308658 -0.831470 0.461940
v 0.261894 -0.831470 0.489969
v 0.212608 -0.831470 0.513280
v 0.161274 -0.831470 0.531648
v 0.108386 -0.831470 0.544895
v 0.054455 -0.831470 0.552895
v 0.000000 -0.831470 0.555570
v -0.054455 -0.831470 0.552895
v -0.108386 -0.831470 0.544895
v -0.161274 -0.831470 0.531648
v -0.212608 -0.831470 0.513280
v -0.261894 -0.831470 0.489969
v -0.308658 -0.831470 0.461940
v -0.352450 -0.831470 0.429462
v -0.392847 -0.831470 0.392847
v -0.429462 -0.831470 0.352450
v -0.461940 -0.831470 0.308658
v -0.489969 -0.831470 0.261894
v -0.513280 -0.831470 0.212608
v -0.531648 -0.831470 0.161274
v -0.544895 -0.831470 0.108386
v -0.552895 -0.831470 0.054455
v -0.555570 -0.831470 0.000000
v -0.552895 -0.831470 -0.054455
v -0.544895 -0.831470 -0.108386
v -0.531648 -0.831470 -0.161274
v -0.513280 -0.831470 -0.212608
v -0.489969 -0.831470 -0.261894
v -0.461940 -0.831470 -0.308658
v -0.429462 -0.831470 -0.352450
v -0.392847 -0.831470 -0.392847
v -0.352450 -0.831470 -0.429462
v -0.308658 -0.831470 -0.461940
v -0.261894 -0.831470 -0.489969
v -0.212608 -0.831470 -0.513280
v -0.161274 -0.831470 -0.531648
v -0.108386 -0.831470 -0.544895
v -0.054455 -0.831470 -0.552895
v -0.000000 -0.831470 -0.555570
v 0.054455 -0.831470 -0.552895
v 0.108386 -0.831470 -0.544895
v 0.161274 -0.831470 -0.531648
v 0.212608 -0.831470 -0.513280
v 0.261894 -0.831470 -0.489969
v 0.308658 -0.831470 -0.461940
v 0.352450 -0.831470 -0.429462
v 0.392847 -0.831470 -0.392847
v 0.429462 -0.831470 -0.352450
v 0.461940 -0.831470 -0.308658
v 0.489969 -0.831470 -0.261894
v 0.513280 -0.831470 -0.212608
v 0.531648 -0.831470 -0.161274
v 0.544895 -0.831470 -0.108386
v 0.552895 -0.831470 -0.054455
v 0.555570 -0.831470 -0.000000
v 0.471397 -0.881921 0.000000
v 0.469127 -0.881921 0.046205
v 0.462339 -0.881921 0.091965
v 0.451099 -0.881921 0.136839
v 0.435514 -0.881921 0.180396
v 0.415735 -0.881921 0.222215
v 0.391952 -0.881921 0.261894
v 0.364395 -0.881921 0.299051
v 0.333328 -0.881921 0.333328
v 0.299051 -0.881921 0.364395
v 0.261894 -0.881921 0.391952
v 0.222215 -0.881921 0.415735
v 0.180396 -0.881921 0.435514
v 0.136839 -0.881921 0.451099
v 0.091965 -0.881921 0.462339
v 0.046205 -0.881921 0.469127
v 0.000000 -0.881921 0.471397
v -0.046205 -0.881921 0.469127
v -0.091965 -0.881921 0.462339
v -0.136839 -0.881921 0.451099
v -0.180396 -0.881921 0.435514
v -0.222215 -0.881921 0.415735
v -0.261894 -0.881921 0.391952
v -0.299051 -0.881921 0.364395
v -0.333328 -0.881921 0.333328
v -0.364395 -0.881921 0.299051
v -0.391952 -0.881921 0.261894
v -0.415735 -0.881921 0.222215
v -0.435514 -0.881921 0.180396
v -0.451099 -0.881921 0.136839
v -0.462339 -0.881921 0.091965
v -0.469127 -0.881921 0.046205
v -0.471397 -0.881921 0.000000
v -0.469127 -0.881921 -0.046205
v -0.462339 -0.881921 -0.091965
v -0.451099 -0.881921 -0.136839
v -0.435514 -0.881921 -0.180396
v -0.415735 -0.881921 -0.222215
v -0.391952 -0.881921 -0.261894
v -0.364395 -0.881921 -0.299051
v -0.333328 -0.881921 -0.333328
v -0.299051 -0.881921 -0.364395
v -0.261894 -0.881921 -0.391952
v -0.222215 -0.881921 -0.415735
v -0.180396 -0.881921 -0.435514
v -0.136839 -0.881921 -0.451099
v -0.091965 -0.881921 -0.462339
v -0.046205 -0.881921 -0.469127
v -0.000000 -0.881921 -0.471397
v 0.046205 -0.881921 -0.469127
v 0.091965 -0.881921 -0.462339
v 0.136839 -0.881921 -0.451099
v 0.180396 -0.881921 -0.435514
v 0.222215 -0.881921 -0.415735
v 0.261894 -0.881921 -0.391952
v 0.299051 -0.881921 -0.364395
v 0.333328 -0.881921 -0.333328
v 0.364395 -0.881921 -0.299051
v 0.391952 -0.881921 -0.261894
v 0.415735 -0.881921 -0.222215
v 0.435514 -0.881921 -0.180396
v 0.451099 -0.881921 -0.136839
v 0.462339 -0.881921 -0.091965
v 0.469127 -0.881921 -0.046205
v 0.471397 -0.881921 -0.000000
v 0.382683 -0.923880 0.000000
v 0.380841 -0.923880 0.037510
v 0.375330 -0.923880 0.074658
v 0.366205 -0.923880 0.111087
v 0.353553 -0.923880 0.146447
v 0.337497 -0.923880 0.180396
v 0.318190 -0.923880 0.212608
v 0.295818 -0.923880 0.242772
v 0.270598 -0.923880 0.270598
v 0.242772 -0.923880 0.295818
v 0.212608 -0.923880 0.318190
v 0.180396 -0.923880 0.337497
v 0.146447 -0.923880 0.353553
v 0.111087 -0.923880 0.366205
v 0.074658 -0.923880 0.375330
v 0.037510 -0.923880 0.380841
v 0.000000 -0.923880 0.382683
v -0.037510 -0.923880 0.380841
v -0.074658 -0.923880 0.375330
v -0.111087 -0.923880 0.366205
v -0.146447 -0.923880 0.353553
v -0.180396 -0.923880 0.337497
v -0.212608 -0.923880 0.318190
v -0.242772 -0.923880 0.295818
v -0.270598 -0.923880 0.270598
v -0.295818 -0.923880 0.242772
v -0.318190 -0.923880 0.212608
v -0.337497 -0.923880 0.180396
v -0.353553 -0.923880 0.146447
v -0.366205 -0.923880 0.111087
v -0.375330 -0.923880 0.074658
v -0.380841 -0.923880 0.037510
v -0.382683 -0.923880 0.000000
v -0.380841 -0.923880 -0.037510
v -0.375330 -0.923880 -0.074658
v -0.366205 -0.923880 -0.111087
v -0.353553 -0.923880 -0.146447
v -0.337497 -0.923880 -0.180396
v -0.318190 -0.923880 -0.212608
v -0.295818 -0.923880 -0.242772
v -0.270598 -0.923880 -0.270598
v -0.242772 -0.923880 -0.295818
v -0.212608 -0.923880 -0.318190
v -0.180396 -0.923880 -0.337497
v -0.146447 -0.923880 -0.353553
v -0.111087 -0.923880 -0.366205
v -0.074658 -0.923880 -0.375330
v -0.037510 -0.923880 -0.380841
v -0.000000 -0.923880 -0.382683
v 0.037510 -0.923880 -0.380841
v 0.074658 -0.923880 -0.375330
v 0.111087 -0.923880 -0.366205
v 0.146447 -0.923880 -0.353553
v 0.180396 -0.923880 -0.337497
v 0.212608 -0.923880 -0.318190
v 0.242772 -0.923880 -0.295818
v 0.270598 -0.923880 -0.270598
v 0.295818 -0.923880 -0.242772
v 0.318190 -0.923880 -0.212608
v 0.337497 -0.923880 -0.180396
v 0.353553 -0.923880 -0.146447
v 0.366205 -0.923880 -0.111087
v 0.375330 -0.923880 -0.074658
v 0.380841 -0.923880 -0.037510
v 0.382683 -0.923880 -0.000000
v 0.290285 -0.956940 0.000000
v 0.288887 -0.956940 0.028453
v 0.284707 -0.956940 0.056632
v 0.277785 -0.956940 0.084265
v 0.268188 -0.956940 0.111087
v 0.256008 -0.956940 0.136839
v 0.241363 -0.956940 0.161274
v 0.224393 -0.956940 0.184155
v 0.205262 -0.956940 0.205262
v 0.184155 -0.956940 0.224393
v 0.161274 -0.956940 0.241363
v 0.136839 -0.956940 0.256008
v 0.111087 -0.956940 0.268188
v 0.084265 -0.956940 0.277785
v 0.056632 -0.956940 0.284707
v 0.028453 -0.956940 0.288887
v 0.000000 -0.956940 0.290285
v -0.028453 -0.956940 0.288887
v -0.056632 -0.956940 0.284707
v -0.084265 -0.956940 0.277785
v -0.111087 -0.956940 0.268188
v -0.136839 -0.956940 0.256008
v -0.161274 -0.956940 0.241363
v -0.184155 -0.956940 0.224393
v -0.205262 -0.956940 0.205262
v -0.224393 -0.956940 0.184155
v -0.241363 -0.956940 0.161274
v -0.256008 -0.956940 0.136839
v -0.268188 -0.956940 0.111087
v -0.277785 -0.956940 0.084265
v -0.284707 -0.956940 0.056632
v -0.288887 -0.956940 0.028453
v -0.290285 -0.956940 0.000000
v -0.288887 -0.956940 -0.028453
v -0.284707 -0.956940 -0.056632
v -0.277785 -0.956940 -0.084265
v -0.268188 -0.956940 -0.111087
v -0.256008 -0.956940 -0.136839
v -0.241363 -0.956940 -0.161274
v -0.224393 -0.956940 -0.184155
v -0.205262 -0.956940 -0.205262
v -0.184155 -0.956940 -0.224393
v -0.161274 -0.956940 -0.241363
v -0.136839 -0.956940 -0.256008
v -0.111087 -0.956940 -0.268188
v -0.084265 -0.956940 -0.277785
v -0.056632 -0.956940 -0.284707
v -0.028453 -0.956940 -0.288887
v -0.000000 -0.956940 -0.290285
v 0.028453 -0.956940 -0.288887
v 0.056632 -0.956940 -0.284707
v 0.084265 -0.956940 -0.277785
v 0.111087 -0.956940 -0.268188
v 0.136839 -0.956940 -0.256008
v 0.161274 -0.956940 -0.241363
v 0.184155 -0.956940 -0.224393
v 0.205262 -0.956940 -0.205262
v 0.224393 -0.956940 -0.184155
v 0.241363 -0.956940 -0.161274
v 0.256008 -0.956940 -0.136839
v 0.268188 -0.956940 -0.111087
v 0.277785 -0.956940 -0.084265
v 0.284707 -0.956940 -0.056632
v 0.288887 -0.956940 -0.028453
v 0.290285 -0.956940 -0.000000
v 0.195090 -0.980785 0.000000
v 0.194151 -0.980785 0.019122
v 0.191342 -0.980785 0.038060
v 0.186690 -0.980785 0.056632
v 0.180240 -0.980785 0.074658
v 0.172054 -0.980785 0.091965
v 0.162212 -0.980785 0.108386
v 0.150807 -0.980785 0.123764
v 0.137950 -0.980785 0.137950
v 0.123764 -0.980785 0.150807
v 0.108386 -0.980785 0.162212
v 0.091965 -0.980785 0.172054
v 0.074658 -0.980785 0.180240
v 0.056632 -0.980785 0.186690
v 0.038060 -0.980785 0.191342
v 0.019122 -0.980785 0.194151
v 0.000000 -0.980785 0.195090
v -0.019122 -0.980785 0.194151
v -0.038060 -0.980785 0.191342
v -0.056632 -0.980785 0.186690
v -0.074658 -0.980785 0.180240
v -0.091965 -0.980785 0.172054
v -0.108386 -0.980785 0.162212
v -0.123764 -0.980785 0.150807
v -0.137950 -0.980785 0.137950
v -0.150807 -0.980785 0.123764
v -0.162212 -0.980785 0.108386
v -0.172054 -0.980785 0.091965
v -0.180240 -0.980785 0.074658
v -0.186690 -0.980785 0.056632
v -0.191342 -0.980785 0.038060
v -0.194151 -0.980785 0.019122
v -0.195090 -0.980785 0.000000
v -0.194151 -0.980785 -0.019122
v -0.191342 -0.980785 -0.038060
v -0.186690 -0.980785 -0.056632
v -0.180240 -0.980785 -0.074658
v -0.172054 -0.980785 -0.091965
v -0.162212 -0.980785 -0.108386
v -0.150807 -0.980785 -0.123764
v -0.137950 -0.980785 -0.137950
v -0.123764 -0.980785 -0.150807
v -0.108386 -0.980785 -0.162212
v -0.091965 -0.980785 -0.172054
v -0.074658 -0.980785 -0.180240
v -0.056632 -0.980785 -0.186690
v -0.038060 -0.980785 -0.191342
v -0.019122 -0.980785 -0.194151
v -0.000000 -0.980785 -0.195090
v 0.019122 -0.980785 -0.194151
v 0.038060 -0.980785 -0.191342
v 0.056632 -0.980785 -0.186690
v 0.074658 -0.980785 -0.180240
v 0.091965 -0.980785 -0.172054
v 0.108386 -0.980785 -0.162212
v 0.123764 -0.980785 -0.150807
v 0.137950 -0.980785 -0.137950
v 0.150807 -0.980785 -0.123764
v 0.162212 -0.980785 -0.108386
v 0.172054 -0.980785 -0.091965
v 0.180240 -0.980785 -0.074658
v 0.186690 -0.980785 -0.056632
v 0.191342 -0.980785 -0.038060
v 0.194151 -0.980785 -0.019122
v 0.195090 -0.980785 -0.000000
v 0.098017 -0.995185 0.000000
v 0.097545 -0.995185 0.009607
v 0.096134 -0.995185 0.019122
v 0.093797 -0.995185 0.028453
v 0.090556 -0.995185 0.037510
v 0.086443 -0.995185 0.046205
v 0.081498 -0.995185 0.054455
v 0.075768 -0.995185 0.062181
v 0.069309 -0.995185 0.069309
v 0.062181 -0.995185 0.075768
v 0.054455 -0.995185 0.081498
v 0.046205 -0.995185 0.086443
v 0.037510 -0.995185 0.090556
v 0.028453 -0.995185 0.093797
v 0.019122 -0.995185 0.096134
v 0.009607 -0.995185 0.097545
v 0.000000 -0.995185 0.098017
v -0.009607 -0.995185 0.097545
v -0.019122 -0.995185 0.096134
v -0.028453 -0.995185 0.093797
v -0.037510 -0.995185 0.090556
v -0.046205 -0.995185 0.086443
v -0.054455 -0.995185 0.081498
v -0.062181 -0.995185 0.075768
v -0.069309 -0.995185 0.069309
v -0.075768 -0.995185 0.062181
v -0.081498 -0.995185 0.054455
v -0.086443 -0.995185 0.046205
v -0.090556 -0.995185 0.037510
v -0.093797 -0.995185 0.028453
v -0.096134 -0.995185 0.019122
v -0.097545 -0.995185 0.009607
v -0.098017 -0.995185 0.000000
v -0.097545 -0.995185 -0.009607
v -0.096134 -0.995185 -0.019122
v -0.093797 -0.995185 -0.028453
v -0.090556 -0.995185 -0.037510
v -0.086443 -0.995185 -0.046205
v -0.081498 -0.995185 -0.054455
v -0.075768 -0.995185 -0.062181
v -0.069309 -0.995185 -0.069309
v -0.062181 -0.995185 -0.075768
v -0.054455 -0.995185 -0.081498
v -0.046205 -0.995185 -0.086443
v -0.037510 -0.995185 -0.090556
v -0.028453 -0.995185 -0.093797
v -0.019122 -0.995185 -0.096134
v -0.009607 -0.995185 -0.097545
v -0.000000 -0.995185 -0.098017
v 0.009607 -0.995185 -0.097545
v 0.019122 -0.995185 -0.096134
v 0.028453 -0.995185 -0.093797
v 0.037510 -0.995185 -0.090556
v 0.046205 -0.995185 -0.086443
v 0.054455 -0.995185 -0.081498
v 0.062181 -0.995185 -0.075768
v 0.069309 -0.995185 -0.069309
v 0.075768 -0.995185 -0.062181
v 0.081498 -0.995185 -0.054455
v 0.086443 -0.995185 -0.046205
v 0.090556 -0.995185 -0.037510
v 0.093797 -0.995185 -0.028453
v 0.096134 -0.995185 -0.019122
v 0.097545 -0.995185 -0.009607
v 0.098017 -0.995185 -0.000000
v 0.000000 -1.000000 0.000000
v 0.000000 -1.000000 0.000000
v 0.000000 -1.000000 0.000000
v 0.000000 -1.000000 0.000000
v 0.000000 -1.000000 0.000000
v 0.000000 -1.000000 0.000000
v 0.000000 -1.000000 0.000000
v 0.000000 -1.000000 0.000000
v 0.000000 -1.000000 0.000000
v 0.000000 -1.000000 0.000000
v 0.000000 -1.000000 0.000000
v 0.000000 -1.000000 0.000000
v 0.000000 -1.000000 0.000000
v 0.000000 -1.000000 0.000000
v 0.000000 -1.000000 0.000000
v 0.000000 -1.000000 0.000000
v 0.000000 -1.000000 0.000000
v -0.000000 -1.000000 0.000000
v -0.000000 -1.000000 0.000000
v -0.000000 -1.000000 0.000000
v -0.000000 -1.000000 0.000000
v -0.000000 -1.000000 0.000000
v -0.000000 -1.000000 0.000000
v -0.000000 -1.000000 0.000000
v -0.000000 -1.000000 0.000000
v -0.000000 -1.000000 0.000000
v -0.000000 -1.000000 0.000000
v -0.000000 -1.000000 0.000000
v -0.000000 -1.000000 0.000000
v -0.000000 -1.000000 0.000000
v -0.000000 -1.000000 0.000000
v -0.000000 -1.000000 0.000000
v -0.000000 -1.000000 0.000000
v -0.000000 -1.000000 -0.000000
v -0.000000 -1.000000 -0.000000
v -0.000000 -1.000000 -0.000000
v -0.000000 -1.000000 -0.000000
v -0.000000 -1.000000 -0.000000
v -0.000000 -1.000000 -0.000000
v -0.000000 -1.000000 -0.000000
v -0.000000 -1.000000 -0.000000
v -0.000000 -1.000000 -0.000000
v -0.000000 -1.000000 -0.000000
v -0.000000 -1.000000 -0.000000
v -0.000000 -1.000000 -0.000000
v -0.000000 -1.000000 -0.000000
v -0.000000 -1.000000 -0.000000
v -0.000000 -1.000000 -0.000000
v -0.000000 -1.000000 -0.000000
v 0.000000 -1.000000 -0.000000
v 0.000000 -1.000000 -0.000000
v 0.000000 -1.000000 -0.000000
v 0.000000 -1.000000 -0.000000
v 0.000000 -1.000000 -0.000000
v 0.000000 -1.000000 -0.000000
v 0.000000 -1.000000 -0.000000
v 0.000000 -1.000000 -0.000000
v 0.000000 -1.000000 -0.000000
v 0.000000 -1.000000 -0.000000
v 0.000000 -1.000000 -0.000000
v 0.000000 -1.000000 -0.000000
v 0.000000 -1.000000 -0.000000
v 0.000000 -1.000000 -0.000000
v 0.000000 -1.000000 -0.000000
v 0.000000 -1.000000 -0.000000
f 1 2 67
f 1 67 66
f 2 3 68
f 2 68 67
f 3 4 69
f 3 69 68
f 4 5 70
f 4 70 69
f 5 6 71
f 5 71 70
f 6 7 72
f 6 72 71
f 7 8 73
f 7 73 72
f 8 9 74
f 8 74 73
f 9 10 75
f 9 75 74
f 10 11 76
f 10 76 75
f 11 12 77
f 11 77 76
f 12 13 78
f 12 78 77
f 13 14 79
f 13 79 78
f 14 15 80
f 14 80 79
f 15 16 81
f 15 81 80
f 16 17 82
f 16 82 81
f 17 18 83
f 17 83 82
f 18 19 84
f 18 84 83
f 19 20 85
f 19 85 84
f 20 21 86
f 20 86 85
f 21 22 87
f 21 87 86
f 22 23 88
f 22 88 87
f 23 24 89
f 23 89 88
f 24 25 90
f 24 90 89
f 25 26 91
f 25 91 90
f 26 27 92
f 26 92 91
f 27 28 93
f 27 93 92
f 28 29 94
f 28 94 93
f 29 30 95
f 29 95 94
f 30 31 96
f 30 96 95
f 31 32 97
f 31 97 96
f 32 33 98
f 32 98 97
f 33 34 99
f 33 99 98
f 34 35 100
f 34 100 99
f 35 36 101
f 35 101 100
f 36 37 102
f 36 102 101
f 37 38 103
f 37 103 102
f 38 39 104
f 38 104 103
f 39 40 105
f 39 105 104
f 40 41 106
f 40 106 105
f 41 42 107
f 41 107 106
f 42 43 108
f 42 108 107
f 43 44 109
f 43 109 108
f 44 45 110
f 44 110 109
f 45 46 111
f 45 111 110
f 46 47 112
f 46 112 111
f 47 48 113
f 47 113 112
f 48 49 114
f 48 114 113
f 49 50 115
f 49 115 114
f 50 51 116
f 50 116 115
f 51 52 117
f 51 117 116
f 52 53 118
f 52 118 117
f 53 54 119
f 53 119 118
f 54 55 120
f 54 120 119
f 55 56 121
f 55 121 120
f 56 57 122
f 56 122 121
f 57 58 123
f 57 123 122
f 58 59 124
f 58 124 123
f 59 60 125
f 59 125 124
f 60 61 126
f 60 126 125
f 61 62 127
f 61 127 126
f 62 63 128
f 62 128 127
f 63 64 129
f 63 129 128
f 64 65 130
f 64 130 129
f 66 67 132
f 66 132 131
f 67 68 133
f 67 133 132
f 68 69 134
f 68 134 133
f 69 70 135
f 69 135 134
f 70 71 136
f 70 136 135
f 71 72 137
f 71 137 136
f 72 73 138
f 72 138 137
f 73 74 139
f 73 139 138
f 74 75 140
f 74 140 139
f 75 76 141
f 75 141 140
f 76 77 142
f 76 142 141
f 77 78 143
f 77 143 142
f 78 79 144
f 78 144 143
f 79 80 145
f 79 145 144
f 80 81 146
f 80 146 145
f 81 82 147
f 81 147 146
f 82 83 148
f 82 148 147
f 83 84 149
f 83 149 148
f 84 85 150
f 84 150 149
f 85 86 151
f 85 151 150
f 86 87 152
f 86 152 151
f 87 88 153
f 87 153 152
f 88 89 154
f 88 154 153
f 89 90 155
f 89 155 154
f 90 91 156
f 90 156 155
f 91 92 157
f 91 157 156
f 92 93 158
f 92 158 157
f 93 94 159
f 93 159 158
f 94 95 160
f 94 160 159
f 95 96 161
f 95 161 160
f 96 97 162
f 96 162 161
f 97 98 163
f 97 163 162
f 98 99 164
f 98 164 163
f 99 100 165
f 99 165 164
f 100 101 166
f 100 166 165
f 101 102 167
f 101 167 166
f 102 103 168
f 102 168 167
f 103 104 169
f 103 169 168
f 104 105 170
f 104 170 169
f 105 106 171
f 105 171 170
f 106 107 172
f 106 172 171
f 107 108 173
f 107 173 172
f 108 109 174
f 108 174 173
f 109 110 175
f 109 175 174
f 110 111 176
f 110 176 175
f 111 112 177
f 111 177 176
f 112 113 178
f 112 178 177
f 113 114 179
f 113 179 178
f 114 115 180
f 114 180 179
f 115 116 181
f 115 181 180
f 116 117 182
f 116 182 181
f 117 118 183
f 117 183 182
f 118 119 184
f 118 184 183
f 119 120 185
f 119 185 184
f 120 121 186
f 120 186 185
f 121 122 187
f 121 187 186
f 122 123 188
f 122 188 187
f 123 124 189
f 123 189 188
f 124 125 190
f 124 190 189
f 125 126 191
f 125 191 190
f 126 127 192
f 126 192 191
f 127 128 193
f 127 193 192
f 128 129 194
f 128 194 193
f 129 130 195
f 129 195 194
f 131 132 197
f 131 197 196
f 132 133 198
f 132 198 197
f 133 134 199
f 133 199 198
f 134 135 200
f 134 200 199
f 135 136 201
f 135 201 200
f 136 137 202
f 136 202 201
f 137 138 203
f 137 203 202
f 138 139 204
f 138 204 203
f 139 140 205
f 139 205 204
f 140 141 206
f 140 206 205
f 141 142 207
f 141 207 206
f 142 143 208
f 142 208 207
f 143 144 209
f 143 209 208
f 144 145 210
f 144 210 209
f 145 146 211
f 145 211 210
f 146 147 212
f 146 212 211
f 147 148 213
f 147 213 212
f 148 149 214
f 148 214 213
f 149 150 215
f 149 215 214
f 150 151 216
f 150 216 215
f 151 152 217
f 151 217 216
f 152 153 218
f 152 218 217
f 153 154 219
f 153 219 218
f 154 155 220
f 154 220 219
f 155 156 221
f 155 221 220
f 156 157 222
f 156 222 221
f 157 158 223
f 157 223 222
f 158 159 224
f 158 224 223
f 159 160 225
f 159 225 224
f 160 161 226
f 160 226 225
f 161 162 227
f 161 227 226
f 162 163 228
f 162 228 227
f 163 164 229
f 163 229 228
f 164 165 230
f 164 230 229
f 165 166 231
f 165 231 230
f 166 167 232
f 166 232 231
f 167 168 233
f 167 233 232
f 168 169 234
f 168 234 233
f 169 170 235
f 169 235 234
f 170 171 236
f 170 236 235
f 171 172 237
f 171 237 236
f 172 173 238
f 172 238 237
f 173 174 239
f 173 239 238
f 174 175 240
f 174 240 239
f 175 176 241
f 175 241 240
f 176 177 242
f 176 242 241
f 177 178 243
f 177 243 242
f 178 179 244
f 178 244 243
f 179 180 245
f 179 245 244
f 180 181 246
f 180 246 245
f 181 182 247
f 181 247 246
f 182 183 248
f 182 248 247
f 183 184 249
f 183 249 248
f 184 185 250
f 184 250 249
f 185 186 251
f 185 251 250
f 186 187 252
f 186 252 251
f 187 188 253
f 187 253 252
f 188 189 254
f 188 254 253
f 189 190 255
f 189 255 254
f 190 191 256
f 190 256 255
f 191 192 257
f 191 257 256
f 192 193 258
f 192 258 257
f 193 194 259
f 193 259 258
f 194 195 260
f 194 260 259
f 196 197 262
f 196 262 261
f 197 198 263
f 197 263 262
f 198 199 264
f 198 264 263
f 199 200 265
f 199 265 264
f 200 201 266
f 200 266 265
f 201 202 267
f 201 267 266
f 202 203 268
f 202 268 267
f 203 204 269
f 203 269 268
f 204 205 270
f 204 270 269
f 205 206 271
f 205 271 270
f 206 207 272
f 206 272 271
f 207 208 273
f 207 273 272
f 208 209 274
f 208 274 273
f 209 210 275
f 209 275 274
f 210 211 276
f 210 276 275
f 211 212 277
f 211 277 276
f 212 213 278
f 212 278 277
f 213 214 279
f 213 279 278
f 214 215 280
f 214 280 279
f 215 216 281
f 215 281 280
f 216 217 282
f 216 282 281
f 217 218 283
f 217 283 282
f 218 219 284
f 218 284 283
f 219 220 285
f 219 285 284
f 220 221 286
f 220 286 285
f 221 222 287
f 221 287 286
f 222 223 288
f 222 288 287
f 223 224 289
f 223 289 288
f 224 225 290
f 224 290 289
f 225 226 291
f 225 291 290
f 226 227 292
f 226 292 291
f 227 228 293
f 227 293 292
f 228 229 294
f 228 294 293
f 229 230 295
f 229 295 294
f 230 231 296
f 230 296 295
f 231 232 297
f 231 297 296
f 232 233 298
f 232 298 297
f 233 234 299
f 233 299 298
f 234 235 300
f 234 300 299
f 235 236 301
f 235 301 300
f 236 237 302
f 236 302 301
f 237 238 303
f 237 303 302
f 238 239 304
f 238 304 303
f 239 240 305
f 239 305 304
f 240 241 306
f 240 306 305
f 241 242 307
f 241 307 306
f 242 243 308
f 242 308 307
f 243 244 309
f 243 309 308
f 244 245 310
f 244 310 309
f 245 246 311
f 245 311 310
f 246 247 312
f 246 312 311
f 247 248 313
f 247 313 312
f 248 249 314
f 248 314 313
f 249 250 315
f 249 315 314
f 250 251 316
f 250 316 315
f 251 252 317
f 251 317 316
f 252 253 318
f 252 318 317
f 253 254 319
f 253 319 318
f 254 255 320
f 254 320 319
f 255 256 321
f 255 321 320
f 256 257 322
f 256 322 321
f 257 258 323
f 257 323 322
f 258 259 324
f 258 324 323
f 259 260 325
f 259 325 324
f 261 262 327
f 261 327 326
f 262 263 328
f 262 328 327
f 263 264 329
f 263 329 328
f 264 265 330
f 264 330 329
f 265 266 331
f 265 331 330
f 266 267 332
f 266 332 331
f 267 268 333
f 267 333 332
f 268 269 334
f 268 334 333
f 269 270 335
f 269 335 334
f 270 271 336
f 270 336 335
f 271 272 337
f 271 337 336
f 272 273 338
f 272 338 337
f 273 274 339
f 273 339 338
f 274 275 340
f 274 340 339
f 275 276 341
f 275 341 340
f 276 277 342
f 276 342 341
f 277 278 343
f 277 343 342
f 278 279 344
f 278 344 343
f 279 280 345
f 279 345 344
f 280 281 346
f 280 346 345
f 281 282 347
f 281 347 346
f 282 283 348
f 282 348 347
f 283 284 349
f 283 349 348
f 284 285 350
f 284 350 349
f 285 286 351
f 285 351 350
f 286 287 352
f 286 352 351
f 287 288 353
f 287 353 352
f 288 289 354
f 288 354 353
f 289 290 355
f 289 355 354
f 290 291 356
f 290 356 355
f 291 292 357
f 291 357 356
f 292 293 358
f 292 358 357
f 293 294 359
f 293 359 358
f 294 295 360
f 294 360 359
f 295 296 361
f 295 361 360
f 296 297 362
f 296 362 361
f 297 298 363
f 297 363 362
f 298 299 364
f 298 364 363
f 299 300 365
f 299 365 364
f 300 301 366
f 300 366 365
f 301 302 367
f 301 367 366
f 302 303 368
f 302 368 367
f 303 304 369
f 303 369 368
f 304 305 370
f 304 370 369
f 305 306 371
f 305 371 370
f 306 307 372
f 306 372 371
f 307 308 373
f 307 373 372
f 308 309 374
f 308 374 373
f 309 310 375
f 309 375 374
f 310 311 376
f 310 376 375
f 311 312 377
f 311 377 376
f 312 313 378
f 312 378 377
f 313 314 379
f 313 379 378
f 314 315 380
f 314 380 379
f 315 316 381
f 315 381 380
f 316 317 382
f 316 382 381
f 317 318 383
f 317 383 382
f 318 319 384
f 318 384 383
f 319 320 385
f 319 385 384
f 320 321 386
f 320 386 385
f 321 322 387
f 321 387 386
f 322 323 388
f 322 388 387
f 323 324 389
f 323 389 388
f 324 325 390
f 324 390 389
f 326 327 392
f 326 392 391
f 327 328 393
f 327 393 392
f 328 329 394
f 328 394 393
f 329 330 395
f 329 395 394
f 330 331 396
f 330 396 395
f 331 332 397
f 331 397 396
f 332 333 398
f 332 398 397
f 333 334 399
f 333 399 398
f 334 335 400
f 334 400 399
f 335 336 401
f 335 401 400
f 336 337 402
f 336 402 401
f 337 338 403
f 337 403 402
f 338 339 404
f 338 404 403
f 339 340 405
f 339 405 404
f 340 341 406
f 340 406 405
f 341 342 407
f 341 407 406
f 342 343 408
f 342 408 407
f 343 344 409
f 343 409 408
f 344 345 410
f 344 410 409
f 345 346 411
f 345 411 410
f 346 347 412
f 346 412 411
f 347 348 413
f 347 413 412
f 348 349 414
f 348 414 413
f 349 350 415
f 349 415 414
f 350 351 416
f 350 416 415
f 351 352 417
f 351 417 416
f 352 353 418
f 352 418 417
f 353 354 419
f 353 419 418
f 354 355 420
f 354 420 419
f 355 356 421
f 355 421 420
f 356 357 422
f 356 422 421
f 357 358 423
f 357 423 422
f 358 359 424
f 358 424 423
f 359 360 425
f 359 425 424
f 360 361 426
f 360 426 425
f 361 362 427
f 361 427 426
f 362 363 428
f 362 428 427
f 363 364 429
f 363 429 428
f 364 365 430
f 364 430 429
f 365 366 431
f 365 431 430
f 366 367 432
f 366 432 431
f 367 368 433
f 367 433 432
f 368 369 434
f 368 434 433
f 369 370 435
f 369 435 434
f 370 371 436
f 370 436 435
f 371 372 437
f 371 437 436
f 372 373 438
f 372 438 437
f 373 374 439
f 373 439 438
f 374 375 440
f 374 440 439
f 375 376 441
f 375 441 440
f 376 377 442
f 376 442 441
f 377 378 443
f 377 443 442
f 378 379 444
f 378 444 443
f 379 380 445
f 379 445 444
f 380 381 446
f 380 446 445
f 381 382 447
f 381 447 446
f 382 383 448
f 382 448 447
f 383 384 449
f 383 449 448
f 384 385 450
f 384 450 449
f 385 386 451
f 385 451 450
f 386 387 452
f 386 452 451
f 387 388 453
f 387 453 452
f 388 389 454
f 388 454 453
f 389 390 455
f 389 455 454
f 391 392 457
f 391 457 456
f 392 393 458
f 392 458 457
f 393 394 459
f 393 459 458
f 394 395 460
f 394 460 459
f 395 396 461
f 395 461 460
f 396 397 462
f 396 462 461
f 397 398 463
f 397 463 462
f 398 399 464
f 398 464 463
f 399 400 465
f 399 465 464
f 400 401 466
f 400 466 465
f 401 402 467
f 401 467 466
f 402 403 468
f 402 468 467
f 403 404 469
f 403 469 468
f 404 405 470
f 404 470 469
f 405 406 471
f 405 471 470
f 406 407 472
f 406 472 471
f 407 408 473
f 407 473 472
f 408 409 474
f 408 474 473
f 409 410 475
f 409 475 474
f 410 411 476
f 410 476 475
f 411 412 477
f 411 477 476
f 412 413 478
f 412 478 477
f 413 414 479
f 413 479 478
f 414 415 480
f 414 480 479
f 415 416 481
f 415 481 480
f 416 417 482
f 416 482 481
f 417 418 483
f 417 483 482
f 418 419 484
f 418 484 483
f 419 420 485
f 419 485 484
f 420 421 486
f 420 486 485
f 421 422 487
f 421 487 486
f 422 423 488
f 422 488 487
f 423 424 489
f 423 489 488
f 424 425 490
f 424 490 489
f 425 426 491
f 425 491 490
f 426 427 492
f 426 492 491
f 427 428 493
f 427 493 492
f 428 429 494
f 428 494 493
f 429 430 495
f 429 495 494
f 430 431 496
f 430 496 495
f 431 432 497
f 431 497 496
f 432 433 498
f 432 498 497
f 433 434 499
f 433 499 498
f 434 435 500
f 434 500 499
f 435 436 501
f 435 501 500
f 436 437 502
f 436 502 501
f 437 438 503
f 437 503 502
f 438 439 504
f 438 504 503
f 439 440 505
f 439 505 504
f 440 441 506
f 440 506 505
f 441 442 507
f 441 507 506
f 442 443 508
f 442 508 507
f 443 444 509
f 443 509 508
f 444 445 510
f 444 510 509
f 445 446 511
f 445 511 510
f 446 447 512
f 446 512 511
f 447 448 513
f 447 513 512
f 448 449 514
f 448 514 513
f 449 450 515
f 449 515 514
f 450 451 516
f 450 516 515
f 451 452 517
f 451 517 516
f 452 453 518
f 452 518 517
f 453 454 519
f 453 519 518
f 454 455 520
f 454 520 519
f 456 457 522
f 456 522 521
f 457 458 523
f 457 523 522
f 458 459 524
f 458 524 523
f 459 460 525
f 459 525 524
f 460 461 526
f 460 526 525
f 461 462 527
f 461 527 526
f 462 463 528
f 462 528 527
f 463 464 529
f 463 529 528
f 464 465 530
f 464 530 529
f 465 466 531
f 465 531 530
f 466 467 532
f 466 532 531
f 467 468 533
f 467 533 532
f 468 469 534
f 468 534 533
f 469 470 535
f 469 535 534
f 470 471 536
f 470 536 535
f 471 472 537
f 471 537 536
f 472 473 538
f 472 538 537
f 473 474 539
f 473 539 538
f 474 475 540
f 474 540 539
f 475 476 541
f 475 541 540
f 476 477 542
f 476 542 541
f 477 478 543
f 477 543 542
f 478 479 544
f 478 544 543
f 479 480 545
f 479 545 544
f 480 481 546
f 480 546 545
f 481 482 547
f 481 547 546
f 482 483 548
f 482 548 547
f 483 484 549
f 483 549 548
f 484 485 550
f 484 550 549
f 485 486 551
f 485 551 550
f 486 487 552
f 486 552 551
f 487 488 553
f 487 553 552
f 488 489 554
f 488 554 553
f 489 490 555
f 489 555 554
f 490 491 556
f 490 556 555
f 491 492 557
f 491 557 556
f 492 493 558
f 492 558 557
f 493 494 559
f 493 559 558
f 494 495 560
f 494 560 559
f 495 496 561
f 495 561 560
f 496 497 562
f 496 562 561
f 497 498 563
f 497 563 562
f 498 499 564
f 498 564 563
f 499 500 565
f 499 565 564
f 500 501 566
f 500 566 565
f 501 502 567
f 501 567 566
f 502 503 568
f 502 568 567
f 503 504 569
f 503 569 568
f 504 505 570
f 504 570 569
f 505 506 571
f 505 571 570
f 506 507 572
f 506 572 571
f 507 508 573
f 507 573 572
f 508 509 574
f 508 574 573
f 509 510 575
f 509 575 574
f 510 511 576
f 510 576 575
f 511 512 577
f 511 577 576
f 512 513 578
f 512 578 577
f 513 514 579
f 513 579 578
f 514 515 580
f 514 580 579
f 515 516 581
f 515 581 580
f 516 517 582
f 516 582 581
f 517 518 583
f 517 583 582
f 518 519 584
f 518 584 583
f 519 520 585
f 519 585 584
f 521 522 587
f 521 587 586
f 522 523 588
f 522 588 587
f 523 524 589
f 523 589 588
f 524 525 590
f 524 590 589
f 525 526 591
f 525 591 590
f 526 527 592
f 526 592 591
f 527 528 593
f 527 593 592
f 528 529 594
f 528 594 593
f 529 530 595
f 529 595 594
f 530 531 596
f 530 596 595
f 531 532 597
f 531 597 596
f 532 533 598
f 532 598 597
f 533 534 599
f 533 599 598
f 534 535 600
f 534 600 599
f 535 536 601
f 535 601 600
f 536 537 602
f 536 602 601
f 537 538 603
f 537 603 602
f 538 539 604
f 538 604 603
f 539 540 605
f 539 605 604
f 540 541 606
f 540 606 605
f 541 542 607
f 541 607 606
f 542 543 608
f 542 608 607
f 543 544 609
f 543 609 608
f 544 545 610
f 544 610 609
f 545 546 611
f 545 611 610
f 546 547 612
f 546 612 611
f 547 548 613
f 547 613 612
f 548 549 614
f 548 614 613
f 549 550 615
f 549 615 614
f 550 551 616
f 550 616 615
f 551 552 617
f 551 617 616
f 552 553 618
f 552 618 617
f 553 554 619
f 553 619 618
f 554 555 620
f 554 620 619
f 555 556 621
f 555 621 620
f 556 557 622
f 556 622 621
f 557 558 623
f 557 623 622
f 558 559 624
f 558 624 623
f 559 560 625
f 559 625 624
f 560 561 626
f 560 626 625
f 561 562 627
f 561 627 626
f 562 563 628
f 562 628 627
f 563 564 629
f 563 629 628
f 564 565 630
f 564 630 629
f 565 566 631
f 565 631 630
f 566 567 632
f 566 632 631
f 567 568 633
f 567 633 632
f 568 569 634
f 568 634 633
f 569 570 635
f 569 635 634
f 570 571 636
f 570 636 635
f 571 572 637
f 571 637 636
f 572 573 638
f 572 638 637
f 573 574 639
f 573 639 638
f 574 575 640
f 574 640 639
f 575 576 641
f 575 641 640
f 576 577 642
f 576 642 641
f 577 578 643
f 577 643 642
f 578 579 644
f 578 644 643
f 579 580 645
f 579 645 644
f 580 581 646
f 580 646 645
f 581 582 647
f 581 647 646
f 582 583 648
f 582 648 647
f 583 584 649
f 583 649 648
f 584 585 650
f 584 650 649
f 586 587 652
f 586 652 651
f 587 588 653
f 587 653 652
f 588 589 654
f 588 654 653
f 589 590 655
f 589 655 654
f 590 591 656
f 590 656 655
f 591 592 657
f 591 657 656
f 592 593 658
f 592 658 657
f 593 594 659
f 593 659 658
f 594 595 660
f 594 660 659
f 595 596 661
f 595 661 660
f 596 597 662
f 596 662 661
f 597 598 663
f 597 663 662
f 598 599 664
f 598 664 663
f 599 600 665
f 599 665 664
f 600 601 666
f 600 666 665
f 601 602 667
f 601 667 666
f 602 603 668
f 602 668 667
f 603 604 669
f 603 669 668
f 604 605 670
f 604 670 669
f 605 606 671
f 605 671 670
f 606 607 672
f 606 672 671
f 607 608 673
f 607 673 672
f 608 609 674
f 608 674 673
f 609 610 675
f 609 675 674
f 610 611 676
f 610 676 675
f 611 612 677
f 611 677 676
f 612 613 678
f 612 678 677
f 613 614 679
f 613 679 678
f 614 615 680
f 614 680 679
f 615 616 681
f 615 681 680
f 616 617 682
f 616 682 681
f 617 618 683
f 617 683 682
f 618 619 684
f 618 684 683
f 619 620 685
f 619 685 684
f 620 621 686
f 620 686 685
f 621 622 687
f 621 687 686
f 622 623 688
f 622 688 687
f 623 624 689
f 623 689 688
f 624 625 690
f 624 690 689
f 625 626 691
f 625 691 690
f 626 627 692
f 626 692 691
f 627 628 693
f 627 693 692
f 628 629 694
f 628 694 693
f 629 630 695
f 629 695 694
f 630 631 696
f 630 696 695
f 631 632 697
f 631 697 696
f 632 633 698
f 632 698 697
f 633 634 699
f 633 699 698
f 634 635 700
f 634 700 699
f 635 636 701
f 635 701 700
f 636 637 702
f 636 702 701
f 637 638 703
f 637 703 702
f 638 639 704
f 638 704 703
f 639 640 705
f 639 705 704
f 640 641 706
f 640 706 705
f 641 642 707
f 641 707 706
f 642 643 708
f 642 708 707
f 643 644 709
f 643 709 708
f 644 645 710
f 644 710 709
f 645 646 711
f 645 711 710
f 646 647 712
f 646 712 711
f 647 648 713
f 647 713 712
f 648 649 714
f 648 714 713
f 649 650 715
f 649 715 714
f 651 652 717
f 651 717 716
f 652 653 718
f 652 718 717
f 653 654 719
f 653 719 718
f 654 655 720
f 654 720 719
f 655 656 721
f 655 721 720
f 656 657 722
f 656 722 721
f 657 658 723
f 657 723 722
f 658 659 724
f 658 724 723
f 659 660 725
f 659 725 724
f 660 661 726
f 660 726 725
f 661 662 727
f 661 727 726
f 662 663 728
f 662 728 727
f 663 664 729
f 663 729 728
f 664 665 730
f 664 730 729
f 665 666 731
f 665 731 730
f 666 667 732
f 666 732 731
f 667 668 733
f 667 733 732
f 668 669 734
f 668 734 733
f 669 670 735
f 669 735 734
f 670 671 736
f 670 736 735
f 671 672 737
f 671 737 736
f 672 673 738
f 672 738 737
f 673 674 739
f 673 739 738
f 674 675 740
f 674 740 739
f 675 676 741
f 675 741 740
f 676 677 742
f 676 742 741
f 677 678 743
f 677 743 742
f 678 679 744
f 678 744 743
f 679 680 745
f 679 745 744
f 680 681 746
f 680 746 745
f 681 682 747
f 681 747 746
f 682 683 748
f 682 748 747
f 683 684 749
f 683 749 748
f 684 685 750
f 684 750 749
f 685 686 751
f 685 751 750
f 686 687 752
f 686 752 751
f 687 688 753
f 687 753 752
f 688 689 754
f 688 754 753
f 689 690 755
f 689 755 754
f 690 691 756
f 690 756 755
f 691 692 757
f 691 757 756
f 692 693 758
f 692 758 757
f 693 694 759
f 693 759 758
f 694 695 760
f 694 760 759
f 695 696 761
f 695 761 760
f 696 697 762
f 696 762 761
f 697 698 763
f 697 763 762
f 698 699 764
f 698 764 763
f 699 700 765
f 699 765 764
f 700 701 766
f 700 766 765
f 701 702 767
f 701 767 766
f 702 703 768
f 702 768 767
f 703 704 769
f 703 769 768
f 704 705 770
f 704 770 769
f 705 706 771
f 705 771 770
f 706 707 772
f 706 772 771
f 707 708 773
f 707 773 772
f 708 709 774
f 708 774 773
f 709 710 775
f 709 775 774
f 710 711 776
f 710 776 775
f 711 712 777
f 711 777 776
f 712 713 778
f 712 778 777
f 713 714 779
f 713 779 778
f 714 715 780
f 714 780 779
f 716 717 782
f 716 782 781
f 717 718 783
f 717 783 782
f 718 719 784
f 718 784 783
f 719 720 785
f 719 785 784
f 720 721 786
f 720 786 785
f 721 722 787
f 721 787 786
f 722 723 788
f 722 788 787
f 723 724 789
f 723 789 788
f 724 725 790
f 724 790 789
f 725 726 791
f 725 791 790
f 726 727 792
f 726 792 791
f 727 728 793
f 727 793 792
f 728 729 794
f 728 794 793
f 729 730 795
f 729 795 794
f 730 731 796
f 730 796 795
f 731 732 797
f 731 797 796
f 732 733 798
f 732 798 797
f 733 734 799
f 733 799 798
f 734 735 800
f 734 800 799
f 735 736 801
f 735 801 800
f 736 737 802
f 736 802 801
f 737 738 803
f 737 803 802
f 738 739 804
f 738 804 803
f 739 740 805
f 739 805 804
f 740 741 806
f 740 806 805
f 741 742 807
f 741 807 806
f 742 743 808
f 742 808 807
f 743 744 809
f 743 809 808
f 744 745 810
f 744 810 809
f 745 746 811
f 745 811 810
f 746 747 812
f 746 812 811
f 747 748 813
f 747 813 812
f 748 749 814
f 748 814 813
f 749 750 815
f 749 815 814
f 750 751 816
f 750 816 815
f 751 752 817
f 751 817 816
f 752 753 818
f 752 818 817
f 753 754 819
f 753 819 818
f 754 755 820
f 754 820 819
f 755 756 821
f 755 821 820
f 756 757 822
f 756 822 821
f 757 758 823
f 757 823 822
f 758 759 824
f 758 824 823
f 759 760 825
f 759 825 824
f 760 761 826
f 760 826 825
f 761 762 827
f 761 827 826
f 762 763 828
f 762 828 827
f 763 764 829
f 763 829 828
f 764 765 830
f 764 830 829
f 765 766 831
f 765 831 830
f 766 767 832
f 766 832 831
f 767 768 833
f 767 833 832
f 768 769 834
f 768 834 833
f 769 770 835
f 769 835 834
f 770 771 836
f 770 836 835
f 771 772 837
f 771 837 836
f 772 773 838
f 772 838 837
f 773 774 839
f 773 839 838
f 774 775 840
f 774 840 839
f 775 776 841
f 775 841 840
f 776 777 842
f 776 842 841
f 777 778 843
f 777 843 842
f 778 779 844
f 778 844 843
f 779 780 845
f 779 845 844
f 781 782 847
f 781 847 846
f 782 783 848
f 782 848 847
f 783 784 849
f 783 849 848
f 784 785 850
f 784 850 849
f 785 786 851
f 785 851 850
f 786 787 852
f 786 852 851
f 787 788 853
f 787 853 852
f 788 789 854
f 788 854 853
f 789 790 855
f 789 855 854
f 790 791 856
f 790 856 855
f 791 792 857
f 791 857 856
f 792 793 858
f 792 858 857
f 793 794 859
f 793 859 858
f 794 795 860
f 794 860 859
f 795 796 861
f 795 861 860
f 796 797 862
f 796 862 861
f 797 798 863
f 797 863 862
f 798 799 864
f 798 864 863
f 799 800 865
f 799 865 864
f 800 801 866
f 800 866 865
f 801 802 867
f 801 867 866
f 802 803 868
f 802 868 867
f 803 804 869
f 803 869 868
f 804 805 870
f 804 870 869
f 805 806 871
f 805 871 870
f 806 807 872
f 806 872 871
f 807 808 873
f 807 873 872
f 808 809 874
f 808 874 873
f 809 810 875
f 809 875 874
f 810 811 876
f 810 876 875
f 811 812 877
f 811 877 876
f 812 813 878
f 812 878 877
f 813 814 879
f 813 879 878
f 814 815 880
f 814 880 879
f 815 816 881
f 815 881 880
f 816 817 882
f 816 882 881
f 817 818 883
f 817 883 882
f 818 819 884
f 818 884 883
f 819 820 885
f 819 885 884
f 820 821 886
f 820 886 885
f 821 822 887
f 821 887 886
f 822 823 888
f 822 888 887
f 823 824 889
f 823 889 888
f 824 825 890
f 824 890 889
f 825 826 891
f 825 891 890
f 826 827 892
f 826 892 891
f 827 828 893
f 827 893 892
f 828 829 894
f 828 894 893
f 829 830 895
f 829 895 894
f 830 831 896
f 830 896 895
f 831 832 897
f 831 897 896
f 832 833 898
f 832 898 897
f 833 834 899
f 833 899 898
f 834 835 900
f 834 900 899
f 835 836 901
f 835 901 900
f 836 837 902
f 836 902 901
f 837 838 903
f 837 903 902
f 838 839 904
f 838 904 903
f 839 840 905
f 839 905 904
f 840 841 906
f 840 906 905
f 841 842 907
f 841 907 906
f 842 843 908
f 842 908 907
f 843 844 909
f 843 909 908
f 844 845 910
f 844 910 909
f 846 847 912
f 846 912 911
f 847 848 913
f 847 913 912
f 848 849 914
f 848 914 913
f 849 850 915
f 849 915 914
f 850 851 916
f 850 916 915
f 851 852 917
f 851 917 916
f 852 853 918
f 852 918 917
f 853 854 919
f 853 919 918
f 854 855 920
f 854 920 919
f 855 856 921
f 855 921 920
f 856 857 922
f 856 922 921
f 857 858 923
f 857 923 922
f 858 859 924
f 858 924 923
f 859 860 925
f 859 925 924
f 860 861 926
f 860 926 925
f 861 862 927
f 861 927 926
f 862 863 928
f 862 928 927
f 863 864 929
f 863 929 928
f 864 865 930
f 864 930 929
f 865 866 931
f 865 931 930
f 866 867 932
f 866 932 931
f 867 868 933
f 867 933 932
f 868 869 934
f 868 934 933
f 869 870 935
f 869 935 934
f 870 871 936
f 870 936 935
f 871 872 937
f 871 937 936
f 872 873 938
f 872 938 937
f 873 874 939
f 873 939 938
f 874 875 940
f 874 940 939
f 875 876 941
f 875 941 940
f 876 877 942
f 876 942 941
f 877 878 943
f 877 943 942
f 878 879 944
f 878 944 943
f 879 880 945
f 879 945 944
f 880 881 946
f 880 946 945
f 881 882 947
f 881 947 946
f 882 883 948
f 882 948 947
f 883 884 949
f 883 949 948
f 884 885 950
f 884 950 949
f 885 886 951
f 885 951 950
f 886 887 952
f 886 952 951
f 887 888 953
f 887 953 952
f 888 889 954
f 888 954 953
f 889 890 955
f 889 955 954
f 890 891 956
f 890 956 955
f 891 892 957
f 891 957 956
f 892 893 958
f 892 958 957
f 893 894 959
f 893 959 958
f 894 895 960
f 894 960 959
f 895 896 961
f 895 961 960
f 896 897 962
f 896 962 961
f 897 898 963
f 897 963 962
f 898 899 964
f 898 964 963
f 899 900 965
f 899 965 964
f 900 901 966
f 900 966 965
f 901 902 967
f 901 967 966
f 902 903 968
f 902 968 967
f 903 904 969
f 903 969 968
f 904 905 970
f 904 970 969
f 905 906 971
f 905 971 970
f 906 907 972
f 906 972 971
f 907 908 973
f 907 973 972
f 908 909 974
f 908 974 973
f 909 910 975
f 909 975 974
f 911 912 977
f 911 977 976
f 912 913 978
f 912 978 977
f 913 914 979
f 913 979 978
f 914 915 980
f 914 980 979
f 915 916 981
f 915 981 980
f 916 917 982
f 916 982 981
f 917 918 983
f 917 983 982
f 918 919 984
f 918 984 983
f 919 920 985
f 919 985 984
f 920 921 986
f 920 986 985
f 921 922 987
f 921 987 986
f 922 923 988
f 922 988 987
f 923 924 989
f 923 989 988
f 924 925 990
f 924 990 989
f 925 926 991
f 925 991 990
f 926 927 992
f 926 992 991
f 927 928 993
f 927 993 992
f 928 929 994
f 928 994 993
f 929 930 995
f 929 995 994
f 930 931 996
f 930 996 995
f 931 932 997
f 931 997 996
f 932 933 998
f 932 998 997
f 933 934 999
f 933 999 998
f 934 935 1000
f 934 1000 999
f 935 936 1001
f 935 1001 1000
f 936 937 1002
f 936 1002 1001
f 937 938 1003
f 937 1003 1002
f 938 939 1004
f 938 1004 1003
f 939 940 1005
f 939 1005 1004
f 940 941 1006
f 940 1006 1005
f 941 942 1007
f 941 1007 1006
f 942 943 1008
f 942 1008 1007
f 943 944 1009
f 943 1009 1008
f 944 945 1010
f 944 1010 1009
f 945 946 1011
f 945 1011 1010
f 946 947 1012
f 946 1012 1011
f 947 948 1013
f 947 1013 1012
f 948 949 1014
f 948 1014 1013
f 949 950 1015
f 949 1015 1014
f 950 951 1016
f 950 1016 1015
f 951 952 1017
f 951 1017 1016
f 952 953 1018
f 952 1018 1017
f 953 954 1019
f 953 1019 1018
f 954 955 1020
f 954 1020 1019
f 955 956 1021
f 955 1021 1020
f 956 957 1022
f 956 1022 1021
f 957 958 1023
f 957 1023 1022
f 958 959 1024
f 958 1024 1023
f 959 960 1025
f 959 1025 1024
f 960 961 1026
f 960 1026 1025
f 961 962 1027
f 961 1027 1026
f 962 963 1028
f 962 1028 1027
f 963 964 1029
f 963 1029 1028
f 964 965 1030
f 964 1030 1029
f 965 966 1031
f 965 1031 1030
f 966 967 1032
f 966 1032 1031
f 967 968 1033
f 967 1033 1032
f 968 969 1034
f 968 1034 1033
f 969 970 1035
f 969 1035 1034
f 970 971 1036
f 970 1036 1035
f 971 972 1037
f 971 1037 1036
f 972 973 1038
f 972 1038 1037
f 973 974 1039
f 973 1039 1038
f 974 975 1040
f 974 1040 1039
f 976 977 1042
f 976 1042 1041
f 977 978 1043
f 977 1043 1042
f 978 979 1044
f 978 1044 1043
f 979 980 1045
f 979 1045 1044
f 980 981 1046
f 980 1046 1045
f 981 982 1047
f 981 1047 1046
f 982 983 1048
f 982 1048 1047
f 983 984 1049
f 983 1049 1048
f 984 985 1050
f 984 1050 1049
f 985 986 1051
f 985 1051 1050
f 986 987 1052
f 986 1052 1051
f 987 988 1053
f 987 1053 1052
f 988 989 1054
f 988 1054 1053
f 989 990 1055
f 989 1055 1054
f 990 991 1056
f 990 1056 1055
f 991 992 1057
f 991 1057 1056
f 992 993 1058
f 992 1058 1057
f 993 994 1059
f 993 1059 1058
f 994 995 1060
f 994 1060 1059
f 995 996 1061
f 995 1061 1060
f 996 997 1062
f 996 1062 1061
f 997 998 1063
f 997 1063 1062
f 998 999 1064
f 998 1064 1063
f 999 1000 1065
f 999 1065 1064
f 1000 1001 1066
f 1000 1066 1065
f 1001 1002 1067
f 1001 1067 1066
f 1002 1003 1068
f 1002 1068 1067
f 1003 1004 1069
f 1003 1069 1068
f 1004 1005 1070
f 1004 1070 1069
f 1005 1006 1071
f 1005 1071 1070
f 1006 1007 1072
f 1006 1072 1071
f 1007 1008 1073
f 1007 1073 1072
f 1008 1009 1074
f 1008 1074 1073
f 1009 1010 1075
f 1009 1075 1074
f 1010 1011 1076
f 1010 1076 1075
f 1011 1012 1077
f 1011 1077 1076
f 1012 1013 1078
f 1012 1078 1077
f 1013 1014 1079
f 1013 1079 1078
f 1014 1015 1080
f 1014 1080 1079
f 1015 1016 1081
f 1015 1081 1080
f 1016 1017 1082
f 1016 1082 1081
f 1017 1018 1083
f 1017 1083 1082
f 1018 1019 1084
f 1018 1084 1083
f 1019 1020 1085
f 1019 1085 1084
f 1020 1021 1086
f 1020 1086 1085
f 1021 1022 1087
f 1021 1087 1086
f 1022 1023 1088
f 1022 1088 1087
f 1023 1024 1089
f 1023 1089 1088
f 1024 1025 1090
f 1024 1090 1089
f 1025 1026 1091
f 1025 1091 1090
f 1026 1027 1092
f 1026 1092 1091
f 1027 1028 1093
f 1027 1093 1092
f 1028 1029 1094
f 1028 1094 1093
f 1029 1030 1095
f 1029 1095 1094
f 1030 1031 1096
f 1030 1096 1095
f 1031 1032 1097
f 1031 1097 1096
f 1032 1033 1098
f 1032 1098 1097
f 1033 1034 1099
f 1033 1099 1098
f 1034 1035 1100
f 1034 1100 1099
f 1035 1036 1101
f 1035 1101 1100
f 1036 1037 1102
f 1036 1102 1101
f 1037 1038 1103
f 1037 1103 1102
f 1038 1039 1104
f 1038 1104 1103
f 1039 1040 1105
f 1039 1105 1104
f 1041 1042 1107
f 1041 1107 1106
f 1042 1043 1108
f 1042 1108 1107
f 1043 1044 1109
f 1043 1109 1108
f 1044 1045 1110
f 1044 1110 1109
f 1045 1046 1111
f 1045 1111 1110
f 1046 1047 1112
f 1046 1112 1111
f 1047 1048 1113
f 1047 1113 1112
f 1048 1049 1114
f 1048 1114 1113
f 1049 1050 1115
f 1049 1115 1114
f 1050 1051 1116
f 1050 1116 1115
f 1051 1052 1117
f 1051 1117 1116
f 1052 1053 1118
f 1052 1118 1117
f 1053 1054 1119
f 1053 1119 1118
f 1054 1055 1120
f 1054 1120 1119
f 1055 1056 1121
f 1055 1121 1120
f 1056 1057 1122
f 1056 1122 1121
f 1057 1058 1123
f 1057 1123 1122
f 1058 1059 1124
f 1058 1124 1123
f 1059 1060 1125
f 1059 1125 1124
f 1060 1061 1126
f 1060 1126 1125
f 1061 1062 1127
f 1061 1127 1126
f 1062 1063 1128
f 1062 1128 1127
f 1063 1064 1129
f 1063 1129 1128
f 1064 1065 1130
f 1064 1130 1129
f 1065 1066 1131
f 1065 1131 1130
f 1066 1067 1132
f 1066 1132 1131
f 1067 1068 1133
f 1067 1133 1132
f 1068 1069 1134
f 1068 1134 1133
f 1069 1070 1135
f 1069 1135 1134
f 1070 1071 1136
f 1070 1136 1135
f 1071 1072 1137
f 1071 1137 1136
f 1072 1073 1138
f 1072 1138 1137
f 1073 1074 1139
f 1073 1139 1138
f 1074 1075 1140
f 1074 1140 1139
f 1075 1076 1141
f 1075 1141 1140
f 1076 1077 1142
f 1076 1142 1141
f 1077 1078 1143
f 1077 1143 1142
f 1078 1079 1144
f 1078 1144 1143
f 1079 1080 1145
f 1079 1145 1144
f 1080 1081 1146
f 1080 1146 1145
f 1081 1082 1147
f 1081 1147 1146
f 1082 1083 1148
f 1082 1148 1147
f 1083 1084 1149
f 1083 1149 1148
f 1084 1085 1150
f 1084 1150 1149
f 1085 1086 1151
f 1085 1151 1150
f 1086 1087 1152
f 1086 1152 1151
f 1087 1088 1153
f 1087 1153 1152
f 1088 1089 1154
f 1088 1154 1153
f 1089 1090 1155
f 1089 1155 1154
f 1090 1091 1156
f 1090 1156 1155
f 1091 1092 1157
f 1091 1157 1156
f 1092 1093 1158
f 1092 1158 1157
f 1093 1094 1159
f 1093 1159 1158
f 1094 1095 1160
f 1094 1160 1159
f 1095 1096 1161
f 1095 1161 1160
f 1096 1097 1162
f 1096 1162 1161
f 1097 1098 1163
f 1097 1163 1162
f 1098 1099 1164
f 1098 1164 1163
f 1099 1100 1165
f 1099 1165 1164
f 1100 1101 1166
f 1100 1166 1165
f 1101 1102 1167
f 1101 1167 1166
f 1102 1103 1168
f 1102 1168 1167
f 1103 1104 1169
f 1103 1169 1168
f 1104 1105 1170
f 1104 1170 1169
f 1106 1107 1172
f 1106 1172 1171
f 1107 1108 1173
f 1107 1173 1172
f 1108 1109 1174
f 1108 1174 1173
f 1109 1110 1175
f 1109 1175 1174
f 1110 1111 1176
f 1110 1176 1175
f 1111 1112 1177
f 1111 1177 1176
f 1112 1113 1178
f 1112 1178 1177
f 1113 1114 1179
f 1113 1179 1178
f 1114 1115 1180
f 1114 1180 1179
f 1115 1116 1181
f 1115 1181 1180
f 1116 1117 1182
f 1116 1182 1181
f 1117 1118 1183
f 1117 1183 1182
f 1118 1119 1184
f 1118 1184 1183
f 1119 1120 1185
f 1119 1185 1184
f 1120 1121 1186
f 1120 1186 1185
f 1121 1122 1187
f 1121 1187 1186
f 1122 1123 1188
f 1122 1188 1187
f 1123 1124 1189
f 1123 1189 1188
f 1124 1125 1190
f 1124 1190 1189
f 1125 1126 1191
f 1125 1191 1190
f 1126 1127 1192
f 1126 1192 1191
f 1127 1128 1193
f 1127 1193 1192
f 1128 1129 1194
f 1128 1194 1193
f 1129 1130 1195
f 1129 1195 1194
f 1130 1131 1196
f 1130 1196 1195
f 1131 1132 1197
f 1131 1197 1196
f 1132 1133 1198
f 1132 1198 1197
f 1133 1134 1199
f 1133 1199 1198
f 1134 1135 1200
f 1134 1200 1199
f 1135 1136 1201
f 1135 1201 1200
f 1136 1137 1202
f 1136 1202 1201
f 1137 1138 1203
f 1137 1203 1202
f 1138 1139 1204
f 1138 1204 1203
f 1139 1140 1205
f 1139 1205 1204
f 1140 1141 1206
f 1140 1206 1205
f 1141 1142 1207
f 1141 1207 1206
f 1142 1143 1208
f 1142 1208 1207
f 1143 1144 1209
f 1143 1209 1208
f 1144 1145 1210
f 1144 1210 1209
f 1145 1146 1211
f 1145 1211 1210
f 1146 1147 1212
f 1146 1212 1211
f 1147 1148 1213
f 1147 1213 1212
f 1148 1149 1214
f 1148 1214 1213
f 1149 1150 1215
f 1149 1215 1214
f 1150 1151 1216
f 1150 1216 1215
f 1151 1152 1217
f 1151 1217 1216
f 1152 1153 1218
f 1152 1218 1217
f 1153 1154 1219
f 1153 1219 1218
f 1154 1155 1220
f 1154 1220 1219
f 1155 1156 1221
f 1155 1221 1220
f 1156 1157 1222
f 1156 1222 1221
f 1157 1158 1223
f 1157 1223 1222
f 1158 1159 1224
f 1158 1224 1223
f 1159 1160 1225
f 1159 1225 1224
f 1160 1161 1226
f 1160 1226 1225
f 1161 1162 1227
f 1161 1227 1226
f 1162 1163 1228
f 1162 1228 1227
f 1163 1164 1229
f 1163 1229 1228
f 1164 1165 1230
f 1164 1230 1229
f 1165 1166 1231
f 1165 1231 1230
f 1166 1167 1232
f 1166 1232 1231
f 1167 1168 1233
f 1167 1233 1232
f 1168 1169 1234
f 1168 1234 1233
f 1169 1170 1235
f 1169 1235 1234
f 1171 1172 1237
f 1171 1237 1236
f 1172 1173 1238
f 1172 1238 1237
f 1173 1174 1239
f 1173 1239 1238
f 1174 1175 1240
f 1174 1240 1239
f 1175 1176 1241
f 1175 1241 1240
f 1176 1177 1242
f 1176 1242 1241
f 1177 1178 1243
f 1177 1243 1242
f 1178 1179 1244
f 1178 1244 1243
f 1179 1180 1245
f 1179 1245 1244
f 1180 1181 1246
f 1180 1246 1245
f 1181 1182 1247
f 1181 1247 1246
f 1182 1183 1248
f 1182 1248 1247
f 1183 1184 1249
f 1183 1249 1248
f 1184 1185 1250
f 1184 1250 1249
f 1185 1186 1251
f 1185 1251 1250
f 1186 1187 1252
f 1186 1252 1251
f 1187 1188 1253
f 1187 1253 1252
f 1188 1189 1254
f 1188 1254 1253
f 1189 1190 1255
f 1189 1255 1254
f 1190 1191 1256
f 1190 1256 1255
f 1191 1192 1257
f 1191 1257 1256
f 1192 1193 1258
f 1192 1258 1257
f 1193 1194 1259
f 1193 1259 1258
f 1194 1195 1260
f 1194 1260 1259
f 1195 1196 1261
f 1195 1261 1260
f 1196 1197 1262
f 1196 1262 1261
f 1197 1198 1263
f 1197 1263 1262
f 1198 1199 1264
f 1198 1264 1263
f 1199 1200 1265
f 1199 1265 1264
f 1200 1201 1266
f 1200 1266 1265
f 1201 1202 1267
f 1201 1267 1266
f 1202 1203 1268
f 1202 1268 1267
f 1203 1204 1269
f 1203 1269 1268
f 1204 1205 1270
f 1204 1270 1269
f 1205 1206 1271
f 1205 1271 1270
f 1206 1207 1272
f 1206 1272 1271
f 1207 1208 1273
f 1207 1273 1272
f 1208 1209 1274
f 1208 1274 1273
f 1209 1210 1275
f 1209 1275 1274
f 1210 1211 1276
f 1210 1276 1275
f 1211 1212 1277
f 1211 1277 1276
f 1212 1213 1278
f 1212 1278 1277
f 1213 1214 1279
f 1213 1279 1278
f 1214 1215 1280
f 1214 1280 1279
f 1215 1216 1281
f 1215 1281 1280
f 1216 1217 1282
f 1216 1282 1281
f 1217 1218 1283
f 1217 1283 1282
f 1218 1219 1284
f 1218 1284 1283
f 1219 1220 1285
f 1219 1285 1284
f 1220 1221 1286
f 1220 1286 1285
f 1221 1222 1287
f 1221 1287 1286
f 1222 1223 1288
f 1222 1288 1287
f 1223 1224 1289
f 1223 1289 1288
f 1224 1225 1290
f 1224 1290 1289
f 1225 1226 1291
f 1225 1291 1290
f 1226 1227 1292
f 1226 1292 1291
f 1227 1228 1293
f 1227 1293 1292
f 1228 1229 1294
f 1228 1294 1293
f 1229 1230 1295
f 1229 1295 1294
f 1230 1231 1296
f 1230 1296 1295
f 1231 1232 1297
f 1231 1297 1296
f 1232 1233 1298
f 1232 1298 1297
f 1233 1234 1299
f 1233 1299 1298
f 1234 1235 1300
f 1234 1300 1299
f 1236 1237 1302
f 1236 1302 1301
f 1237 1238 1303
f 1237 1303 1302
f 1238 1239 1304
f 1238 1304 1303
f 1239 1240 1305
f 1239 1305 1304
f 1240 1241 1306
f 1240 1306 1305
f 1241 1242 1307
f 1241 1307 1306
f 1242 1243 1308
f 1242 1308 1307
f 1243 1244 1309
f 1243 1309 1308
f 1244 1245 1310
f 1244 1310 1309
f 1245 1246 1311
f 1245 1311 1310
f 1246 1247 1312
f 1246 1312 1311
f 1247 1248 1313
f 1247 1313 1312
f 1248 1249 1314
f 1248 1314 1313
f 1249 1250 1315
f 1249 1315 1314
f 1250 1251 1316
f 1250 1316 1315
f 1251 1252 1317
f 1251 1317 1316
f 1252 1253 1318
f 1252 1318 1317
f 1253 1254 1319
f 1253 1319 1318
f 1254 1255 1320
f 1254 1320 1319
f 1255 1256 1321
f 1255 1321 1320
f 1256 1257 1322
f 1256 1322 1321
f 1257 1258 1323
f 1257 1323 1322
f 1258 1259 1324
f 1258 1324 1323
f 1259 1260 1325
f 1259 1325 1324
f 1260 1261 1326
f 1260 1326 1325
f 1261 1262 1327
f 1261 1327 1326
f 1262 1263 1328
f 1262 1328 1327
f 1263 1264 1329
f 1263 1329 1328
f 1264 1265 1330
f 1264 1330 1329
f 1265 1266 1331
f 1265 1331 1330
f 1266 1267 1332
f 1266 1332 1331
f 1267 1268 1333
f 1267 1333 1332
f 1268 1269 1334
f 1268 1334 1333
f 1269 1270 1335
f 1269 1335 1334
f 1270 1271 1336
f 1270 1336 1335
f 1271 1272 1337
f 1271 1337 1336
f 1272 1273 1338
f 1272 1338 1337
f 1273 1274 1339
f 1273 1339 1338
f 1274 1275 1340
f 1274 1340 1339
f 1275 1276 1341
f 1275 1341 1340
f 1276 1277 1342
f 1276 1342 1341
f 1277 1278 1343
f 1277 1343 1342
f 1278 1279 1344
f 1278 1344 1343
f 1279 1280 1345
f 1279 1345 1344
f 1280 1281 1346
f 1280 1346 1345
f 1281 1282 1347
f 1281 1347 1346
f 1282 1283 1348
f 1282 1348 1347
f 1283 1284 1349
f 1283 1349 1348
f 1284 1285 1350
f 1284 1350 1349
f 1285 1286 1351
f 1285 1351 1350
f 1286 1287 1352
f 1286 1352 1351
f 1287 1288 1353
f 1287 1353 1352
f 1288 1289 1354
f 1288 1354 1353
f 1289 1290 1355
f 1289 1355 1354
f 1290 1291 1356
f 1290 1356 1355
f 1291 1292 1357
f 1291 1357 1356
f 1292 1293 1358
f 1292 1358 1357
f 1293 1294 1359
f 1293 1359 1358
f 1294 1295 1360
f 1294 1360 1359
f 1295 1296 1361
f 1295 1361 1360
f 1296 1297 1362
f 1296 1362 1361
f 1297 1298 1363
f 1297 1363 1362
f 1298 1299 1364
f 1298 1364 1363
f 1299 1300 1365
f 1299 1365 1364
f 1301 1302 1367
f 1301 1367 1366
f 1302 1303 1368
f 1302 1368 1367
f 1303 1304 1369
f 1303 1369 1368
f 1304 1305 1370
f 1304 1370 1369
f 1305 1306 1371
f 1305 1371 1370
f 1306 1307 1372
f 1306 1372 1371
f 1307 1308 1373
f 1307 1373 1372
f 1308 1309 1374
f 1308 1374 1373
f 1309 1310 1375
f 1309 1375 1374
f 1310 1311 1376
f 1310 1376 1375
f 1311 1312 1377
f 1311 1377 1376
f 1312 1313 1378
f 1312 1378 1377
f 1313 1314 1379
f 1313 1379 1378
f 1314 1315 1380
f 1314 1380 1379
f 1315 1316 1381
f 1315 1381 1380
f 1316 1317 1382
f 1316 1382 1381
f 1317 1318 1383
f 1317 1383 1382
f 1318 1319 1384
f 1318 1384 1383
f 1319 1320 1385
f 1319 1385 1384
f 1320 1321 1386
f 1320 1386 1385
f 1321 1322 1387
f 1321 1387 1386
f 1322 1323 1388
f 1322 1388 1387
f 1323 1324 1389
f 1323 1389 1388
f 1324 1325 1390
f 1324 1390 1389
f 1325 1326 1391
f 1325 1391 1390
f 1326 1327 1392
f 1326 1392 1391
f 1327 1328 1393
f 1327 1393 1392
f 1328 1329 1394
f 1328 1394 1393
f 1329 1330 1395
f 1329 1395 1394
f 1330 1331 1396
f 1330 1396 1395
f 1331 1332 1397
f 1331 1397 1396
f 1332 1333 1398
f 1332 1398 1397
f 1333 1334 1399
f 1333 1399 1398
f 1334 1335 1400
f 1334 1400 1399
f 1335 1336 1401
f 1335 1401 1400
f 1336 1337 1402
f 1336 1402 1401
f 1337 1338 1403
f 1337 1403 1402
f 1338 1339 1404
f 1338 1404 1403
f 1339 1340 1405
f 1339 1405 1404
f 1340 1341 1406
f 1340 1406 1405
f 1341 1342 1407
f 1341 1407 1406
f 1342 1343 1408
f 1342 1408 1407
f 1343 1344 1409
f 1343 1409 1408
f 1344 1345 1410
f 1344 1410 1409
f 1345 1346 1411
f 1345 1411 1410
f 1346 1347 1412
f 1346 1412 1411
f 1347 1348 1413
f 1347 1413 1412
f 1348 1349 1414
f 1348 1414 1413
f 1349 1350 1415
f 1349 1415 1414
f 1350 1351 1416
f 1350 1416 1415
f 1351 1352 1417
f 1351 1417 1416
f 1352 1353 1418
f 1352 1418 1417
f 1353 1354 1419
f 1353 1419 1418
f 1354 1355 1420
f 1354 1420 1419
f 1355 1356 1421
f 1355 1421 1420
f 1356 1357 1422
f 1356 1422 1421
f 1357 1358 1423
f 1357 1423 1422
f 1358 1359 1424
f 1358 1424 1423
f 1359 1360 1425
f 1359 1425 1424
f 1360 1361 1426
f 1360 1426 1425
f 1361 1362 1427
f 1361 1427 1426
f 1362 1363 1428
f 1362 1428 1427
f 1363 1364 1429
f 1363 1429 1428
f 1364 1365 1430
f 1364 1430 1429
f 1366 1367 1432
f 1366 1432 1431
f 1367 1368 1433
f 1367 1433 1432
f 1368 1369 1434
f 1368 1434 1433
f 1369 1370 1435
f 1369 1435 1434
f 1370 1371 1436
f 1370 1436 1435
f 1371 1372 1437
f 1371 1437 1436
f 1372 1373 1438
f 1372 1438 1437
f 1373 1374 1439
f 1373 1439 1438
f 1374 1375 1440
f 1374 1440 1439
f 1375 1376 1441
f 1375 1441 1440
f 1376 1377 1442
f 1376 1442 1441
f 1377 1378 1443
f 1377 1443 1442
f 1378 1379 1444
f 1378 1444 1443
f 1379 1380 1445
f 1379 1445 1444
f 1380 1381 1446
f 1380 1446 1445
f 1381 1382 1447
f 1381 1447 1446
f 1382 1383 1448
f 1382 1448 1447
f 1383 1384 1449
f 1383 1449 1448
f 1384 1385 1450
f 1384 1450 1449
f 1385 1386 1451
f 1385 1451 1450
f 1386 1387 1452
f 1386 1452 1451
f 1387 1388 1453
f 1387 1453 1452
f 1388 1389 1454
f 1388 1454 1453
f 1389 1390 1455
f 1389 1455 1454
f 1390 1391 1456
f 1390 1456 1455
f 1391 1392 1457
f 1391 1457 1456
f 1392 1393 1458
f 1392 1458 1457
f 1393 1394 1459
f 1393 1459 1458
f 1394 1395 1460
f 1394 1460 1459
f 1395 1396 1461
f 1395 1461 1460
f 1396 1397 1462
f 1396 1462 1461
f 1397 1398 1463
f 1397 1463 1462
f 1398 1399 1464
f 1398 1464 1463
f 1399 1400 1465
f 1399 1465 1464
f 1400 1401 1466
f 1400 1466 1465
f 1401 1402 1467
f 1401 1467 1466
f 1402 1403 1468
f 1402 1468 1467
f 1403 1404 1469
f 1403 1469 1468
f 1404 1405 1470
f 1404 1470 1469
f 1405 1406 1471
f 1405 1471 1470
f 1406 1407 1472
f 1406 1472 1471
f 1407 1408 1473
f 1407 1473 1472
f 1408 1409 1474
f 1408 1474 1473
f 1409 1410 1475
f 1409 1475 1474
f 1410 1411 1476
f 1410 1476 1475
f 1411 1412 1477
f 1411 1477 1476
f 1412 1413 1478
f 1412 1478 1477
f 1413 1414 1479
f 1413 1479 1478
f 1414 1415 1480
f 1414 1480 1479
f 1415 1416 1481
f 1415 1481 1480
f 1416 1417 1482
f 1416 1482 1481
f 1417 1418 1483
f 1417 1483 1482
f 1418 1419 1484
f 1418 1484 1483
f 1419 1420 1485
f 1419 1485 1484
f 1420 1421 1486
f 1420 1486 1485
f 1421 1422 1487
f 1421 1487 1486
f 1422 1423 1488
f 1422 1488 1487
f 1423 1424 1489
f 1423 1489 1488
f 1424 1425 1490
f 1424 1490 1489
f 1425 1426 1491
f 1425 1491 1490
f 1426 1427 1492
f 1426 1492 1491
f 1427 1428 1493
f 1427 1493 1492
f 1428 1429 1494
f 1428 1494 1493
f 1429 1430 1495
f 1429 1495 1494
f 1431 1432 1497
f 1431 1497 1496
f 1432 1433 1498
f 1432 1498 1497
f 1433 1434 1499
f 1433 1499 1498
f 1434 1435 1500
f 1434 1500 1499
f 1435 1436 1501
f 1435 1501 1500
f 1436 1437 1502
f 1436 1502 1501
f 1437 1438 1503
f 1437 1503 1502
f 1438 1439 1504
f 1438 1504 1503
f 1439 1440 1505
f 1439 1505 1504
f 1440 1441 1506
f 1440 1506 1505
f 1441 1442 1507
f 1441 1507 1506
f 1442 1443 1508
f 1442 1508 1507
f 1443 1444 1509
f 1443 1509 1508
f 1444 1445 1510
f 1444 1510 1509
f 1445 1446 1511
f 1445 1511 1510
f 1446 1447 1512
f 1446 1512 1511
f 1447 1448 1513
f 1447 1513 1512
f 1448 1449 1514
f 1448 1514 1513
f 1449 1450 1515
f 1449 1515 1514
f 1450 1451 1516
f 1450 1516 1515
f 1451 1452 1517
f 1451 1517 1516
f 1452 1453 1518
f 1452 1518 1517
f 1453 1454 1519
f 1453 1519 1518
f 1454 1455 1520
f 1454 1520 1519
f 1455 1456 1521
f 1455 1521 1520
f 1456 1457 1522
f 1456 1522 1521
f 1457 1458 1523
f 1457 1523 1522
f 1458 1459 1524
f 1458 1524 1523
f 1459 1460 1525
f 1459 1525 1524
f 1460 1461 1526
f 1460 1526 1525
f 1461 1462 1527
f 1461 1527 1526
f 1462 1463 1528
f 1462 1528 1527
f 1463 1464 1529
f 1463 1529 1528
f 1464 1465 1530
f 1464 1530 1529
f 1465 1466 1531
f 1465 1531 1530
f 1466 1467 1532
f 1466 1532 1531
f 1467 1468 1533
f 1467 1533 1532
f 1468 1469 1534
f 1468 1534 1533
f 1469 1470 1535
f 1469 1535 1534
f 1470 1471 1536
f 1470 1536 1535
f 1471 1472 1537
f 1471 1537 1536
f 1472 1473 1538
f 1472 1538 1537
f 1473 1474 1539
f 1473 1539 1538
f 1474 1475 1540
f 1474 1540 1539
f 1475 1476 1541
f 1475 1541 1540
f 1476 1477 1542
f 1476 1542 1541
f 1477 1478 1543
f 1477 1543 1542
f 1478 1479 1544
f 1478 1544 1543
f 1479 1480 1545
f 1479 1545 1544
f 1480 1481 1546
f 1480 1546 1545
f 1481 1482 1547
f 1481 1547 1546
f 1482 1483 1548
f 1482 1548 1547
f 1483 1484 1549
f 1483 1549 1548
f 1484 1485 1550
f 1484 1550 1549
f 1485 1486 1551
f 1485 1551 1550
f 1486 1487 1552
f 1486 1552 1551
f 1487 1488 1553
f 1487 1553 1552
f 1488 1489 1554
f 1488 1554 1553
f 1489 1490 1555
f 1489 1555 1554
f 1490 1491 1556
f 1490 1556 1555
f 1491 1492 1557
f 1491 1557 1556
f 1492 1493 1558
f 1492 1558 1557
f 1493 1494 1559
f 1493 1559 1558
f 1494 1495 1560
f 1494 1560 1559
f 1496 1497 1562
f 1496 1562 1561
f 1497 1498 1563
f 1497 1563 1562
f 1498 1499 1564
f 1498 1564 1563
f 1499 1500 1565
f 1499 1565 1564
f 1500 1501 1566
f 1500 1566 1565
f 1501 1502 1567
f 1501 1567 1566
f 1502 1503 1568
f 1502 1568 1567
f 1503 1504 1569
f 1503 1569 1568
f 1504 1505 1570
f 1504 1570 1569
f 1505 1506 1571
f 1505 1571 1570
f 1506 1507 1572
f 1506 1572 1571
f 1507 1508 1573
f 1507 1573 1572
f 1508 1509 1574
f 1508 1574 1573
f 1509 1510 1575
f 1509 1575 1574
f 1510 1511 1576
f 1510 1576 1575
f 1511 1512 1577
f 1511 1577 1576
f 1512 1513 1578
f 1512 1578 1577
f 1513 1514 1579
f 1513 1579 1578
f 1514 1515 1580
f 1514 1580 1579
f 1515 1516 1581
f 1515 1581 1580
f 1516 1517 1582
f 1516 1582 1581
f 1517 1518 1583
f 1517 1583 1582
f 1518 1519 1584
f 1518 1584 1583
f 1519 1520 1585
f 1519 1585 1584
f 1520 1521 1586
f 1520 1586 1585
f 1521 1522 1587
f 1521 1587 1586
f 1522 1523 1588
f 1522 1588 1587
f 1523 1524 1589
f 1523 1589 1588
f 1524 1525 1590
f 1524 1590 1589
f 1525 1526 1591
f 1525 1591 1590
f 1526 1527 1592
f 1526 1592 1591
f 1527 1528 1593
f 1527 1593 1592
f 1528 1529 1594
f 1528 1594 1593
f 1529 1530 1595
f 1529 1595 1594
f 1530 1531 1596
f 1530 1596 1595
f 1531 1532 1597
f 1531 1597 1596
f 1532 1533 1598
f 1532 1598 1597
f 1533 1534 1599
f 1533 1599 1598
f 1534 1535 1600
f 1534 1600 1599
f 1535 1536 1601
f 1535 1601 1600
f 1536 1537 1602
f 1536 1602 1601
f 1537 1538 1603
f 1537 1603 1602
f 1538 1539 1604
f 1538 1604 1603
f 1539 1540 1605
f 1539 1605 1604
f 1540 1541 1606
f 1540 1606 1605
f 1541 1542 1607
f 1541 1607 1606
f 1542 1543 1608
f 1542 1608 1607
f 1543 1544 1609
f 1543 1609 1608
f 1544 1545 1610
f 1544 1610 1609
f 1545 1546 1611
f 1545 1611 1610
f 1546 1547 1612
f 1546 1612 1611
f 1547 1548 1613
f 1547 1613 1612
f 1548 1549 1614
f 1548 1614 1613
f 1549 1550 1615
f 1549 1615 1614
f 1550 1551 1616
f 1550 1616 1615
f 1551 1552 1617
f 1551 1617 1616
f 1552 1553 1618
f 1552 1618 1617
f 1553 1554 1619
f 1553 1619 1618
f 1554 1555 1620
f 1554 1620 1619
f 1555 1556 1621
f 1555 1621 1620
f 1556 1557 1622
f 1556 1622 1621
f 1557 1558 1623
f 1557 1623 1622
f 1558 1559 1624
f 1558 1624 1623
f 1559 1560 1625
f 1559 1625 1624
f 1561 1562 1627
f 1561 1627 1626
f 1562 1563 1628
f 1562 1628 1627
f 1563 1564 1629
f 1563 1629 1628
f 1564 1565 1630
f 1564 1630 1629
f 1565 1566 1631
f 1565 1631 1630
f 1566 1567 1632
f 1566 1632 1631
f 1567 1568 1633
f 1567 1633 1632
f 1568 1569 1634
f 1568 1634 1633
f 1569 1570 1635
f 1569 1635 1634
f 1570 1571 1636
f 1570 1636 1635
f 1571 1572 1637
f 1571 1637 1636
f 1572 1573 1638
f 1572 1638 1637
f 1573 1574 1639
f 1573 1639 1638
f 1574 1575 1640
f 1574 1640 1639
f 1575 1576 1641
f 1575 1641 1640
f 1576 1577 1642
f 1576 1642 1641
f 1577 1578 1643
f 1577 1643 1642
f 1578 1579 1644
f 1578 1644 1643
f 1579 1580 1645
f 1579 1645 1644
f 1580 1581 1646
f 1580 1646 1645
f 1581 1582 1647
f 1581 1647 1646
f 1582 1583 1648
f 1582 1648 1647
f 1583 1584 1649
f 1583 1649 1648
f 1584 1585 1650
f 1584 1650 1649
f 1585 1586 1651
f 1585 1651 1650
f 1586 1587 1652
f 1586 1652 1651
f 1587 1588 1653
f 1587 1653 1652
f 1588 1589 1654
f 1588 1654 1653
f 1589 1590 1655
f 1589 1655 1654
f 1590 1591 1656
f 1590 1656 1655
f 1591 1592 1657
f 1591 1657 1656
f 1592 1593 1658
f 1592 1658 1657
f 1593 1594 1659
f 1593 1659 1658
f 1594 1595 1660
f 1594 1660 1659
f 1595 1596 1661
f 1595 1661 1660
f 1596 1597 1662
f 1596 1662 1661
f 1597 1598 1663
f 1597 1663 1662
f 1598 1599 1664
f 1598 1664 1663
f 1599 1600 1665
f 1599 1665 1664
f 1600 1601 1666
f 1600 1666 1665
f 1601 1602 1667
f 1601 1667 1666
f 1602 1603 1668
f 1602 1668 1667
f 1603 1604 1669
f 1603 1669 1668
f 1604 1605 1670
f 1604 1670 1669
f 1605 1606 1671
f 1605 1671 1670
f 1606 1607 1672
f 1606 1672 1671
f 1607 1608 1673
f 1607 1673 1672
f 1608 1609 1674
f 1608 1674 1673
f 1609 1610 1675
f 1609 1675 1674
f 1610 1611 1676
f 1610 1676 1675
f 1611 1612 1677
f 1611 1677 1676
f 1612 1613 1678
f 1612 1678 1677
f 1613 1614 1679
f 1613 1679 1678
f 1614 1615 1680
f 1614 1680 1679
f 1615 1616 1681
f 1615 1681 1680
f 1616 1617 1682
f 1616 1682 1681
f 1617 1618 1683
f 1617 1683 1682
f 1618 1619 1684
f 1618 1684 1683
f 1619 1620 1685
f 1619 1685 1684
f 1620 1621 1686
f 1620 1686 1685
f 1621 1622 1687
f 1621 1687 1686
f 1622 1623 1688
f 1622 1688 1687
f 1623 1624 1689
f 1623 1689 1688
f 1624 1625 1690
f 1624 1690 1689
f 1626 1627 1692
f 1626 1692 1691
f 1627 1628 1693
f 1627 1693 1692
f 1628 1629 1694
f 1628 1694 1693
f 1629 1630 1695
f 1629 1695 1694
f 1630 1631 1696
f 1630 1696 1695
f 1631 1632 1697
f 1631 1697 1696
f 1632 1633 1698
f 1632 1698 1697
f 1633 1634 1699
f 1633 1699 1698
f 1634 1635 1700
f 1634 1700 1699
f 1635 1636 1701
f 1635 1701 1700
f 1636 1637 1702
f 1636 1702 1701
f 1637 1638 1703
f 1637 1703 1702
f 1638 1639 1704
f 1638 1704 1703
f 1639 1640 1705
f 1639 1705 1704
f 1640 1641 1706
f 1640 1706 1705
f 1641 1642 1707
f 1641 1707 1706
f 1642 1643 1708
f 1642 1708 1707
f 1643 1644 1709
f 1643 1709 1708
f 1644 1645 1710
f 1644 1710 1709
f 1645 1646 1711
f 1645 1711 1710
f 1646 1647 1712
f 1646 1712 1711
f 1647 1648 1713
f 1647 1713 1712
f 1648 1649 1714
f 1648 1714 1713
f 1649 1650 1715
f 1649 1715 1714
f 1650 1651 1716
f 1650 1716 1715
f 1651 1652 1717
f 1651 1717 1716
f 1652 1653 1718
f 1652 1718 1717
f 1653 1654 1719
f 1653 1719 1718
f 1654 1655 1720
f 1654 1720 1719
f 1655 1656 1721
f 1655 1721 1720
f 1656 1657 1722
f 1656 1722 1721
f 1657 1658 1723
f 1657 1723 1722
f 1658 1659 1724
f 1658 1724 1723
f 1659 1660 1725
f 1659 1725 1724
f 1660 1661 1726
f 1660 1726 1725
f 1661 1662 1727
f 1661 1727 1726
f 1662 1663 1728
f 1662 1728 1727
f 1663 1664 1729
f 1663 1729 1728
f 1664 1665 1730
f 1664 1730 1729
f 1665 1666 1731
f 1665 1731 1730
f 1666 1667 1732
f 1666 1732 1731
f 1667 1668 1733
f 1667 1733 1732
f 1668 1669 1734
f 1668 1734 1733
f 1669 1670 1735
f 1669 1735 1734
f 1670 1671 1736
f 1670 1736 1735
f 1671 1672 1737
f 1671 1737 1736
f 1672 1673 1738
f 1672 1738 1737
f 1673 1674 1739
f 1673 1739 1738
f 1674 1675 1740
f 1674 1740 1739
f 1675 1676 1741
f 1675 1741 1740
f 1676 1677 1742
f 1676 1742 1741
f 1677 1678 1743
f 1677 1743 1742
f 1678 1679 1744
f 1678 1744 1743
f 1679 1680 1745
f 1679 1745 1744
f 1680 1681 1746
f 1680 1746 1745
f 1681 1682 1747
f 1681 1747 1746
f 1682 1683 1748
f 1682 1748 1747
f 1683 1684 1749
f 1683 1749 1748
f 1684 1685 1750
f 1684 1750 1749
f 1685 1686 1751
f 1685 1751 1750
f 1686 1687 1752
f 1686 1752 1751
f 1687 1688 1753
f 1687 1753 1752
f 1688 1689 1754
f 1688 1754 1753
f 1689 1690 1755
f 1689 1755 1754
f 1691 1692 1757
f 1691 1757 1756
f 1692 1693 1758
f 1692 1758 1757
f 1693 1694 1759
f 1693 1759 1758
f 1694 1695 1760
f 1694 1760 1759
f 1695 1696 1761
f 1695 1761 1760
f 1696 1697 1762
f 1696 1762 1761
f 1697 1698 1763
f 1697 1763 1762
f 1698 1699 1764
f 1698 1764 1763
f 1699 1700 1765
f 1699 1765 1764
f 1700 1701 1766
f 1700 1766 1765
f 1701 1702 1767
f 1701 1767 1766
f 1702 1703 1768
f 1702 1768 1767
f 1703 1704 1769
f 1703 1769 1768
f 1704 1705 1770
f 1704 1770 1769
f 1705 1706 1771
f 1705 1771 1770
f 1706 1707 1772
f 1706 1772 1771
f 1707 1708 1773
f 1707 1773 1772
f 1708 1709 1774
f 1708 1774 1773
f 1709 1710 1775
f 1709 1775 1774
f 1710 1711 1776
f 1710 1776 1775
f 1711 1712 1777
f 1711 1777 1776
f 1712 1713 1778
f 1712 1778 1777
f 1713 1714 1779
f 1713 1779 1778
f 1714 1715 1780
f 1714 1780 1779
f 1715 1716 1781
f 1715 1781 1780
f 1716 1717 1782
f 1716 1782 1781
f 1717 1718 1783
f 1717 1783 1782
f 1718 1719 1784
f 1718 1784 1783
f 1719 1720 1785
f 1719 1785 1784
f 1720 1721 1786
f 1720 1786 1785
f 1721 1722 1787
f 1721 1787 1786
f 1722 1723 1788
f 1722 1788 1787
f 1723 1724 1789
f 1723 1789 1788
f 1724 1725 1790
f 1724 1790 1789
f 1725 1726 1791
f 1725 1791 1790
f 1726 1727 1792
f 1726 1792 1791
f 1727 1728 1793
f 1727 1793 1792
f 1728 1729 1794
f 1728 1794 1793
f 1729 1730 1795
f 1729 1795 1794
f 1730 1731 1796
f 1730 1796 1795
f 1731 1732 1797
f 1731 1797 1796
f 1732 1733 1798
f 1732 1798 1797
f 1733 1734 1799
f 1733 1799 1798
f 1734 1735 1800
f 1734 1800 1799
f 1735 1736 1801
f 1735 1801 1800
f 1736 1737 1802
f 1736 1802 1801
f 1737 1738 1803
f 1737 1803 1802
f 1738 1739 1804
f 1738 1804 1803
f 1739 1740 1805
f 1739 1805 1804
f 1740 1741 1806
f 1740 1806 1805
f 1741 1742 1807
f 1741 1807 1806
f 1742 1743 1808
f 1742 1808 1807
f 1743 1744 1809
f 1743 1809 1808
f 1744 1745 1810
f 1744 1810 1809
f 1745 1746 1811
f 1745 1811 1810
f 1746 1747 1812
f 1746 1812 1811
f 1747 1748 1813
f 1747 1813 1812
f 1748 1749 1814
f 1748 1814 1813
f 1749 1750 1815
f 1749 1815 1814
f 1750 1751 1816
f 1750 1816 1815
f 1751 1752 1817
f 1751 1817 1816
f 1752 1753 1818
f 1752 1818 1817
f 1753 1754 1819
f 1753 1819 1818
f 1754 1755 1820
f 1754 1820 1819
f 1756 1757 1822
f 1756 1822 1821
f 1757 1758 1823
f 1757 1823 1822
f 1758 1759 1824
f 1758 1824 1823
f 1759 1760 1825
f 1759 1825 1824
f 1760 1761 1826
f 1760 1826 1825
f 1761 1762 1827
f 1761 1827 1826
f 1762 1763 1828
f 1762 1828 1827
f 1763 1764 1829
f 1763 1829 1828
f 1764 1765 1830
f 1764 1830 1829
f 1765 1766 1831
f 1765 1831 1830
f 1766 1767 1832
f 1766 1832 1831
f 1767 1768 1833
f 1767 1833 1832
f 1768 1769 1834
f 1768 1834 1833
f 1769 1770 1835
f 1769 1835 1834
f 1770 1771 1836
f 1770 1836 1835
f 1771 1772 1837
f 1771 1837 1836
f 1772 1773 1838
f 1772 1838 1837
f 1773 1774 1839
f 1773 1839 1838
f 1774 1775 1840
f 1774 1840 1839
f 1775 1776 1841
f 1775 1841 1840
f 1776 1777 1842
f 1776 1842 1841
f 1777 1778 1843
f 1777 1843 1842
f 1778 1779 1844
f 1778 1844 1843
f 1779 1780 1845
f 1779 1845 1844
f 1780 1781 1846
f 1780 1846 1845
f 1781 1782 1847
f 1781 1847 1846
f 1782 1783 1848
f 1782 1848 1847
f 1783 1784 1849
f 1783 1849 1848
f 1784 1785 1850
f 1784 1850 1849
f 1785 1786 1851
f 1785 1851 1850
f 1786 1787 1852
f 1786 1852 1851
f 1787 1788 1853
f 1787 1853 1852
f 1788 1789 1854
f 1788 1854 1853
f 1789 1790 1855
f 1789 1855 1854
f 1790 1791 1856
f 1790 1856 1855
f 1791 1792 1857
f 1791 1857 1856
f 1792 1793 1858
f 1792 1858 1857
f 1793 1794 1859
f 1793 1859 1858
f 1794 1795 1860
f 1794 1860 1859
f 1795 1796 1861
f 1795 1861 1860
f 1796 1797 1862
f 1796 1862 1861
f 1797 1798 1863
f 1797 1863 1862
f 1798 1799 1864
f 1798 1864 1863
f 1799 1800 1865
f 1799 1865 1864
f 1800 1801 1866
f 1800 1866 1865
f 1801 1802 1867
f 1801 1867 1866
f 1802 1803 1868
f 1802 1868 1867
f 1803 1804 1869
f 1803 1869 1868
f 1804 1805 1870
f 1804 1870 1869
f 1805 1806 1871
f 1805 1871 1870
f 1806 1807 1872
f 1806 1872 1871
f 1807 1808 1873
f 1807 1873 1872
f 1808 1809 1874
f 1808 1874 1873
f 1809 1810 1875
f 1809 1875 1874
f 1810 1811 1876
f 1810 1876 1875
f 1811 1812 1877
f 1811 1877 1876
f 1812 1813 1878
f 1812 1878 1877
f 1813 1814 1879
f 1813 1879 1878
f 1814 1815 1880
f 1814 1880 1879
f 1815 1816 1881
f 1815 1881 1880
f 1816 1817 1882
f 1816 1882 1881
f 1817 1818 1883
f 1817 1883 1882
f 1818 1819 1884
f 1818 1884 1883
f 1819 1820 1885
f 1819 1885 1884
f 1821 1822 1887
f 1821 1887 1886
f 1822 1823 1888
f 1822 1888 1887
f 1823 1824 1889
f 1823 1889 1888
f 1824 1825 1890
f 1824 1890 1889
f 1825 1826 1891
f 1825 1891 1890
f 1826 1827 1892
f 1826 1892 1891
f 1827 1828 1893
f 1827 1893 1892
f 1828 1829 1894
f 1828 1894 1893
f 1829 1830 1895
f 1829 1895 1894
f 1830 1831 1896
f 1830 1896 1895
f 1831 1832 1897
f 1831 1897 1896
f 1832 1833 1898
f 1832 1898 1897
f 1833 1834 1899
f 1833 1899 1898
f 1834 1835 1900
f 1834 1900 1899
f 1835 1836 1901
f 1835 1901 1900
f 1836 1837 1902
f 1836 1902 1901
f 1837 1838 1903
f 1837 1903 1902
f 1838 1839 1904
f 1838 1904 1903
f 1839 1840 1905
f 1839 1905 1904
f 1840 1841 1906
f 1840 1906 1905
f 1841 1842 1907
f 1841 1907 1906
f 1842 1843 1908
f 1842 1908 1907
f 1843 1844 1909
f 1843 1909 1908
f 1844 1845 1910
f 1844 1910 1909
f 1845 1846 1911
f 1845 1911 1910
f 1846 1847 1912
f 1846 1912 1911
f 1847 1848 1913
f 1847 1913 1912
f 1848 1849 1914
f 1848 1914 1913
f 1849 1850 1915
f 1849 1915 1914
f 1850 1851 1916
f 1850 1916 1915
f 1851 1852 1917
f 1851 1917 1916
f 1852 1853 1918
f 1852 1918 1917
f 1853 1854 1919
f 1853 1919 1918
f 1854 1855 1920
f 1854 1920 1919
f 1855 1856 1921
f 1855 1921 1920
f 1856 1857 1922
f 1856 1922 1921
f 1857 1858 1923
f 1857 1923 1922
f 1858 1859 1924
f 1858 1924 1923
f 1859 1860 1925
f 1859 1925 1924
f 1860 1861 1926
f 1860 1926 1925
f 1861 1862 1927
f 1861 1927 1926
f 1862 1863 1928
f 1862 1928 1927
f 1863 1864 1929
f 1863 1929 1928
f 1864 1865 1930
f 1864 1930 1929
f 1865 1866 1931
f 1865 1931 1930
f 1866 1867 1932
f 1866 1932 1931
f 1867 1868 1933
f 1867 1933 1932
f 1868 1869 1934
f 1868 1934 1933
f 1869 1870 1935
f 1869 1935 1934
f 1870 1871 1936
f 1870 1936 1935
f 1871 1872 1937
f 1871 1937 1936
f 1872 1873 1938
f 1872 1938 1937
f 1873 1874 1939
f 1873 1939 1938
f 1874 1875 1940
f 1874 1940 1939
f 1875 1876 1941
f 1875 1941 1940
f 1876 1877 1942
f 1876 1942 1941
f 1877 1878 1943
f 1877 1943 1942
f 1878 1879 1944
f 1878 1944 1943
f 1879 1880 1945
f 1879 1945 1944
f 1880 1881 1946
f 1880 1946 1945
f 1881 1882 1947
f 1881 1947 1946
f 1882 1883 1948
f 1882 1948 1947
f 1883 1884 1949
f 1883 1949 1948
f 1884 1885 1950
f 1884 1950 1949
f 1886 1887 1952
f 1886 1952 1951
f 1887 1888 1953
f 1887 1953 1952
f 1888 1889 1954
f 1888 1954 1953
f 1889 1890 1955
f 1889 1955 1954
f 1890 1891 1956
f 1890 1956 1955
f 1891 1892 1957
f 1891 1957 1956
f 1892 1893 1958
f 1892 1958 1957
f 1893 1894 1959
f 1893 1959 1958
f 1894 1895 1960
f 1894 1960 1959
f 1895 1896 1961
f 1895 1961 1960
f 1896 1897 1962
f 1896 1962 1961
f 1897 1898 1963
f 1897 1963 1962
f 1898 1899 1964
f 1898 1964 1963
f 1899 1900 1965
f 1899 1965 1964
f 1900 1901 1966
f 1900 1966 1965
f 1901 1902 1967
f 1901 1967 1966
f 1902 1903 1968
f 1902 1968 1967
f 1903 1904 1969
f 1903 1969 1968
f 1904 1905 1970
f 1904 1970 1969
f 1905 1906 1971
f 1905 1971 1970
f 1906 1907 1972
f 1906 1972 1971
f 1907 1908 1973
f 1907 1973 1972
f 1908 1909 1974
f 1908 1974 1973
f 1909 1910 1975
f 1909 1975 1974
f 1910 1911 1976
f 1910 1976 1975
f 1911 1912 1977
f 1911 1977 1976
f 1912 1913 1978
f 1912 1978 1977
f 1913 1914 1979
f 1913 1979 1978
f 1914 1915 1980
f 1914 1980 1979
f 1915 1916 1981
f 1915 1981 1980
f 1916 1917 1982
f 1916 1982 1981
f 1917 1918 1983
f 1917 1983 1982
f 1918 1919 1984
f 1918 1984 1983
f 1919 1920 1985
f 1919 1985 1984
f 1920 1921 1986
f 1920 1986 1985
f 1921 1922 1987
f 1921 1987 1986
f 1922 1923 1988
f 1922 1988 1987
f 1923 1924 1989
f 1923 1989 1988
f 1924 1925 1990
f 1924 1990 1989
f 1925 1926 1991
f 1925 1991 1990
f 1926 1927 1992
f 1926 1992 1991
f 1927 1928 1993
f 1927 1993 1992
f 1928 1929 1994
f 1928 1994 1993
f 1929 1930 1995
f 1929 1995 1994
f 1930 1931 1996
f 1930 1996 1995
f 1931 1932 1997
f 1931 1997 1996
f 1932 1933 1998
f 1932 1998 1997
f 1933 1934 1999
f 1933 1999 1998
f 1934 1935 2000
f 1934 2000 1999
f 1935 1936 2001
f 1935 2001 2000
f 1936 1937 2002
f 1936 2002 2001
f 1937 1938 2003
f 1937 2003 2002
f 1938 1939 2004
f 1938 2004 2003
f 1939 1940 2005
f 1939 2005 2004
f 1940 1941 2006
f 1940 2006 2005
f 1941 1942 2007
f 1941 2007 2006
f 1942 1943 2008
f 1942 2008 2007
f 1943 1944 2009
f 1943 2009 2008
f 1944 1945 2010
f 1944 2010 2009
f 1945 1946 2011
f 1945 2011 2010
f 1946 1947 2012
f 1946 2012 2011
f 1947 1948 2013
f 1947 2013 2012
f 1948 1949 2014
f 1948 2014 2013
f 1949 1950 2015
f 1949 2015 2014
f 1951 1952 2017
f 1951 2017 2016
f 1952 1953 2018
f 1952 2018 2017
f 1953 1954 2019
f 1953 2019 2018
f 1954 1955 2020
f 1954 2020 2019
f 1955 1956 2021
f 1955 2021 2020
f 1956 1957 2022
f 1956 2022 2021
f 1957 1958 2023
f 1957 2023 2022
f 1958 1959 2024
f 1958 2024 2023
f 1959 1960 2025
f 1959 2025 2024
f 1960 1961 2026
f 1960 2026 2025
f 1961 1962 2027
f 1961 2027 2026
f 1962 1963 2028
f 1962 2028 2027
f 1963 1964 2029
f 1963 2029 2028
f 1964 1965 2030
f 1964 2030 2029
f 1965 1966 2031
f 1965 2031 2030
f 1966 1967 2032
f 1966 2032 2031
f 1967 1968 2033
f 1967 2033 2032
f 1968 1969 2034
f 1968 2034 2033
f 1969 1970 2035
f 1969 2035 2034
f 1970 1971 2036
f 1970 2036 2035
f 1971 1972 2037
f 1971 2037 2036
f 1972 1973 2038
f 1972 2038 2037
f 1973 1974 2039
f 1973 2039 2038
f 1974 1975 2040
f 1974 2040 2039
f 1975 1976 2041
f 1975 2041 2040
f 1976 1977 2042
f 1976 2042 2041
f 1977 1978 2043
f 1977 2043 2042
f 1978 1979 2044
f 1978 2044 2043
f 1979 1980 2045
f 1979 2045 2044
f 1980 1981 2046
f 1980 2046 2045
f 1981 1982 2047
f 1981 2047 2046
f 1982 1983 2048
f 1982 2048 2047
f 1983 1984 2049
f 1983 2049 2048
f 1984 1985 2050
f 1984 2050 2049
f 1985 1986 2051
f 1985 2051 2050
f 1986 1987 2052
f 1986 2052 2051
f 1987 1988 2053
f 1987 2053 2052
f 1988 1989 2054
f 1988 2054 2053
f 1989 1990 2055
f 1989 2055 2054
f 1990 1991 2056
f 1990 2056 2055
f 1991 1992 2057
f 1991 2057 2056
f 1992 1993 2058
f 1992 2058 2057
f 1993 1994 2059
f 1993 2059 2058
f 1994 1995 2060
f 1994 2060 2059
f 1995 1996 2061
f 1995 2061 2060
f 1996 1997 2062
f 1996 2062 2061
f 1997 1998 2063
f 1997 2063 2062
f 1998 1999 2064
f 1998 2064 2063
f 1999 2000 2065
f 1999 2065 2064
f 2000 2001 2066
f 2000 2066 2065
f 2001 2002 2067
f 2001 2067 2066
f 2002 2003 2068
f 2002 2068 2067
f 2003 2004 2069
f 2003 2069 2068
f 2004 2005 2070
f 2004 2070 2069
f 2005 2006 2071
f 2005 2071 2070
f 2006 2007 2072
f 2006 2072 2071
f 2007 2008 2073
f 2007 2073 2072
f 2008 2009 2074
f 2008 2074 2073
f 2009 2010 2075
f 2009 2075 2074
f 2010 2011 2076
f 2010 2076 2075
f 2011 2012 2077
f 2011 2077 2076
f 2012 2013 2078
f 2012 2078 2077
f 2013 2014 2079
f 2013 2079 2078
f 2014 2015 2080
f 2014 2080 2079
f 2016 2082 2017
f 2017 2083 2018
f 2018 2084 2019
f 2019 2085 2020
f 2020 2086 2021
f 2021 2087 2022
f 2022 2088 2023
f 2023 2089 2024
f 2024 2090 2025
f 2025 2091 2026
f 2026 2092 2027
f 2027 2093 2028
f 2028 2094 2029
f 2029 2095 2030
f 2030 2096 2031
f 2031 2097 2032
f 2032 2098 2033
f 2033 2099 2034
f 2034 2100 2035
f 2035 2101 2036
f 2036 2102 2037
f 2037 2103 2038
f 2038 2104 2039
f 2039 2105 2040
f 2040 2106 2041
f 2041 2107 2042
f 2042 2108 2043
f 2043 2109 2044
f 2044 2110 2045
f 2045 2111 2046
f 2046 2112 2047
f 2047 2113 2048
f 2048 2114 2049
f 2049 2115 2050
f 2050 2116 2051
f 2051 2117 2052
f 2052 2118 2053
f 2053 2119 2054
f 2054 2120 2055
f 2055 2121 2056
f 2056 2122 2057
f 2057 2123 2058
f 2058 2124 2059
f 2059 2125 2060
f 2060 2126 2061
f 2061 2127 2062
f 2062 2128 2063
f 2063 2129 2064
f 2064 2130 2065
f 2065 2131 2066
f 2066 2132 2067
f 2067 2133 2068
f 2068 2134 2069
f 2069 2135 2070
f 2070 2136 2071
f 2071 2137 2072
f 2072 2138 2073
f 2073 2139 2074
f 2074 2140 2075
f 2075 2141 2076
f 2076 2142 2077
f 2077 2143 2078
f 2078 2144 2079
f 2079 2145 2080
