v 0.439019 -0.756944 0.159939
v -0.439019 -0.756944 0.159939
v 0.483073 -0.684896 0.112847
v -0.483073 -0.684896 0.112847
v 0.527344 -0.582031 0.072917
v -0.527344 -0.582031 0.072917
v 0.351563 -0.615885 0.002604
v -0.351563 -0.615885 0.002604
v 0.351780 -0.711155 0.059028
v -0.351780 -0.711155 0.059028
v 0.352648 -0.774306 0.125868
v -0.352648 -0.774306 0.125868
v 0.269314 -0.788846 0.159939
v -0.269314 -0.788846 0.159939
v 0.221137 -0.731988 0.112847
v -0.221137 -0.731988 0.112847
v 0.175781 -0.644531 0.072917
v -0.175781 -0.644531 0.072917
v 0.104167 -0.653646 0.243490
v -0.104167 -0.653646 0.243490
v 0.167101 -0.736545 0.242622
v -0.167101 -0.736545 0.242622
v 0.235243 -0.791667 0.243273
v -0.235243 -0.791667 0.243273
v 0.269314 -0.788846 0.329861
v -0.269314 -0.788845 0.329861
v 0.221137 -0.731988 0.373698
v -0.221137 -0.731988 0.373698
v 0.175781 -0.644531 0.417969
v -0.175781 -0.644531 0.417969
v 0.351563 -0.615885 0.489583
v -0.351563 -0.615885 0.489583
v 0.351780 -0.711155 0.427951
v -0.351780 -0.711155 0.427951
v 0.352648 -0.774306 0.365017
v -0.352648 -0.774306 0.365017
v 0.439019 -0.756944 0.329861
v -0.439019 -0.756945 0.329861
v 0.483073 -0.684896 0.373698
v -0.483073 -0.684896 0.373698
v 0.527344 -0.582031 0.417969
v -0.527344 -0.582031 0.417969
v 0.598958 -0.567708 0.243490
v -0.598958 -0.567708 0.243490
v 0.537326 -0.672743 0.242622
v -0.537326 -0.672743 0.242622
v 0.473524 -0.749132 0.243273
v -0.473524 -0.749132 0.243273
v 0.449797 -0.780237 0.243345
v -0.449797 -0.780237 0.243345
v 0.422815 -0.786820 0.314381
v -0.422815 -0.786820 0.314381
v 0.352720 -0.802879 0.344039
v -0.352720 -0.802879 0.344039
v 0.285012 -0.815104 0.314381
v -0.285012 -0.815104 0.314381
v 0.256510 -0.817419 0.243345
v -0.256510 -0.817419 0.243345
v 0.285012 -0.815104 0.175637
v -0.285012 -0.815104 0.175637
v 0.352264 -0.818309 0.243239
v -0.352264 -0.818309 0.243239
v 0.352720 -0.802879 0.147135
v -0.352720 -0.802879 0.147135
v 0.422815 -0.786820 0.175637
v -0.422815 -0.786820 0.175637
v -0.000000 -0.735243 0.434028
v 0.000000 -0.803030 0.353456
v 0.000000 -0.736979 -0.654080
v 0.000000 -0.778646 -0.301649
v 0.000000 -0.789497 -0.171441
v -0.000000 -0.713108 -0.762153
v 0.000000 -0.623264 0.448061
v 0.000000 -0.532907 0.566604
v -0.000000 0.474392 0.839844
v -0.000000 0.745660 0.506076
v -0.000000 0.753906 0.100260
v -0.000000 0.289931 -0.342448
v 0.235026 -0.580946 -0.174045
v -0.235026 -0.580946 -0.174045
v 0.281033 -0.564236 -0.444878
v -0.281033 -0.564236 -0.444879
v 0.315104 -0.555773 -0.654948
v -0.315104 -0.555773 -0.654948
v 0.329861 -0.532552 -0.832465
v -0.329861 -0.532552 -0.832465
v 0.293620 -0.526693 -0.924479
v -0.293620 -0.526693 -0.924479
v 0.168403 -0.547092 -0.957465
v -0.168403 -0.547092 -0.957465
v -0.000000 -0.562066 -0.970486
v 0.423177 -0.550564 -0.109375
v -0.423177 -0.550564 -0.109375
v 0.622179 -0.522352 -0.004123
v -0.622179 -0.522352 -0.004123
v 0.777127 -0.492188 0.173394
v -0.777127 -0.492188 0.173394
v 0.803603 -0.567925 0.382378
v -0.803603 -0.567925 0.382378
v 0.686415 -0.624132 0.478516
v -0.686415 -0.624132 0.478516
v 0.491753 -0.680339 0.588759
v -0.491753 -0.680339 0.588759
v 0.323134 -0.724175 0.697266
v -0.323134 -0.724175 0.697266
v 0.180122 -0.745009 0.662326
v -0.180122 -0.745009 0.662326
v 0.079644 -0.741754 0.501953
v -0.079644 -0.741754 0.501953
v 0.167535 -0.783203 0.406250
v -0.167535 -0.783203 0.406250
v 0.121962 -0.776476 0.311198
v -0.121962 -0.776476 0.311198
v 0.215929 -0.749349 0.065972
v -0.215929 -0.749349 0.065972
v 0.370009 -0.708333 0.030599
v -0.370009 -0.708333 0.030599
v 0.509115 -0.672960 0.079210
v -0.509115 -0.672960 0.079210
v 0.615885 -0.651910 0.190321
v -0.615885 -0.651910 0.190321
v 0.639540 -0.658420 0.300564
v -0.639540 -0.658420 0.300564
v 0.585938 -0.685981 0.378038
v -0.585938 -0.685981 0.378038
v 0.442491 -0.733941 0.445096
v -0.442491 -0.733941 0.445096
v 0.245443 -0.775174 0.474826
v -0.245443 -0.775174 0.474826
v 0.000000 -0.732205 -0.740885
v 0.113750 -0.722500 -0.745313
v -0.113750 -0.722500 -0.745313
v 0.123481 -0.699436 -0.835504
v -0.123481 -0.699436 -0.835503
v 0.073351 -0.685330 -0.882596
v -0.073351 -0.685330 -0.882596
v -0.000000 -0.680990 -0.894097
v -0.000000 -0.765625 -0.167411
v -0.000000 -0.751421 -0.131629
v 0.094401 -0.756510 -0.148003
v -0.094401 -0.756510 -0.148003
v 0.123481 -0.751519 -0.224175
v -0.123481 -0.751519 -0.224175
v 0.091250 -0.744844 -0.305000
v -0.091250 -0.744844 -0.305000
v 0.392361 -0.665365 -0.041884
v -0.392361 -0.665365 -0.041884
v 0.587240 -0.618490 0.050130
v -0.587240 -0.618490 0.050130
v 0.708333 -0.599392 0.196181
v -0.708333 -0.599392 0.196181
v 0.730469 -0.643446 0.349175
v -0.730469 -0.643446 0.349175
v 0.649740 -0.701172 0.430990
v -0.649740 -0.701172 0.430990
v 0.462457 -0.760851 0.533854
v -0.462457 -0.760851 0.533854
v 0.319010 -0.799913 0.613064
v -0.319010 -0.799913 0.613064
v 0.205729 -0.816840 0.584635
v -0.205729 -0.816840 0.584635
v 0.107639 -0.814019 0.452691
v -0.107639 -0.814019 0.452691
v 0.153291 -0.756155 -0.093868
v -0.153291 -0.756155 -0.093868
v 0.207465 -0.690321 -0.463976
v -0.207465 -0.690321 -0.463976
v 0.240234 -0.675130 -0.675998
v -0.240234 -0.675130 -0.675998
v 0.250217 -0.652995 -0.810981
v -0.250217 -0.652995 -0.810981
v 0.221354 -0.632379 -0.894748
v -0.221354 -0.632378 -0.894748
v 0.138238 -0.631076 -0.927083
v -0.138238 -0.631077 -0.927083
v 0.000000 -0.635417 -0.937934
v 0.000000 -0.745028 0.039299
v -0.000000 -0.764757 0.209635
v 0.330512 -0.759766 0.486545
v -0.330512 -0.759766 0.486545
v 0.145616 -0.753906 0.131076
v -0.145616 -0.753906 0.131076
v 0.120443 -0.763238 0.214627
v -0.120443 -0.763238 0.214627
v 0.113932 -0.728733 -0.657335
v -0.113932 -0.728733 -0.657335
v 0.092665 -0.739583 -0.461589
v -0.092665 -0.739583 -0.461589
v -0.000000 -0.746094 -0.463108
v 0.000000 -0.750000 -0.335070
v 0.081163 -0.781250 -0.271918
v -0.081163 -0.781250 -0.271918
v 0.117622 -0.789280 -0.219618
v -0.117622 -0.789280 -0.219618
v 0.097222 -0.782335 -0.152561
v -0.097222 -0.782335 -0.152561
v 0.040148 -0.782335 -0.142795
v -0.040148 -0.782335 -0.142795
v 0.000000 -0.820313 -0.201231
v 0.048828 -0.808594 -0.159180
v -0.048828 -0.808594 -0.159180
v 0.086589 -0.808594 -0.166341
v -0.086589 -0.808594 -0.166341
v 0.089410 -0.816623 -0.217014
v -0.089410 -0.816623 -0.217014
v 0.068685 -0.804362 -0.256510
v -0.068685 -0.804362 -0.256510
v -0.000000 -0.804688 -0.269965
v 0.242405 -0.562066 -0.316406
v -0.242405 -0.562066 -0.316406
v 0.164714 -0.702474 -0.232639
v -0.164714 -0.702474 -0.232639
v 0.180556 -0.690972 -0.319879
v -0.180556 -0.690972 -0.319879
v 0.217231 -0.569879 -0.242839
v -0.217231 -0.569879 -0.242839
v -0.000000 -0.678819 -0.872396
v 0.049262 -0.682726 -0.860894
v -0.049262 -0.682726 -0.860894
v 0.089410 -0.699002 -0.815538
v -0.089410 -0.699002 -0.815538
v 0.080512 -0.713325 -0.758898
v -0.080512 -0.713325 -0.758898
v 0.000000 -0.664931 -0.783854
v 0.072483 -0.665509 -0.777995
v -0.072483 -0.665509 -0.777995
v 0.083333 -0.660699 -0.808919
v -0.083333 -0.660699 -0.808919
v 0.051649 -0.647931 -0.835069
v -0.051649 -0.647931 -0.835069
v -0.000000 -0.646267 -0.845052
v 0.172743 -0.771484 0.221571
v -0.172743 -0.771484 0.221571
v 0.189887 -0.767578 0.158854
v -0.189887 -0.767578 0.158854
v 0.338542 -0.757595 0.427300
v -0.338542 -0.757596 0.427300
v 0.270833 -0.768012 0.419271
v -0.270833 -0.768012 0.419271
v 0.430990 -0.747179 0.400174
v -0.430990 -0.747179 0.400174
v 0.544488 -0.698134 0.350694
v -0.544488 -0.698134 0.350694
v 0.583984 -0.679036 0.284288
v -0.583984 -0.679036 0.284288
v 0.564887 -0.679905 0.195530
v -0.564887 -0.679905 0.195530
v 0.476997 -0.706597 0.107639
v -0.476997 -0.706597 0.107639
v 0.366971 -0.735243 0.073568
v -0.366970 -0.735243 0.073568
v 0.243707 -0.763672 0.108724
v -0.243707 -0.763672 0.108724
v 0.178168 -0.774523 0.298394
v -0.178168 -0.774523 0.298394
v 0.212023 -0.774740 0.373264
v -0.212023 -0.774740 0.373264
v 0.235677 -0.759115 0.355469
v -0.235677 -0.759115 0.355469
v 0.201823 -0.756511 0.295573
v -0.201823 -0.756510 0.295573
v 0.257813 -0.751302 0.126302
v -0.257813 -0.751302 0.126302
v 0.367188 -0.727865 0.097656
v -0.367188 -0.727865 0.097656
v 0.460938 -0.701823 0.127604
v -0.460938 -0.701823 0.127604
v 0.533854 -0.677083 0.207031
v -0.533854 -0.677083 0.207031
v 0.549479 -0.673177 0.278646
v -0.549479 -0.673177 0.278646
v 0.515625 -0.690104 0.335938
v -0.515625 -0.690104 0.335938
v 0.420573 -0.738281 0.384115
v -0.420573 -0.738281 0.384115
v 0.282552 -0.761719 0.393229
v -0.282552 -0.761719 0.393229
v 0.339844 -0.752604 0.402344
v -0.339844 -0.752604 0.402344
v 0.208333 -0.751302 0.173177
v -0.208333 -0.751302 0.173177
v 0.196615 -0.751302 0.229167
v -0.196615 -0.751302 0.229167
v 0.133854 -0.614531 0.502240
v -0.133854 -0.614531 0.502240
v 0.209635 -0.643229 0.635417
v -0.209635 -0.643229 0.635417
v 0.324219 -0.625977 0.661458
v -0.324219 -0.625977 0.661458
v 0.445625 -0.558906 0.554063
v -0.445625 -0.558906 0.554063
v 0.664280 -0.489149 0.466797
v -0.664280 -0.489149 0.466797
v 0.775825 -0.443576 0.378689
v -0.775825 -0.443576 0.378689
v 0.767795 -0.362196 0.181424
v -0.767795 -0.362196 0.181424
v 0.623915 -0.378255 0.000217
v -0.623915 -0.378255 0.000217
v 0.408958 -0.440990 -0.118125
v -0.408958 -0.440990 -0.118125
v -0.000000 -0.255208 0.842014
v -0.000000 0.087240 0.939236
v 0.000000 0.601129 -0.168837
v -0.000000 -0.111545 -0.428385
v 0.000000 -0.455729 -0.938802
v 0.000000 -0.365451 -0.780382
v 0.000000 -0.326389 -0.581597
v 0.000000 -0.267795 -0.473524
v 0.803385 -0.131727 0.224826
v -0.803385 -0.131727 0.224826
v 0.825469 0.050000 0.292500
v -0.825469 0.050000 0.292500
v 0.757500 0.409063 0.290469
v -0.757500 0.409063 0.290469
v 0.392361 0.654297 0.442274
v -0.392361 0.654297 0.442274
v 0.685938 -0.074063 -0.025000
v -0.685938 -0.074063 -0.025000
v 0.625313 0.170000 -0.102500
v -0.625313 0.170000 -0.102500
v 0.652561 0.391276 0.011285
v -0.652561 0.391276 0.011285
v 0.320457 0.660735 0.085503
v -0.320457 0.660735 0.085503
v 0.237196 -0.409505 -0.391493
v -0.237196 -0.409505 -0.391493
v 0.156250 -0.286024 -0.430556
v -0.156250 -0.286024 -0.430556
v 0.276042 -0.410156 -0.743056
v -0.276042 -0.410156 -0.743056
v 0.250000 -0.412543 -0.546875
v -0.250000 -0.412543 -0.546875
v 0.281901 -0.433919 -0.885417
v -0.281901 -0.433919 -0.885417
v 0.142795 -0.376085 -0.752387
v -0.142795 -0.376085 -0.752387
v 0.133464 -0.347439 -0.554036
v -0.133464 -0.347439 -0.554036
v 0.162109 -0.443142 -0.917752
v -0.162109 -0.443142 -0.917752
v 0.243854 -0.396198 -0.286406
v -0.243854 -0.396198 -0.286406
v 0.247251 -0.473814 -0.212457
v -0.247251 -0.473814 -0.212457
v 0.257921 -0.502713 -0.172201
v -0.257921 -0.502713 -0.172201
v 0.212448 -0.150104 -0.360469
v -0.212448 -0.150104 -0.360469
v 0.266059 0.246745 -0.285373
v -0.266059 0.246745 -0.285373
v 0.299624 0.533131 -0.128472
v -0.299624 0.533131 -0.128472
v 0.409071 0.413845 0.785590
v -0.409071 0.413845 0.785590
v 0.408854 0.096137 0.885200
v -0.408854 0.096137 0.885200
v 0.409505 -0.198351 0.794488
v -0.409505 -0.198351 0.794488
v 0.419054 -0.413411 0.572483
v -0.419054 -0.413411 0.572483
v 0.746962 -0.276042 0.410156
v -0.746962 -0.276042 0.410156
v 0.630208 -0.309028 0.499132
v -0.630208 -0.309028 0.499132
v 0.632813 -0.089844 0.672092
v -0.632813 -0.089844 0.672092
v 0.771918 -0.078993 0.526476
v -0.771918 -0.078993 0.526476
v 0.774523 0.146701 0.571181
v -0.774523 0.146701 0.571181
v 0.635417 0.161675 0.737196
v -0.635417 0.161675 0.737196
v 0.632378 0.404080 0.640625
v -0.632379 0.404080 0.640625
v 0.753906 0.342448 0.521159
v -0.753906 0.342448 0.521159
v 0.598307 0.548394 0.342448
v -0.598307 0.548394 0.342448
v 0.481823 0.510885 0.019062
v -0.481823 0.510885 0.019063
v 0.826719 0.206250 0.356875
v -0.826719 0.206250 0.356875
v 0.405260 -0.161979 -0.185469
v -0.405260 -0.161979 -0.185469
v 0.442491 0.206163 -0.168403
v -0.442491 0.206163 -0.168403
v 0.900174 0.267795 0.391493
v -0.900174 0.267795 0.391493
v 0.800130 0.200304 -0.113715
v -0.800130 0.200304 -0.113715
v 1.035156 0.334852 -0.070313
v -1.035156 0.334852 -0.070313
v 1.246094 0.425781 0.076172
v -1.246094 0.425781 0.076172
v 1.310547 0.434896 0.298828
v -1.310547 0.434896 0.298828
v 1.213108 0.419922 0.454861
v -1.213108 0.419922 0.454861
v 1.034722 0.340495 0.453776
v -1.034722 0.340495 0.453776
v 1.031033 0.309245 0.407552
v -1.031033 0.309245 0.407552
v 1.177300 0.389106 0.407552
v -1.177300 0.389106 0.407552
v 1.251736 0.413629 0.277344
v -1.251736 0.413628 0.277344
v 1.197266 0.400174 0.092014
v -1.197266 0.400174 0.092014
v 1.030382 0.306207 -0.028212
v -1.030382 0.306207 -0.028212
v 0.843316 0.180773 -0.063151
v -0.843316 0.180773 -0.063151
v 0.924696 0.242622 0.355469
v -0.924696 0.242622 0.355469
v 0.946398 0.294705 0.307726
v -0.946398 0.294705 0.307726
v 0.888455 0.243056 -0.023872
v -0.888455 0.243056 -0.023872
v 1.037543 0.352648 0.005642
v -1.037544 0.352648 0.005642
v 1.177301 0.432292 0.101345
v -1.177300 0.432292 0.101345
v 1.224392 0.444878 0.246745
v -1.224393 0.444878 0.246745
v 1.162760 0.425564 0.347873
v -1.162760 0.425564 0.347873
v 1.036458 0.358507 0.348741
v -1.036458 0.358507 0.348741
v 0.854167 0.217014 0.287760
v -0.854167 0.217014 0.287760
v 0.826389 0.269314 0.173611
v -0.826389 0.269314 0.173611
v 0.777778 0.269965 0.098090
v -0.777778 0.269965 0.098090
v 0.809896 0.281576 0.069661
v -0.809896 0.281576 0.069661
v 0.817491 0.268880 0.024523
v -0.817491 0.268880 0.024523
v 0.814236 0.255208 -0.013021
v -0.814236 0.255208 -0.013021
v 0.742043 0.081453 0.040943
v -0.742043 0.081453 0.040943
v 0.732865 0.165833 -0.029271
v -0.732865 0.165833 -0.029271
v 0.747865 0.193958 0.054010
v -0.747864 0.193958 0.054010
v 0.804905 0.196181 0.199870
v -0.804905 0.196181 0.199870
v 0.884115 0.269965 0.247179
v -0.884115 0.269965 0.247179
v 0.903646 0.319878 0.224175
v -0.903646 0.319878 0.224175
v 0.840169 0.297526 -0.006185
v -0.840169 0.297526 -0.006185
v 0.853299 0.312934 0.027127
v -0.853299 0.312934 0.027127
v 0.831814 0.313802 0.078125
v -0.831814 0.313802 0.078125
v 0.798177 0.308919 0.107747
v -0.798177 0.308919 0.107747
v 0.846354 0.314019 0.160373
v -0.846354 0.314019 0.160373
v 1.051722 0.401910 0.318432
v -1.051722 0.401910 0.318432
v 1.158059 0.453125 0.317564
v -1.158059 0.453125 0.317564
v 1.210938 0.465278 0.231988
v -1.210938 0.465278 0.231988
v 1.165148 0.452474 0.112630
v -1.165148 0.452474 0.112630
v 1.037326 0.390625 0.030599
v -1.037326 0.390625 0.030599
v 0.904080 0.298177 -0.000868
v -0.904080 0.298177 -0.000868
v 0.965929 0.346137 0.279514
v -0.965929 0.346137 0.279514
v 0.889974 0.330295 0.115451
v -0.889974 0.330295 0.115451
v 0.920790 0.330946 0.060330
v -0.920790 0.330946 0.060330
v 1.000000 0.369358 0.113932
v -1.000000 0.369358 0.113932
v 0.954210 0.349175 0.174262
v -0.954210 0.349175 0.174262
v 1.014106 0.371311 0.231554
v -1.014106 0.371311 0.231554
v 1.071398 0.395833 0.175347
v -1.071398 0.395833 0.175347
v 1.124674 0.413411 0.223958
v -1.124674 0.413411 0.223958
v 1.087529 0.404297 0.274378
v -1.087529 0.404297 0.274378
v 1.035807 0.450087 0.355903
v -1.035807 0.450087 0.355903
v 1.235388 0.507017 0.379774
v -1.235388 0.507017 0.379774
v 1.324436 0.494900 0.286784
v -1.324436 0.494900 0.286784
v 1.263166 0.503762 0.131727
v -1.263166 0.503762 0.131727
v 1.040148 0.445747 0.012587
v -1.040148 0.445747 0.012587
v 0.814019 0.343967 -0.025825
v -0.814019 0.343967 -0.025825
v 0.866103 0.375000 0.299262
v -0.866102 0.375000 0.299262
v 0.519240 -0.695909 0.242693
v 0.501356 -0.716797 0.242866
v 0.485508 -0.734755 0.243079
v 0.471276 -0.749681 0.219998
v 0.464654 -0.751248 0.197862
v 0.453840 -0.753710 0.177599
v 0.447154 -0.743429 0.150964
v 0.458035 -0.726617 0.139079
v 0.470422 -0.706957 0.125851
v 0.506015 -0.679884 0.140632
v 0.523058 -0.676053 0.172363
v 0.533671 -0.673604 0.206780
v -0.533671 -0.673604 0.206780
v -0.523058 -0.676053 0.172363
v -0.506015 -0.679884 0.140632
v -0.470422 -0.706957 0.125851
v -0.458035 -0.726617 0.139079
v -0.447154 -0.743429 0.150964
v -0.453840 -0.753710 0.177599
v -0.464654 -0.751248 0.197862
v -0.471276 -0.749681 0.219998
v -0.485508 -0.734755 0.243079
v -0.501356 -0.716797 0.242866
v -0.519240 -0.695909 0.242693
v 0.584568 -0.594984 0.243171
v 0.569770 -0.621853 0.242893
v 0.554159 -0.647909 0.242696
v 0.494995 -0.660889 0.101298
v 0.506185 -0.635417 0.091092
v 0.516886 -0.608968 0.081780
v 0.557760 -0.575948 0.109273
v 0.580241 -0.571452 0.150879
v 0.594177 -0.568665 0.196147
v -0.594177 -0.568665 0.196147
v -0.580241 -0.571452 0.150879
v -0.557760 -0.575948 0.109273
v -0.516886 -0.608968 0.081780
v -0.506185 -0.635417 0.091092
v -0.494995 -0.660889 0.101298
v -0.554159 -0.647909 0.242696
v -0.569770 -0.621853 0.242893
v -0.584568 -0.594984 0.243171
v 0.454898 -0.690860 0.090156
v 0.422716 -0.697456 0.073242
v 0.387889 -0.704336 0.062676
v 0.351654 -0.689402 0.042643
v 0.351590 -0.665880 0.028212
v 0.351566 -0.641178 0.015082
v 0.400086 -0.606934 0.007365
v 0.446777 -0.597982 0.021159
v 0.489807 -0.589518 0.043254
v -0.489807 -0.589518 0.043254
v -0.446777 -0.597982 0.021159
v -0.400086 -0.606934 0.007365
v -0.351566 -0.641178 0.015082
v -0.351590 -0.665880 0.028212
v -0.351654 -0.689402 0.042643
v -0.387889 -0.704336 0.062676
v -0.422716 -0.697456 0.073242
v -0.454898 -0.690860 0.090156
v 0.420519 -0.760817 0.145552
v 0.399251 -0.765137 0.134847
v 0.376275 -0.769701 0.128170
v 0.352451 -0.762272 0.113227
v 0.352214 -0.747694 0.096354
v 0.351976 -0.730635 0.077528
v -0.351976 -0.730635 0.077528
v -0.352214 -0.747694 0.096354
v -0.352451 -0.762272 0.113227
v -0.376275 -0.769701 0.128170
v -0.399251 -0.765137 0.134847
v -0.420519 -0.760817 0.145552
v 0.329373 -0.778744 0.128170
v 0.307237 -0.782796 0.134847
v 0.286974 -0.786238 0.145552
v 0.260322 -0.777886 0.150964
v 0.248318 -0.764811 0.139079
v 0.234768 -0.749539 0.125851
v 0.249118 -0.728244 0.090156
v 0.281087 -0.723362 0.073242
v 0.315742 -0.717584 0.062676
v -0.315742 -0.717584 0.062676
v -0.281087 -0.723362 0.073242
v -0.249118 -0.728244 0.090156
v -0.234768 -0.749539 0.125851
v -0.248318 -0.764811 0.139079
v -0.260322 -0.777886 0.150964
v -0.286974 -0.786238 0.145552
v -0.307237 -0.782796 0.134847
v -0.329373 -0.778744 0.128170
v 0.208588 -0.712189 0.101298
v 0.197076 -0.690620 0.091092
v 0.186256 -0.667871 0.081780
v 0.213318 -0.638957 0.043254
v 0.256348 -0.632162 0.021159
v 0.303040 -0.624390 0.007365
v -0.303040 -0.624390 0.007365
v -0.256348 -0.632162 0.021159
v -0.213318 -0.638957 0.043254
v -0.186256 -0.667870 0.081780
v -0.197076 -0.690620 0.091092
v -0.208588 -0.712189 0.101298
v 0.198320 -0.734439 0.140632
v 0.181342 -0.735813 0.172363
v 0.170753 -0.736413 0.206780
v 0.149516 -0.717672 0.242696
v 0.133518 -0.697211 0.242893
v 0.118578 -0.675693 0.243171
v 0.108948 -0.653137 0.196147
v 0.122884 -0.651530 0.150879
v 0.145365 -0.648702 0.109273
v -0.145365 -0.648702 0.109273
v -0.122884 -0.651530 0.150879
v -0.108948 -0.653137 0.196147
v -0.118578 -0.675693 0.243171
v -0.133518 -0.697211 0.242893
v -0.149516 -0.717672 0.242696
v -0.170753 -0.736413 0.206780
v -0.181342 -0.735813 0.172363
v -0.198320 -0.734439 0.140632
v 0.254927 -0.790477 0.177599
v 0.244222 -0.791314 0.197862
v 0.237545 -0.791623 0.219998
v 0.222582 -0.780918 0.243079
v 0.205566 -0.768175 0.242866
v 0.186354 -0.753398 0.242693
v -0.186354 -0.753398 0.242693
v -0.205566 -0.768175 0.242866
v -0.222582 -0.780918 0.243079
v -0.237545 -0.791623 0.219998
v -0.244222 -0.791314 0.197862
v -0.254927 -0.790477 0.177599
v 0.237545 -0.791623 0.266903
v 0.244222 -0.791314 0.289903
v 0.254927 -0.790477 0.311235
v 0.260322 -0.777886 0.337870
v 0.248318 -0.764811 0.348687
v 0.234768 -0.749539 0.361050
v 0.198320 -0.734439 0.345527
v 0.181342 -0.735813 0.313368
v 0.170753 -0.736413 0.278605
v -0.170753 -0.736413 0.278605
v -0.181342 -0.735813 0.313368
v -0.198320 -0.734440 0.345527
v -0.234768 -0.749539 0.361050
v -0.248318 -0.764811 0.348687
v -0.260322 -0.777886 0.337870
v -0.254927 -0.790477 0.311235
v -0.244222 -0.791314 0.289903
v -0.237545 -0.791623 0.266903
v 0.208588 -0.712189 0.385620
v 0.197076 -0.690620 0.396810
v 0.186256 -0.667871 0.407511
v 0.145365 -0.648702 0.380453
v 0.122884 -0.651530 0.337565
v 0.108948 -0.653137 0.291260
v -0.108948 -0.653137 0.291260
v -0.122884 -0.651530 0.337565
v -0.145365 -0.648702 0.380453
v -0.186256 -0.667870 0.407511
v -0.197076 -0.690620 0.396810
v -0.208588 -0.712189 0.385620
v 0.249118 -0.728244 0.396640
v 0.281087 -0.723362 0.413683
v 0.315742 -0.717584 0.424296
v 0.351654 -0.689402 0.444784
v 0.351590 -0.665880 0.460395
v 0.351566 -0.641178 0.475193
v 0.303040 -0.624390 0.484802
v 0.256348 -0.632162 0.470866
v 0.213318 -0.638957 0.448385
v -0.213318 -0.638957 0.448385
v -0.256348 -0.632162 0.470866
v -0.303040 -0.624390 0.484802
v -0.351566 -0.641178 0.475193
v -0.351590 -0.665880 0.460395
v -0.351654 -0.689402 0.444784
v -0.315742 -0.717584 0.424296
v -0.281087 -0.723362 0.413683
v -0.249118 -0.728244 0.396640
v 0.286974 -0.786238 0.344876
v 0.307237 -0.782796 0.355903
v 0.329373 -0.778744 0.362698
v 0.352451 -0.762272 0.376499
v 0.352214 -0.747694 0.392090
v 0.351976 -0.730635 0.409878
v -0.351976 -0.730635 0.409878
v -0.352214 -0.747694 0.392090
v -0.352451 -0.762272 0.376499
v -0.329373 -0.778744 0.362698
v -0.307237 -0.782796 0.355903
v -0.286974 -0.786238 0.344876
v 0.376275 -0.769701 0.362698
v 0.399251 -0.765137 0.355903
v 0.420519 -0.760817 0.344876
v 0.447154 -0.743429 0.337870
v 0.458035 -0.726617 0.348687
v 0.470422 -0.706957 0.361050
v 0.454898 -0.690860 0.396640
v 0.422716 -0.697456 0.413683
v 0.387889 -0.704336 0.424296
v -0.387889 -0.704336 0.424296
v -0.422716 -0.697456 0.413683
v -0.454898 -0.690860 0.396640
v -0.470422 -0.706957 0.361050
v -0.458035 -0.726617 0.348687
v -0.447154 -0.743429 0.337870
v -0.420519 -0.760817 0.344876
v -0.399251 -0.765137 0.355903
v -0.376275 -0.769701 0.362698
v 0.494995 -0.660889 0.385620
v 0.506185 -0.635417 0.396810
v 0.516886 -0.608968 0.407511
v 0.489807 -0.589518 0.448385
v 0.446777 -0.597982 0.470866
v 0.400086 -0.606934 0.484802
v -0.400086 -0.606934 0.484802
v -0.446777 -0.597982 0.470866
v -0.489807 -0.589518 0.448385
v -0.516886 -0.608968 0.407511
v -0.506185 -0.635417 0.396810
v -0.494995 -0.660889 0.385620
v 0.506015 -0.679884 0.345527
v 0.523058 -0.676053 0.313368
v 0.533671 -0.673604 0.278605
v 0.594177 -0.568665 0.291260
v 0.580241 -0.571452 0.337565
v 0.557760 -0.575948 0.380453
v -0.557760 -0.575948 0.380453
v -0.580241 -0.571452 0.337565
v -0.594177 -0.568665 0.291260
v -0.533671 -0.673604 0.278605
v -0.523058 -0.676053 0.313368
v -0.506015 -0.679884 0.345527
v 0.453840 -0.753710 0.311235
v 0.464654 -0.751248 0.289903
v 0.471276 -0.749681 0.266903
v -0.471276 -0.749681 0.266903
v -0.464654 -0.751248 0.289903
v -0.453840 -0.753710 0.311235
v 0.457533 -0.773729 0.243425
v 0.462095 -0.767343 0.243444
v 0.466440 -0.759628 0.243396
v 0.434310 -0.766994 0.325347
v 0.431460 -0.774514 0.322718
v 0.428338 -0.780718 0.319790
v 0.435259 -0.783695 0.299063
v 0.444182 -0.781404 0.281901
v 0.448662 -0.780410 0.263003
v -0.448662 -0.780410 0.263003
v -0.444182 -0.781404 0.281901
v -0.435259 -0.783695 0.299063
v -0.428338 -0.780718 0.319790
v -0.431460 -0.774514 0.322718
v -0.434310 -0.766994 0.325347
v -0.466440 -0.759628 0.243396
v -0.462095 -0.767343 0.243444
v -0.457533 -0.773729 0.243425
v 0.352771 -0.783846 0.358708
v 0.352819 -0.791386 0.355234
v 0.352800 -0.797530 0.351407
v 0.372363 -0.798478 0.342636
v 0.391159 -0.794090 0.337475
v 0.408042 -0.790245 0.327657
v -0.408042 -0.790245 0.327657
v -0.391159 -0.794090 0.337475
v -0.372363 -0.798478 0.342636
v -0.352800 -0.797530 0.351407
v -0.352819 -0.791386 0.355234
v -0.352771 -0.783846 0.358708
v 0.274442 -0.797801 0.325347
v 0.277299 -0.804986 0.322718
v 0.280087 -0.810666 0.319790
v 0.299339 -0.812928 0.327657
v 0.315430 -0.810068 0.337475
v 0.333437 -0.806741 0.342636
v -0.333437 -0.806741 0.342636
v -0.315430 -0.810068 0.337475
v -0.299339 -0.812928 0.327657
v -0.280087 -0.810666 0.319790
v -0.277299 -0.804986 0.322718
v -0.274442 -0.797801 0.325347
v 0.242289 -0.800492 0.243396
v 0.246040 -0.807581 0.243444
v 0.249708 -0.813151 0.243425
v 0.257932 -0.817347 0.263003
v 0.263003 -0.817057 0.281901
v 0.272441 -0.816406 0.299063
v -0.272441 -0.816406 0.299063
v -0.263003 -0.817057 0.281901
v -0.257932 -0.817347 0.263003
v -0.249708 -0.813151 0.243425
v -0.246040 -0.807581 0.243444
v -0.242289 -0.800492 0.243396
v 0.274442 -0.797801 0.165067
v 0.277299 -0.804986 0.167924
v 0.280087 -0.810666 0.170712
v 0.272441 -0.816406 0.189964
v 0.263003 -0.817057 0.206055
v 0.257932 -0.817347 0.224062
v -0.257932 -0.817347 0.224062
v -0.263003 -0.817057 0.206055
v -0.272441 -0.816406 0.189964
v -0.280087 -0.810666 0.170712
v -0.277299 -0.804986 0.167924
v -0.274442 -0.797801 0.165067
v 0.352771 -0.783846 0.132914
v 0.352819 -0.791386 0.136665
v 0.352800 -0.797530 0.140333
v 0.333437 -0.806741 0.148557
v 0.315430 -0.810068 0.153628
v 0.299339 -0.812928 0.163066
v -0.299339 -0.812928 0.163066
v -0.315430 -0.810068 0.153628
v -0.333437 -0.806741 0.148557
v -0.352800 -0.797530 0.140333
v -0.352819 -0.791386 0.136665
v -0.352771 -0.783846 0.132914
v 0.434310 -0.766994 0.165067
v 0.431460 -0.774514 0.167924
v 0.428338 -0.780718 0.170712
v 0.408042 -0.790245 0.163066
v 0.391159 -0.794090 0.153628
v 0.372363 -0.798478 0.148557
v -0.372363 -0.798478 0.148557
v -0.391159 -0.794090 0.153628
v -0.408042 -0.790245 0.163066
v -0.428338 -0.780718 0.170712
v -0.431460 -0.774514 0.167924
v -0.434310 -0.766994 0.165067
v 0.448662 -0.780410 0.224062
v 0.444182 -0.781404 0.206055
v 0.435259 -0.783695 0.189964
v -0.435259 -0.783695 0.189964
v -0.444182 -0.781404 0.206055
v -0.448662 -0.780410 0.224062
v 0.436522 -0.787987 0.243225
v 0.417707 -0.796767 0.243141
v 0.393162 -0.806258 0.243157
v 0.381536 -0.809120 0.214350
v 0.399450 -0.801297 0.197315
v 0.413188 -0.793750 0.184477
v -0.393162 -0.806258 0.243157
v -0.417707 -0.796767 0.243141
v -0.436522 -0.787987 0.243225
v -0.413188 -0.793750 0.184477
v -0.399450 -0.801297 0.197315
v -0.381536 -0.809120 0.214350
v 0.352393 -0.815833 0.202346
v 0.352476 -0.812292 0.178001
v 0.352594 -0.807874 0.159661
v -0.352594 -0.807874 0.159661
v -0.352476 -0.812292 0.178001
v -0.352393 -0.815833 0.202346
v 0.323640 -0.821066 0.214350
v 0.306668 -0.820566 0.197315
v 0.293849 -0.818472 0.184477
v -0.293849 -0.818472 0.184477
v -0.306668 -0.820566 0.197315
v -0.323640 -0.821066 0.214350
v 0.311637 -0.822442 0.243157
v 0.287354 -0.822320 0.243141
v 0.269033 -0.820527 0.243225
v -0.269033 -0.820527 0.243225
v -0.287354 -0.822320 0.243141
v -0.311637 -0.822441 0.243157
v 0.323640 -0.821066 0.272903
v 0.306668 -0.820566 0.290939
v 0.293849 -0.818472 0.304750
v -0.293849 -0.818472 0.304750
v -0.306668 -0.820566 0.290939
v -0.323640 -0.821066 0.272903
v 0.352393 -0.815833 0.285458
v 0.352476 -0.812292 0.311085
v 0.352594 -0.807874 0.330588
v -0.352594 -0.807874 0.330588
v -0.352476 -0.812292 0.311085
v -0.352393 -0.815833 0.285458
v 0.381536 -0.809120 0.272903
v 0.399450 -0.801297 0.290939
v 0.413188 -0.793750 0.304750
v -0.413188 -0.793750 0.304750
v -0.399450 -0.801297 0.290939
v -0.381536 -0.809120 0.272903
v 0.043525 -0.560855 -0.969428
v 0.086480 -0.557590 -0.966580
v 0.128296 -0.552819 -0.962430
v 0.165246 -0.570865 -0.953756
v 0.159424 -0.592584 -0.946994
v 0.150550 -0.612552 -0.937873
v 0.107452 -0.632487 -0.931342
v 0.073432 -0.633898 -0.934787
v 0.037255 -0.634983 -0.937093
v 0.000000 -0.619866 -0.948819
v -0.000000 -0.602810 -0.958279
v 0.000000 -0.583720 -0.965705
v -0.037255 -0.634983 -0.937093
v -0.073432 -0.633898 -0.934787
v -0.107452 -0.632487 -0.931342
v -0.150550 -0.612552 -0.937873
v -0.159424 -0.592584 -0.946994
v -0.165246 -0.570865 -0.953756
v -0.128296 -0.552819 -0.962430
v -0.086480 -0.557590 -0.966580
v -0.043525 -0.560855 -0.969428
v 0.206126 -0.540975 -0.951945
v 0.240370 -0.535102 -0.945204
v 0.269935 -0.530124 -0.936347
v 0.282420 -0.555505 -0.923648
v 0.266032 -0.582872 -0.917833
v 0.245372 -0.608571 -0.907908
v 0.206262 -0.630283 -0.906911
v 0.187527 -0.629612 -0.915717
v 0.164927 -0.629998 -0.922123
v -0.164927 -0.629998 -0.922122
v -0.187527 -0.629612 -0.915717
v -0.206262 -0.630283 -0.906911
v -0.245372 -0.608571 -0.907908
v -0.266032 -0.582872 -0.917833
v -0.282420 -0.555505 -0.923648
v -0.269935 -0.530124 -0.936347
v -0.240370 -0.535102 -0.945204
v -0.206126 -0.540975 -0.951945
v 0.310605 -0.525319 -0.908759
v 0.321588 -0.525960 -0.888563
v 0.327647 -0.528432 -0.863322
v 0.320987 -0.566233 -0.839759
v 0.303467 -0.597900 -0.836779
v 0.279232 -0.627004 -0.826270
v 0.247203 -0.646935 -0.835971
v 0.241564 -0.641141 -0.858724
v 0.233036 -0.636119 -0.878547
v -0.233036 -0.636119 -0.878547
v -0.241564 -0.641140 -0.858724
v -0.247203 -0.646935 -0.835971
v -0.279232 -0.627004 -0.826270
v -0.303467 -0.597901 -0.836779
v -0.320987 -0.566233 -0.839759
v -0.327647 -0.528432 -0.863322
v -0.321588 -0.525960 -0.888563
v -0.310605 -0.525319 -0.908759
v 0.329203 -0.538042 -0.795634
v 0.326226 -0.544244 -0.753309
v 0.321377 -0.550405 -0.706184
v 0.308441 -0.591146 -0.670902
v 0.292074 -0.623101 -0.678087
v 0.268504 -0.651232 -0.678965
v 0.245700 -0.669963 -0.718330
v 0.249295 -0.664551 -0.753744
v 0.250854 -0.658895 -0.784031
v -0.250855 -0.658895 -0.784030
v -0.249295 -0.664551 -0.753744
v -0.245700 -0.669963 -0.718330
v -0.268504 -0.651232 -0.678965
v -0.292074 -0.623101 -0.678087
v -0.308441 -0.591146 -0.670902
v -0.321377 -0.550405 -0.706184
v -0.326226 -0.544244 -0.753310
v -0.329203 -0.538042 -0.795634
v 0.307797 -0.559750 -0.600640
v 0.299615 -0.562364 -0.545682
v 0.290660 -0.563799 -0.492839
v 0.273231 -0.600813 -0.455004
v 0.256863 -0.634847 -0.460775
v 0.234189 -0.665097 -0.463372
v 0.216156 -0.687887 -0.515873
v 0.224908 -0.684353 -0.571208
v 0.233131 -0.680006 -0.625933
v -0.233131 -0.680006 -0.625933
v -0.224908 -0.684353 -0.571208
v -0.216156 -0.687887 -0.515873
v -0.234189 -0.665097 -0.463372
v -0.256863 -0.634847 -0.460775
v -0.273231 -0.600813 -0.455004
v -0.290660 -0.563799 -0.492839
v -0.299615 -0.562364 -0.545681
v -0.307797 -0.559750 -0.600640
v 0.187449 -0.711267 -0.128007
v 0.208736 -0.665062 -0.149290
v 0.224355 -0.620290 -0.164562
v 0.269155 -0.576077 -0.158569
v 0.315186 -0.568197 -0.143338
v 0.368174 -0.559096 -0.127292
v 0.417325 -0.580251 -0.099104
v 0.409559 -0.611464 -0.082872
v 0.400899 -0.640927 -0.063019
v 0.335037 -0.684899 -0.055694
v 0.276213 -0.707379 -0.067246
v 0.217275 -0.731314 -0.078311
v -0.217275 -0.731314 -0.078311
v -0.276213 -0.707379 -0.067246
v -0.335037 -0.684899 -0.055694
v -0.400899 -0.640927 -0.063019
v -0.409559 -0.611464 -0.082872
v -0.417325 -0.580251 -0.099104
v -0.368174 -0.559096 -0.127292
v -0.315186 -0.568197 -0.143338
v -0.269155 -0.576077 -0.158569
v -0.224355 -0.620290 -0.164562
v -0.208736 -0.665062 -0.149291
v -0.187449 -0.711267 -0.128007
v 0.476152 -0.543837 -0.088626
v 0.526666 -0.537923 -0.064480
v 0.575185 -0.531277 -0.036469
v 0.619680 -0.548757 0.005575
v 0.613091 -0.574246 0.019911
v 0.602312 -0.597822 0.035794
v 0.544400 -0.627462 0.021532
v 0.497450 -0.637533 -0.003364
v 0.446676 -0.649801 -0.024516
v -0.446676 -0.649801 -0.024516
v -0.497450 -0.637533 -0.003364
v -0.544400 -0.627462 0.021532
v -0.602312 -0.597822 0.035794
v -0.613091 -0.574246 0.019911
v -0.619680 -0.548757 0.005575
v -0.575185 -0.531277 -0.036469
v -0.526666 -0.537923 -0.064480
v -0.476152 -0.543837 -0.088626
v 0.667691 -0.510529 0.032952
v 0.710070 -0.498888 0.074870
v 0.747240 -0.491438 0.121670
v 0.768300 -0.520413 0.178572
v 0.752577 -0.549045 0.185357
v 0.731930 -0.576050 0.191857
v 0.686788 -0.598897 0.155813
v 0.659017 -0.602919 0.117703
v 0.625631 -0.609951 0.082319
v -0.625631 -0.609951 0.082319
v -0.659017 -0.602919 0.117703
v -0.686788 -0.598897 0.155813
v -0.731930 -0.576050 0.191857
v -0.752577 -0.549045 0.185357
v -0.768300 -0.520413 0.178572
v -0.747240 -0.491438 0.121670
v -0.710070 -0.498888 0.074870
v -0.667691 -0.510529 0.032952
v 0.797987 -0.503747 0.229333
v 0.809408 -0.523139 0.285780
v 0.811306 -0.545990 0.338281
v 0.793793 -0.592482 0.378076
v 0.776720 -0.613824 0.370741
v 0.754805 -0.631097 0.360925
v 0.733907 -0.629025 0.317000
v 0.731608 -0.615804 0.279107
v 0.723206 -0.605391 0.238000
v -0.723206 -0.605391 0.238000
v -0.731608 -0.615804 0.279107
v -0.733907 -0.629025 0.317000
v -0.754805 -0.631097 0.360925
v -0.776720 -0.613824 0.370741
v -0.793793 -0.592482 0.378076
v -0.811306 -0.545990 0.338281
v -0.809408 -0.523139 0.285780
v -0.797987 -0.503747 0.229333
v 0.786391 -0.585588 0.415070
v 0.760471 -0.599691 0.439155
v 0.726820 -0.611962 0.458886
v 0.682668 -0.651337 0.471670
v 0.674832 -0.674452 0.460368
v 0.663618 -0.691667 0.446259
v 0.682251 -0.686354 0.411828
v 0.705729 -0.671983 0.393907
v 0.721395 -0.657776 0.374074
v -0.721395 -0.657776 0.374074
v -0.705729 -0.671983 0.393907
v -0.682251 -0.686354 0.411828
v -0.663618 -0.691667 0.446259
v -0.674832 -0.674452 0.460368
v -0.682668 -0.651337 0.471670
v -0.726820 -0.611962 0.458886
v -0.760471 -0.599691 0.439155
v -0.786391 -0.585588 0.415070
v 0.640466 -0.637522 0.501478
v 0.591119 -0.651828 0.527941
v 0.540755 -0.666338 0.557251
v 0.486169 -0.709184 0.582896
v 0.478651 -0.733860 0.570991
v 0.470361 -0.751902 0.554243
v 0.510061 -0.747040 0.506673
v 0.559923 -0.732069 0.479492
v 0.607873 -0.716570 0.453776
v -0.607873 -0.716570 0.453776
v -0.559923 -0.732069 0.479492
v -0.510061 -0.747040 0.506673
v -0.470361 -0.751902 0.554243
v -0.478651 -0.733860 0.570991
v -0.486169 -0.709185 0.582896
v -0.540754 -0.666338 0.557251
v -0.591119 -0.651828 0.527941
v -0.640466 -0.637522 0.501478
v 0.445967 -0.693231 0.621399
v 0.403131 -0.704861 0.652452
v 0.362450 -0.715190 0.678786
v 0.320689 -0.752703 0.687283
v 0.319038 -0.776449 0.668674
v 0.318403 -0.792993 0.643311
v 0.349999 -0.792406 0.600657
v 0.383328 -0.783474 0.582330
v 0.420359 -0.772997 0.559567
v -0.420359 -0.772997 0.559567
v -0.383328 -0.783474 0.582330
v -0.349999 -0.792406 0.600657
v -0.318403 -0.792993 0.643311
v -0.319038 -0.776449 0.668674
v -0.320689 -0.752703 0.687283
v -0.362451 -0.715190 0.678786
v -0.403130 -0.704861 0.652452
v -0.445967 -0.693231 0.621399
v 0.284644 -0.731764 0.705265
v 0.247477 -0.737847 0.702176
v 0.212385 -0.742303 0.687897
v 0.182231 -0.772681 0.652384
v 0.187880 -0.795329 0.634874
v 0.196052 -0.810774 0.611667
v 0.232585 -0.814562 0.604489
v 0.260417 -0.810981 0.615533
v 0.289225 -0.806098 0.618235
v -0.289225 -0.806098 0.618235
v -0.260417 -0.810981 0.615533
v -0.232585 -0.814562 0.604489
v -0.196052 -0.810774 0.611667
v -0.187880 -0.795329 0.634874
v -0.182231 -0.772681 0.652384
v -0.212385 -0.742303 0.687897
v -0.247477 -0.737847 0.702176
v -0.284644 -0.731764 0.705265
v 0.151208 -0.745934 0.626251
v 0.125244 -0.745416 0.584012
v 0.101600 -0.743880 0.540836
v 0.081302 -0.768884 0.494286
v 0.086887 -0.791151 0.482124
v 0.095849 -0.806786 0.467560
v 0.130839 -0.816321 0.486491
v 0.154894 -0.817627 0.522244
v 0.179844 -0.817834 0.556207
v -0.179843 -0.817834 0.556207
v -0.154894 -0.817627 0.522244
v -0.130839 -0.816321 0.486491
v -0.095849 -0.806786 0.467560
v -0.086887 -0.791151 0.482123
v -0.081302 -0.768884 0.494286
v -0.101600 -0.743880 0.540836
v -0.125244 -0.745416 0.584012
v -0.151208 -0.745934 0.626251
v 0.058807 -0.739455 0.471656
v 0.038764 -0.737359 0.450494
v 0.019250 -0.735833 0.438080
v -0.000000 -0.761239 0.425108
v -0.000000 -0.782401 0.410198
v -0.000000 -0.797350 0.388948
v 0.036546 -0.805063 0.377221
v 0.061944 -0.807711 0.399104
v 0.085041 -0.810932 0.423735
v -0.085041 -0.810932 0.423735
v -0.061944 -0.807711 0.399104
v -0.036546 -0.805063 0.377221
v -0.019250 -0.735833 0.438080
v -0.038764 -0.737359 0.450494
v -0.058807 -0.739455 0.471656
v 0.121636 -0.812012 0.439209
v 0.136936 -0.803657 0.427192
v 0.152561 -0.792779 0.416314
v 0.185171 -0.782467 0.427219
v 0.204454 -0.780735 0.446072
v 0.224755 -0.778229 0.462158
v 0.236277 -0.787116 0.498942
v 0.226318 -0.801053 0.526476
v 0.215993 -0.812466 0.555637
v -0.215993 -0.812466 0.555637
v -0.226318 -0.801053 0.526476
v -0.236277 -0.787116 0.498942
v -0.224755 -0.778229 0.462158
v -0.204454 -0.780735 0.446072
v -0.185171 -0.782467 0.427219
v -0.152561 -0.792779 0.416314
v -0.136936 -0.803657 0.427192
v -0.121636 -0.812012 0.439209
v 0.266059 -0.771759 0.483554
v 0.286838 -0.768039 0.488336
v 0.308187 -0.764035 0.489292
v 0.327220 -0.771135 0.514218
v 0.323866 -0.784804 0.546143
v 0.320960 -0.795990 0.579898
v -0.320960 -0.795990 0.579898
v -0.323866 -0.784804 0.546143
v -0.327220 -0.771135 0.514218
v -0.308187 -0.764035 0.489292
v -0.286838 -0.768039 0.488336
v -0.266059 -0.771759 0.483554
v 0.354296 -0.755151 0.480282
v 0.380317 -0.749702 0.470947
v 0.409431 -0.742828 0.459049
v 0.446160 -0.741198 0.465037
v 0.450521 -0.751302 0.487603
v 0.455858 -0.759454 0.511105
v -0.455858 -0.759454 0.511105
v -0.450521 -0.751302 0.487603
v -0.446160 -0.741197 0.465037
v -0.409431 -0.742828 0.459049
v -0.380317 -0.749702 0.470947
v -0.354296 -0.755151 0.480282
v 0.479645 -0.722755 0.429582
v 0.518202 -0.710205 0.412950
v 0.554766 -0.697534 0.395627
v 0.600973 -0.690674 0.389120
v 0.617350 -0.697320 0.401910
v 0.633972 -0.702094 0.416002
v -0.633972 -0.702094 0.416002
v -0.617350 -0.697320 0.401910
v -0.600973 -0.690674 0.389120
v -0.554766 -0.697533 0.395627
v -0.518202 -0.710205 0.412950
v -0.479645 -0.722755 0.429582
v 0.609114 -0.676517 0.360409
v 0.624864 -0.669027 0.342150
v 0.634552 -0.663123 0.322466
v 0.659638 -0.655867 0.310662
v 0.681993 -0.653944 0.322917
v 0.705855 -0.650516 0.336148
v -0.705855 -0.650516 0.336148
v -0.681993 -0.653944 0.322917
v -0.659638 -0.655867 0.310662
v -0.634552 -0.663123 0.322466
v -0.624864 -0.669027 0.342150
v -0.609114 -0.676517 0.360409
v 0.640818 -0.654656 0.275892
v 0.637885 -0.652073 0.248861
v 0.629866 -0.651035 0.220120
v 0.636190 -0.642483 0.192549
v 0.659180 -0.631510 0.195285
v 0.683635 -0.617608 0.197005
v -0.683635 -0.617608 0.197005
v -0.659180 -0.631510 0.195285
v -0.636190 -0.642483 0.192549
v -0.629866 -0.651035 0.220120
v -0.637885 -0.652072 0.248861
v -0.640818 -0.654656 0.275892
v 0.595479 -0.654924 0.160204
v 0.569824 -0.659749 0.130859
v 0.540507 -0.665917 0.103468
v 0.526693 -0.661855 0.073629
v 0.547201 -0.649713 0.067925
v 0.568197 -0.635576 0.060594
v -0.568197 -0.635576 0.060594
v -0.547201 -0.649713 0.067925
v -0.526693 -0.661855 0.073629
v -0.540507 -0.665917 0.103468
v -0.569824 -0.659749 0.130859
v -0.595479 -0.654924 0.160204
v 0.476851 -0.680532 0.059163
v 0.443387 -0.688775 0.044000
v 0.408010 -0.697954 0.034288
v 0.373532 -0.701497 0.015062
v 0.378499 -0.693685 -0.002387
v 0.384810 -0.682454 -0.021464
v -0.384810 -0.682455 -0.021464
v -0.378499 -0.693685 -0.002387
v -0.373532 -0.701497 0.015062
v -0.408010 -0.697954 0.034288
v -0.443387 -0.688775 0.044000
v -0.476851 -0.680532 0.059163
v 0.329271 -0.719900 0.033166
v 0.288086 -0.731527 0.040880
v 0.249342 -0.741811 0.052297
v 0.202512 -0.751419 0.039707
v 0.186885 -0.755652 0.005590
v 0.170317 -0.759246 -0.036238
v -0.170317 -0.759246 -0.036238
v -0.186885 -0.755651 0.005590
v -0.202512 -0.751419 0.039707
v -0.249342 -0.741811 0.052297
v -0.288086 -0.731527 0.040880
v -0.329271 -0.719900 0.033166
v 0.189989 -0.753204 0.080722
v 0.170681 -0.754313 0.096408
v 0.156420 -0.754079 0.113152
v 0.120731 -0.750935 0.115044
v 0.089274 -0.748690 0.094936
v 0.051565 -0.746563 0.071343
v 0.046715 -0.751351 0.005160
v 0.080060 -0.759618 -0.023837
v 0.112264 -0.765137 -0.054426
v -0.112264 -0.765137 -0.054426
v -0.080060 -0.759618 -0.023837
v -0.046715 -0.751351 0.005160
v -0.051565 -0.746563 0.071343
v -0.089274 -0.748690 0.094936
v -0.120731 -0.750935 0.115044
v -0.156420 -0.754079 0.113152
v -0.170681 -0.754313 0.096408
v -0.189989 -0.753205 0.080722
v 0.129083 -0.779205 0.335877
v 0.139214 -0.781386 0.360189
v 0.152113 -0.782793 0.383769
v 0.041449 -0.797876 0.336164
v 0.072361 -0.790241 0.325644
v 0.099119 -0.782388 0.317520
v -0.099119 -0.782388 0.317520
v -0.072361 -0.790241 0.325644
v -0.041449 -0.797876 0.336164
v -0.152113 -0.782793 0.383769
v -0.139214 -0.781386 0.360189
v -0.129083 -0.779205 0.335876
v 0.117720 -0.766680 0.237986
v 0.116726 -0.770101 0.262017
v 0.117971 -0.773400 0.286496
v -0.000000 -0.793034 0.309216
v 0.000000 -0.782998 0.274511
v 0.000000 -0.773548 0.241793
v 0.033925 -0.764245 0.210080
v 0.066325 -0.763265 0.211236
v 0.095673 -0.762651 0.212840
v -0.095673 -0.762651 0.212840
v -0.066325 -0.763265 0.211236
v -0.033925 -0.764245 0.210080
v -0.117971 -0.773400 0.286496
v -0.116726 -0.770101 0.262017
v -0.117720 -0.766680 0.237986
v -0.000000 -0.756735 0.176803
v 0.000000 -0.750060 0.141309
v -0.000000 -0.745549 0.100201
v 0.136922 -0.754907 0.150265
v 0.129937 -0.757026 0.170654
v 0.124498 -0.759918 0.192142
v -0.124498 -0.759918 0.192142
v -0.129937 -0.757026 0.170654
v -0.136922 -0.754907 0.150265
v 0.122515 -0.648282 -0.915341
v 0.105062 -0.663574 -0.903456
v 0.087975 -0.676181 -0.892263
v 0.056152 -0.683370 -0.887963
v 0.037977 -0.682020 -0.891520
v 0.019151 -0.681241 -0.893490
v -0.000000 -0.673197 -0.903571
v -0.000000 -0.662598 -0.914551
v 0.000000 -0.649801 -0.926263
v -0.019151 -0.681241 -0.893490
v -0.037977 -0.682020 -0.891520
v -0.056152 -0.683370 -0.887963
v -0.087975 -0.676181 -0.892263
v -0.105062 -0.663574 -0.903456
v -0.122515 -0.648282 -0.915341
v 0.195106 -0.653995 -0.879357
v 0.168593 -0.672825 -0.863254
v 0.143992 -0.688195 -0.848087
v 0.114824 -0.695004 -0.852108
v 0.103217 -0.691162 -0.865153
v 0.089210 -0.687931 -0.875146
v -0.089210 -0.687931 -0.875146
v -0.103217 -0.691162 -0.865153
v -0.114824 -0.695004 -0.852108
v -0.143992 -0.688195 -0.848087
v -0.168593 -0.672824 -0.863254
v -0.195106 -0.653995 -0.879357
v 0.218231 -0.675438 -0.793466
v 0.184592 -0.694359 -0.775513
v 0.150329 -0.709894 -0.758809
v 0.125733 -0.715763 -0.769084
v 0.129647 -0.709889 -0.792508
v 0.128626 -0.704425 -0.815196
v -0.128626 -0.704425 -0.815196
v -0.129647 -0.709889 -0.792508
v -0.125733 -0.715763 -0.769084
v -0.150329 -0.709894 -0.758809
v -0.184592 -0.694359 -0.775513
v -0.218231 -0.675438 -0.793466
v 0.178755 -0.709646 -0.463633
v 0.149333 -0.723660 -0.462864
v 0.120277 -0.733321 -0.462053
v 0.097575 -0.737644 -0.512560
v 0.103461 -0.734809 -0.565158
v 0.109266 -0.731649 -0.614909
v 0.145386 -0.720937 -0.661228
v 0.177572 -0.709663 -0.666178
v 0.209513 -0.694523 -0.671373
v -0.209513 -0.694523 -0.671373
v -0.177572 -0.709663 -0.666178
v -0.145386 -0.720937 -0.661228
v -0.109267 -0.731649 -0.614909
v -0.103461 -0.734809 -0.565158
v -0.097575 -0.737644 -0.512560
v -0.120277 -0.733321 -0.462053
v -0.149333 -0.723660 -0.462864
v -0.178755 -0.709646 -0.463633
v 0.116622 -0.726501 -0.689192
v 0.117386 -0.724877 -0.712159
v 0.116471 -0.723645 -0.729294
v -0.116471 -0.723645 -0.729294
v -0.117386 -0.724877 -0.712159
v -0.116622 -0.726501 -0.689192
v 0.089575 -0.740317 -0.415850
v 0.088290 -0.740570 -0.375465
v 0.088653 -0.741411 -0.339558
v 0.065706 -0.748146 -0.318357
v 0.043300 -0.749467 -0.327329
v 0.021526 -0.749934 -0.333044
v -0.000000 -0.747376 -0.356357
v 0.000000 -0.746582 -0.384928
v 0.000000 -0.746521 -0.420580
v 0.021589 -0.745992 -0.462840
v 0.043810 -0.745280 -0.462267
v 0.067291 -0.743347 -0.461734
v -0.067291 -0.743347 -0.461734
v -0.043810 -0.745280 -0.462267
v -0.021589 -0.745992 -0.462840
v -0.021526 -0.749934 -0.333044
v -0.043300 -0.749467 -0.327329
v -0.065706 -0.748146 -0.318357
v -0.088653 -0.741411 -0.339558
v -0.088290 -0.740570 -0.375466
v -0.089575 -0.740317 -0.415850
v 0.027415 -0.736850 -0.654009
v 0.055257 -0.735948 -0.654161
v 0.083954 -0.733500 -0.655087
v 0.000000 -0.744487 -0.511624
v -0.000000 -0.742025 -0.562500
v 0.000000 -0.739319 -0.611423
v -0.083954 -0.733500 -0.655087
v -0.055257 -0.735948 -0.654161
v -0.027415 -0.736850 -0.654009
v -0.000000 -0.735440 -0.687175
v 0.000000 -0.734429 -0.711480
v 0.000000 -0.733500 -0.728787
v 0.027046 -0.732147 -0.739234
v 0.054262 -0.731414 -0.736464
v 0.082032 -0.729031 -0.736180
v -0.082032 -0.729031 -0.736180
v -0.054262 -0.731414 -0.736464
v -0.027046 -0.732147 -0.739234
v 0.106309 -0.745992 -0.279684
v 0.115566 -0.747582 -0.260462
v 0.121250 -0.749460 -0.242525
v 0.120216 -0.760166 -0.222761
v 0.119005 -0.769748 -0.221490
v 0.118568 -0.779656 -0.220422
v 0.113817 -0.788300 -0.235023
v 0.106391 -0.786160 -0.248454
v 0.095466 -0.783573 -0.260542
v 0.081706 -0.772700 -0.275976
v 0.082254 -0.763628 -0.281105
v 0.084297 -0.754442 -0.289192
v -0.084297 -0.754442 -0.289192
v -0.082254 -0.763627 -0.281105
v -0.081706 -0.772700 -0.275976
v -0.095466 -0.783573 -0.260542
v -0.106391 -0.786160 -0.248454
v -0.113817 -0.788300 -0.235023
v -0.118568 -0.779656 -0.220422
v -0.119005 -0.769748 -0.221490
v -0.120216 -0.760166 -0.222761
v -0.121250 -0.749460 -0.242525
v -0.115566 -0.747582 -0.260462
v -0.106309 -0.745992 -0.279684
v 0.122172 -0.753611 -0.204430
v 0.117079 -0.755398 -0.184218
v 0.107917 -0.756494 -0.164941
v 0.094201 -0.759050 -0.151859
v 0.095242 -0.765110 -0.152805
v 0.096568 -0.773326 -0.152490
v 0.107368 -0.784458 -0.166609
v 0.114258 -0.786784 -0.183729
v 0.117730 -0.788622 -0.202030
v -0.117730 -0.788622 -0.202030
v -0.114258 -0.786784 -0.183729
v -0.107368 -0.784458 -0.166609
v -0.096568 -0.773326 -0.152490
v -0.095242 -0.765110 -0.152805
v -0.094201 -0.759050 -0.151859
v -0.107917 -0.756494 -0.164941
v -0.117079 -0.755398 -0.184218
v -0.122172 -0.753611 -0.204430
v 0.076448 -0.755262 -0.134783
v 0.054782 -0.753359 -0.126551
v 0.030145 -0.751626 -0.124592
v 0.018969 -0.756924 -0.140314
v 0.028795 -0.764481 -0.142542
v 0.035534 -0.773247 -0.142601
v 0.054284 -0.780992 -0.138431
v 0.069417 -0.780545 -0.138482
v 0.084184 -0.780992 -0.143131
v -0.084184 -0.780992 -0.143131
v -0.069417 -0.780545 -0.138482
v -0.054284 -0.780992 -0.138431
v -0.035534 -0.773247 -0.142601
v -0.028795 -0.764481 -0.142542
v -0.018969 -0.756924 -0.140314
v -0.030145 -0.751626 -0.124592
v -0.054782 -0.753359 -0.126551
v -0.076448 -0.755262 -0.134783
v 0.000000 -0.756449 -0.149623
v -0.000000 -0.760589 -0.160093
v 0.000000 -0.764256 -0.165526
v -0.000000 -0.767409 -0.168260
v 0.000000 -0.772135 -0.170247
v -0.000000 -0.780043 -0.171007
v 0.008562 -0.788713 -0.168186
v 0.017714 -0.786811 -0.160373
v 0.028046 -0.784461 -0.150933
v -0.028046 -0.784461 -0.150933
v -0.017714 -0.786811 -0.160373
v -0.008562 -0.788713 -0.168186
v 0.000000 -0.770508 -0.306322
v -0.000000 -0.762370 -0.312012
v -0.000000 -0.755208 -0.320875
v 0.063721 -0.779745 -0.282881
v 0.043837 -0.778971 -0.292399
v 0.022325 -0.778687 -0.299110
v -0.022325 -0.778687 -0.299110
v -0.043837 -0.778971 -0.292399
v -0.063721 -0.779745 -0.282881
v -0.000000 -0.798787 -0.280592
v -0.000000 -0.792643 -0.289225
v 0.000000 -0.786011 -0.296149
v 0.079538 -0.788885 -0.267648
v 0.076622 -0.795454 -0.263310
v 0.072582 -0.800819 -0.259380
v 0.057702 -0.804521 -0.260050
v 0.040992 -0.804636 -0.264544
v 0.021237 -0.804681 -0.268352
v -0.021237 -0.804681 -0.268352
v -0.040992 -0.804636 -0.264544
v -0.057702 -0.804521 -0.260050
v -0.072582 -0.800819 -0.259380
v -0.076622 -0.795454 -0.263310
v -0.079538 -0.788885 -0.267648
v 0.000000 -0.798525 -0.173414
v -0.000000 -0.806707 -0.177786
v 0.000000 -0.813995 -0.185450
v 0.021514 -0.817870 -0.187966
v 0.033856 -0.814812 -0.176123
v 0.042883 -0.811397 -0.165865
v 0.047183 -0.804672 -0.154219
v 0.045371 -0.798524 -0.148837
v 0.043222 -0.790930 -0.144852
v -0.043222 -0.790930 -0.144852
v -0.045371 -0.798524 -0.148837
v -0.047183 -0.804671 -0.154219
v -0.042883 -0.811397 -0.165865
v -0.033856 -0.814812 -0.176123
v -0.021514 -0.817870 -0.187966
v 0.056964 -0.809164 -0.158972
v 0.068127 -0.809450 -0.160174
v 0.079001 -0.809164 -0.163088
v 0.090381 -0.804671 -0.162267
v 0.094073 -0.798524 -0.157740
v 0.096422 -0.790930 -0.154327
v -0.096422 -0.790930 -0.154327
v -0.094073 -0.798524 -0.157740
v -0.090381 -0.804671 -0.162267
v -0.079001 -0.809164 -0.163088
v -0.068127 -0.809450 -0.160174
v -0.056964 -0.809164 -0.158972
v 0.088916 -0.811341 -0.175005
v 0.090722 -0.814366 -0.187960
v 0.090998 -0.816362 -0.202599
v 0.101569 -0.811985 -0.218031
v 0.109863 -0.805718 -0.218642
v 0.114983 -0.798069 -0.219089
v -0.114983 -0.798069 -0.219089
v -0.109863 -0.805718 -0.218642
v -0.101569 -0.811985 -0.218031
v -0.090998 -0.816361 -0.202599
v -0.090722 -0.814366 -0.187960
v -0.088916 -0.811341 -0.175005
v 0.085821 -0.814774 -0.229689
v 0.080556 -0.811432 -0.240619
v 0.074218 -0.807506 -0.249969
v -0.074218 -0.807506 -0.249969
v -0.080556 -0.811432 -0.240619
v -0.085821 -0.814774 -0.229689
v 0.029504 -0.821178 -0.208813
v 0.052775 -0.820894 -0.212738
v 0.072949 -0.819497 -0.215340
v -0.072949 -0.819497 -0.215340
v -0.052775 -0.820894 -0.212738
v -0.029504 -0.821178 -0.208813
v 0.000000 -0.819471 -0.224301
v 0.000000 -0.815605 -0.241940
v 0.000000 -0.810447 -0.257103
v 0.000000 -0.747543 -0.024404
v 0.000000 -0.748360 -0.067368
v -0.000000 -0.748813 -0.101552
v 0.097005 -0.758134 -0.140011
v 0.103999 -0.761687 -0.128335
v 0.118331 -0.763772 -0.113656
v -0.118331 -0.763771 -0.113656
v -0.103999 -0.761687 -0.128335
v -0.097005 -0.758134 -0.140011
v 0.129801 -0.743856 -0.225711
v 0.139052 -0.734972 -0.227512
v 0.150825 -0.722100 -0.229760
v 0.158796 -0.712961 -0.207842
v 0.153017 -0.726314 -0.179116
v 0.149476 -0.741150 -0.144933
v -0.149476 -0.741150 -0.144933
v -0.153017 -0.726314 -0.179116
v -0.158796 -0.712961 -0.207841
v -0.150825 -0.722100 -0.229760
v -0.139052 -0.734972 -0.227512
v -0.129801 -0.743856 -0.225711
v 0.114885 -0.735690 -0.309363
v 0.136833 -0.725257 -0.313467
v 0.158814 -0.710964 -0.317083
v 0.176524 -0.690969 -0.296299
v 0.173041 -0.692247 -0.275119
v 0.169356 -0.695764 -0.254510
v -0.169356 -0.695764 -0.254510
v -0.173041 -0.692247 -0.275119
v -0.176524 -0.690969 -0.296299
v -0.158814 -0.710964 -0.317083
v -0.136833 -0.725257 -0.313467
v -0.114885 -0.735690 -0.309363
v 0.199354 -0.691491 -0.418755
v 0.192057 -0.691705 -0.380208
v 0.185737 -0.691389 -0.347521
v -0.185737 -0.691389 -0.347521
v -0.192057 -0.691705 -0.380208
v -0.199354 -0.691491 -0.418755
v 0.270908 -0.563897 -0.403931
v 0.260742 -0.563151 -0.369575
v 0.251065 -0.562405 -0.340753
v 0.234114 -0.597405 -0.320123
v 0.219862 -0.632216 -0.321723
v 0.201419 -0.664178 -0.321533
v -0.201419 -0.664178 -0.321533
v -0.219862 -0.632216 -0.321723
v -0.234114 -0.597405 -0.320123
v -0.251065 -0.562405 -0.340753
v -0.260742 -0.563151 -0.369575
v -0.270908 -0.563897 -0.403931
v 0.235114 -0.562493 -0.295481
v 0.228841 -0.563856 -0.276937
v 0.223056 -0.566277 -0.259735
v 0.208232 -0.604421 -0.242130
v 0.195204 -0.640490 -0.239610
v 0.180061 -0.674401 -0.236155
v -0.180061 -0.674401 -0.236155
v -0.195204 -0.640490 -0.239610
v -0.208232 -0.604421 -0.242130
v -0.223056 -0.566277 -0.259735
v -0.228841 -0.563856 -0.276937
v -0.235114 -0.562493 -0.295481
v 0.211650 -0.574507 -0.225467
v 0.209852 -0.578912 -0.207872
v 0.216193 -0.581567 -0.190562
v -0.216193 -0.581567 -0.190562
v -0.209852 -0.578912 -0.207872
v -0.211650 -0.574507 -0.225467
v 0.082982 -0.720564 -0.756188
v 0.087736 -0.724524 -0.753012
v 0.096422 -0.725365 -0.749462
v -0.000000 -0.730075 -0.749397
v -0.000000 -0.726563 -0.755263
v 0.000000 -0.721096 -0.759257
v 0.023841 -0.713416 -0.760515
v 0.046197 -0.713949 -0.757514
v 0.065582 -0.714115 -0.756019
v -0.065582 -0.714115 -0.756019
v -0.046197 -0.713949 -0.757514
v -0.023841 -0.713416 -0.760515
v -0.096422 -0.725365 -0.749462
v -0.087736 -0.724524 -0.753012
v -0.082982 -0.720564 -0.756188
v 0.092872 -0.705600 -0.817742
v 0.098877 -0.708008 -0.821126
v 0.108666 -0.706021 -0.826708
v 0.089867 -0.711148 -0.768144
v 0.093994 -0.707791 -0.782254
v 0.093604 -0.703620 -0.798845
v -0.093604 -0.703620 -0.798845
v -0.093994 -0.707791 -0.782254
v -0.089867 -0.711148 -0.768144
v -0.108666 -0.706021 -0.826708
v -0.098877 -0.708008 -0.821126
v -0.092872 -0.705600 -0.817742
v 0.051653 -0.688870 -0.864773
v 0.055854 -0.691515 -0.869303
v 0.062781 -0.690416 -0.875054
v 0.082130 -0.694292 -0.830346
v 0.072510 -0.689806 -0.842855
v 0.061303 -0.685849 -0.853044
v -0.061303 -0.685849 -0.853044
v -0.072510 -0.689806 -0.842855
v -0.082130 -0.694292 -0.830346
v -0.062781 -0.690416 -0.875054
v -0.055854 -0.691515 -0.869303
v -0.051653 -0.688870 -0.864773
v 0.000000 -0.684347 -0.876397
v -0.000000 -0.686578 -0.880968
v 0.000000 -0.685472 -0.886678
v 0.037018 -0.680651 -0.866445
v 0.024712 -0.679470 -0.869982
v 0.012366 -0.678942 -0.871850
v -0.012366 -0.678942 -0.871850
v -0.024712 -0.679471 -0.869982
v -0.037018 -0.680651 -0.866445
v -0.000000 -0.652025 -0.855733
v 0.000000 -0.660753 -0.863119
v -0.000000 -0.670376 -0.868307
v 0.047957 -0.673637 -0.857012
v 0.047770 -0.663402 -0.852132
v 0.048926 -0.654131 -0.845178
v 0.039734 -0.647153 -0.839193
v 0.026964 -0.646638 -0.842340
v 0.013624 -0.646354 -0.844347
v -0.013624 -0.646354 -0.844347
v -0.026964 -0.646638 -0.842339
v -0.039734 -0.647153 -0.839193
v -0.048926 -0.654131 -0.845178
v -0.047770 -0.663402 -0.852132
v -0.047957 -0.673637 -0.857012
v 0.087344 -0.688831 -0.813657
v 0.085907 -0.677369 -0.811881
v 0.084543 -0.667185 -0.810200
v 0.078908 -0.656090 -0.815621
v 0.071639 -0.651694 -0.823545
v 0.062408 -0.649168 -0.830008
v -0.062408 -0.649168 -0.830008
v -0.071639 -0.651694 -0.823545
v -0.078908 -0.656090 -0.815621
v -0.084543 -0.667185 -0.810199
v -0.085907 -0.677369 -0.811881
v -0.087344 -0.688831 -0.813657
v 0.079044 -0.702873 -0.761271
v 0.077718 -0.690421 -0.764377
v 0.075782 -0.677467 -0.769518
v 0.081390 -0.663804 -0.782568
v 0.085473 -0.661853 -0.790654
v 0.085327 -0.660696 -0.800721
v -0.085327 -0.660696 -0.800721
v -0.085473 -0.661853 -0.790654
v -0.081390 -0.663804 -0.782568
v -0.075782 -0.677467 -0.769518
v -0.077718 -0.690421 -0.764377
v -0.079044 -0.702873 -0.761271
v 0.000000 -0.702345 -0.764811
v -0.000000 -0.689833 -0.768446
v 0.000000 -0.676914 -0.774360
v 0.021274 -0.665245 -0.782481
v 0.041287 -0.665817 -0.779704
v 0.058777 -0.666090 -0.777537
v -0.058777 -0.666090 -0.777537
v -0.041287 -0.665817 -0.779704
v -0.021274 -0.665245 -0.782481
v -0.000000 -0.655117 -0.797628
v -0.000000 -0.648275 -0.813965
v -0.000000 -0.645094 -0.830546
v 0.056017 -0.646431 -0.821306
v 0.061523 -0.649333 -0.805691
v 0.067410 -0.655892 -0.790551
v -0.067410 -0.655892 -0.790551
v -0.061523 -0.649333 -0.805691
v -0.056017 -0.646431 -0.821306
v 0.164480 -0.770928 0.219815
v 0.153836 -0.768501 0.218099
v 0.139570 -0.765503 0.216383
v 0.163520 -0.758026 0.142436
v 0.175727 -0.762451 0.150011
v 0.183946 -0.766022 0.155063
v 0.183577 -0.768066 0.173018
v 0.178630 -0.769043 0.188178
v 0.175025 -0.770264 0.204356
v -0.175025 -0.770264 0.204356
v -0.178630 -0.769043 0.188178
v -0.183577 -0.768066 0.173018
v -0.183946 -0.766022 0.155063
v -0.175727 -0.762451 0.150011
v -0.163520 -0.758026 0.142436
v -0.139570 -0.765503 0.216383
v -0.153836 -0.768501 0.218099
v -0.164480 -0.770928 0.219815
v 0.168440 -0.774675 0.300181
v 0.156169 -0.773953 0.302762
v 0.140845 -0.774004 0.306359
v 0.171790 -0.772508 0.239800
v 0.172282 -0.773329 0.258843
v 0.174360 -0.773987 0.278456
v -0.174360 -0.773987 0.278456
v -0.172282 -0.773329 0.258843
v -0.171790 -0.772509 0.239800
v -0.140845 -0.774004 0.306359
v -0.156169 -0.773953 0.302761
v -0.168440 -0.774675 0.300181
v 0.203271 -0.775360 0.380066
v 0.192952 -0.775798 0.387967
v 0.181047 -0.777822 0.396762
v 0.183824 -0.774953 0.318363
v 0.191352 -0.775201 0.337864
v 0.200751 -0.775163 0.356347
v -0.200751 -0.775163 0.356347
v -0.191352 -0.775201 0.337864
v -0.183824 -0.774953 0.318363
v -0.181047 -0.777822 0.396762
v -0.192952 -0.775798 0.387967
v -0.203271 -0.775360 0.380066
v 0.226190 -0.751160 0.084218
v 0.233724 -0.755534 0.096056
v 0.239305 -0.760396 0.103539
v 0.223334 -0.766541 0.120860
v 0.208496 -0.767578 0.133057
v 0.197808 -0.767639 0.145620
v -0.197808 -0.767639 0.145620
v -0.208496 -0.767578 0.133057
v -0.223334 -0.766541 0.120860
v -0.239305 -0.760396 0.103539
v -0.233724 -0.755534 0.096056
v -0.226190 -0.751160 0.084218
v 0.367947 -0.716017 0.044027
v 0.367025 -0.723904 0.055501
v 0.366835 -0.730733 0.065267
v 0.334466 -0.743317 0.077596
v 0.301432 -0.751329 0.085775
v 0.270352 -0.758406 0.096639
v -0.270352 -0.758406 0.096639
v -0.301432 -0.751329 0.085775
v -0.334466 -0.743317 0.077596
v -0.366835 -0.730733 0.065267
v -0.367025 -0.723904 0.055501
v -0.367947 -0.716017 0.044027
v 0.496284 -0.683679 0.085819
v 0.487522 -0.693441 0.093180
v 0.481527 -0.701372 0.100664
v 0.451230 -0.713820 0.092336
v 0.424832 -0.720758 0.081245
v 0.397010 -0.727776 0.074832
v -0.397010 -0.727776 0.074832
v -0.424832 -0.720757 0.081245
v -0.451230 -0.713820 0.092336
v -0.481527 -0.701372 0.100664
v -0.487522 -0.693441 0.093180
v -0.496284 -0.683679 0.085819
v 0.599158 -0.660831 0.189792
v 0.585585 -0.668918 0.190809
v 0.574412 -0.675500 0.192885
v 0.548011 -0.684777 0.171573
v 0.526720 -0.691379 0.148248
v 0.502540 -0.698917 0.126590
v -0.502540 -0.698917 0.126590
v -0.526720 -0.691379 0.148248
v -0.548011 -0.684777 0.171573
v -0.574412 -0.675500 0.192885
v -0.585585 -0.668918 0.190809
v -0.599158 -0.660831 0.189792
v 0.622253 -0.663137 0.293474
v 0.607530 -0.669135 0.288927
v 0.594923 -0.674930 0.286129
v 0.584846 -0.677463 0.263919
v 0.582574 -0.676704 0.242106
v 0.576233 -0.677328 0.219194
v -0.576233 -0.677328 0.219194
v -0.582574 -0.676704 0.242106
v -0.584846 -0.677463 0.263919
v -0.594923 -0.674930 0.286129
v -0.607530 -0.669135 0.288927
v -0.622253 -0.663137 0.293474
v 0.573083 -0.686049 0.368944
v 0.562202 -0.689616 0.361599
v 0.552826 -0.694404 0.355638
v 0.562073 -0.689718 0.335924
v 0.573676 -0.684353 0.320096
v 0.580560 -0.681105 0.302965
v -0.580560 -0.681105 0.302965
v -0.573676 -0.684353 0.320095
v -0.562073 -0.689718 0.335924
v -0.552826 -0.694404 0.355638
v -0.562202 -0.689616 0.361599
v -0.573083 -0.686049 0.368944
v 0.439260 -0.733049 0.429074
v 0.436334 -0.736898 0.416694
v 0.433611 -0.742577 0.407284
v 0.460900 -0.736769 0.389452
v 0.491564 -0.723633 0.377550
v 0.520315 -0.710008 0.364590
v -0.520315 -0.710009 0.364590
v -0.491564 -0.723633 0.377550
v -0.460900 -0.736769 0.389452
v -0.433611 -0.742577 0.407284
v -0.436334 -0.736898 0.416694
v -0.439260 -0.733049 0.429074
v 0.333323 -0.754300 0.464929
v 0.335585 -0.753635 0.448703
v 0.337318 -0.755493 0.436588
v 0.358236 -0.756883 0.423398
v 0.379883 -0.755968 0.417399
v 0.403971 -0.753262 0.409570
v -0.403971 -0.753262 0.409570
v -0.379883 -0.755968 0.417399
v -0.358236 -0.756883 0.423398
v -0.337318 -0.755493 0.436588
v -0.335585 -0.753635 0.448703
v -0.333323 -0.754300 0.464929
v 0.253469 -0.768653 0.455465
v 0.260335 -0.766629 0.440375
v 0.266103 -0.767087 0.428623
v 0.286845 -0.765042 0.424890
v 0.303223 -0.761990 0.428087
v 0.320333 -0.759345 0.428884
v -0.320333 -0.759345 0.428884
v -0.303223 -0.761990 0.428087
v -0.286845 -0.765042 0.424890
v -0.266103 -0.767087 0.428623
v -0.260335 -0.766629 0.440375
v -0.253469 -0.768653 0.455465
v 0.225087 -0.773841 0.388143
v 0.239556 -0.772434 0.400825
v 0.254961 -0.770498 0.411228
v -0.254961 -0.770498 0.411228
v -0.239556 -0.772434 0.400825
v -0.225087 -0.773841 0.388143
v 0.280233 -0.764259 0.398824
v 0.277669 -0.766412 0.404785
v 0.274618 -0.767792 0.411479
v 0.219289 -0.772542 0.367676
v 0.225396 -0.768880 0.363064
v 0.230730 -0.764242 0.359104
v 0.246663 -0.760254 0.367411
v 0.258138 -0.761393 0.377767
v 0.270101 -0.762044 0.386414
v -0.270101 -0.762044 0.386414
v -0.258138 -0.761393 0.377767
v -0.246663 -0.760254 0.367411
v -0.230730 -0.764242 0.359104
v -0.225396 -0.768880 0.363064
v -0.219289 -0.772542 0.367676
v -0.274618 -0.767792 0.411479
v -0.277669 -0.766412 0.404785
v -0.280233 -0.764259 0.398824
v 0.339823 -0.755124 0.407617
v 0.339681 -0.757134 0.413276
v 0.339294 -0.758128 0.419708
v 0.295532 -0.760112 0.398132
v 0.309245 -0.757650 0.401204
v 0.323934 -0.754944 0.402568
v -0.323934 -0.754944 0.402568
v -0.309245 -0.757650 0.401204
v -0.295532 -0.760112 0.398132
v -0.339294 -0.758128 0.419708
v -0.339681 -0.757134 0.413276
v -0.339823 -0.755124 0.407617
v 0.423177 -0.742998 0.387112
v 0.425781 -0.746718 0.390517
v 0.428385 -0.748444 0.394735
v 0.357218 -0.750916 0.400594
v 0.376302 -0.748861 0.397135
v 0.397339 -0.745097 0.391724
v -0.397339 -0.745097 0.391724
v -0.376302 -0.748861 0.397135
v -0.357218 -0.750916 0.400594
v -0.428385 -0.748444 0.394735
v -0.425781 -0.746718 0.390517
v -0.423177 -0.742998 0.387112
v 0.522485 -0.694197 0.339220
v 0.529487 -0.697456 0.342665
v 0.536774 -0.699046 0.346436
v 0.445862 -0.727641 0.374207
v 0.471517 -0.714681 0.362467
v 0.495463 -0.701477 0.349508
v -0.495463 -0.701477 0.349508
v -0.471517 -0.714681 0.362467
v -0.445862 -0.727641 0.374207
v -0.536774 -0.699046 0.346436
v -0.529487 -0.697456 0.342665
v -0.522485 -0.694197 0.339220
v 0.557343 -0.676626 0.279955
v 0.565511 -0.679281 0.281304
v 0.574290 -0.680349 0.282735
v 0.530436 -0.682149 0.322225
v 0.540365 -0.677246 0.308268
v 0.546387 -0.674540 0.293823
v -0.546387 -0.674540 0.293823
v -0.540365 -0.677246 0.308268
v -0.530436 -0.682149 0.322225
v -0.574290 -0.680349 0.282735
v -0.565511 -0.679281 0.281304
v -0.557343 -0.676626 0.279955
v 0.541053 -0.679569 0.204105
v 0.548476 -0.681342 0.201199
v 0.556346 -0.681692 0.198334
v 0.550334 -0.672506 0.262512
v 0.548503 -0.672689 0.245280
v 0.543254 -0.674093 0.226827
v -0.543254 -0.674093 0.226827
v -0.548503 -0.672689 0.245280
v -0.550334 -0.672506 0.262512
v -0.556346 -0.681692 0.198334
v -0.548476 -0.681342 0.201199
v -0.541053 -0.679569 0.204105
v 0.464851 -0.705254 0.123325
v 0.468804 -0.707791 0.118761
v 0.472839 -0.708537 0.113627
v 0.519898 -0.681865 0.186015
v 0.502279 -0.687988 0.164876
v 0.482219 -0.694845 0.144959
v -0.482218 -0.694845 0.144959
v -0.502279 -0.687988 0.164876
v -0.519898 -0.681865 0.186015
v -0.472839 -0.708537 0.113627
v -0.468804 -0.707791 0.118761
v -0.464851 -0.705254 0.123325
v 0.367184 -0.731947 0.092397
v 0.367160 -0.735135 0.086833
v 0.367096 -0.736532 0.080658
v 0.439331 -0.708456 0.113953
v 0.416992 -0.714844 0.104329
v 0.393189 -0.721232 0.098857
v -0.393189 -0.721232 0.098857
v -0.416992 -0.714844 0.104329
v -0.439331 -0.708455 0.113953
v -0.367096 -0.736532 0.080658
v -0.367160 -0.735135 0.086833
v -0.367184 -0.731947 0.092397
v 0.254540 -0.756683 0.122060
v 0.251166 -0.761149 0.117757
v 0.247589 -0.763784 0.113332
v 0.338745 -0.734823 0.100667
v 0.309570 -0.741537 0.107096
v 0.281860 -0.747274 0.115967
v -0.281860 -0.747274 0.115967
v -0.309570 -0.741537 0.107096
v -0.338745 -0.734823 0.100667
v -0.247589 -0.763784 0.113332
v -0.251166 -0.761149 0.117757
v -0.254540 -0.756683 0.122060
v 0.204078 -0.757355 0.169596
v 0.199680 -0.762614 0.166016
v 0.194997 -0.766286 0.162435
v 0.239095 -0.753133 0.137288
v 0.225260 -0.753255 0.148763
v 0.215332 -0.752401 0.160726
v -0.215332 -0.752401 0.160726
v -0.225260 -0.753255 0.148763
v -0.239095 -0.753133 0.137288
v -0.194997 -0.766286 0.162435
v -0.199680 -0.762614 0.166016
v -0.204078 -0.757355 0.169596
v 0.185862 -0.772227 0.297190
v 0.192030 -0.768039 0.296414
v 0.197181 -0.762590 0.295922
v 0.207845 -0.757284 0.311890
v 0.215820 -0.757813 0.327474
v 0.225260 -0.758342 0.342082
v -0.225260 -0.758342 0.342082
v -0.215820 -0.757813 0.327474
v -0.207845 -0.757284 0.311890
v -0.197181 -0.762590 0.295922
v -0.192030 -0.768039 0.296414
v -0.185862 -0.772227 0.297190
v 0.179708 -0.769216 0.223399
v 0.185818 -0.764567 0.225288
v 0.191359 -0.758331 0.227217
v 0.195964 -0.752482 0.245219
v 0.196289 -0.753906 0.261882
v 0.198079 -0.755331 0.278788
v -0.198079 -0.755331 0.278788
v -0.196289 -0.753906 0.261882
v -0.195964 -0.752482 0.245219
v -0.191359 -0.758331 0.227217
v -0.185818 -0.764567 0.225288
v -0.179708 -0.769216 0.223399
v 0.203390 -0.750570 0.186137
v 0.200033 -0.750326 0.199707
v 0.197896 -0.750570 0.214010
v -0.197896 -0.750570 0.214010
v -0.200033 -0.750326 0.199707
v -0.203390 -0.750570 0.186137
v -0.000000 -0.647230 0.440681
v -0.000000 -0.675673 0.438386
v -0.000000 -0.705906 0.437421
v 0.082516 -0.711509 0.503883
v 0.090738 -0.679807 0.502255
v 0.105653 -0.648039 0.500226
v 0.082215 -0.621076 0.474960
v 0.048995 -0.623451 0.458757
v 0.022889 -0.623613 0.450388
v -0.022889 -0.623613 0.450388
v -0.048995 -0.623451 0.458757
v -0.082215 -0.621076 0.474960
v -0.105653 -0.648039 0.500226
v -0.090738 -0.679807 0.502255
v -0.082516 -0.711509 0.503883
v 0.182355 -0.714718 0.663482
v 0.188874 -0.685140 0.657249
v 0.199088 -0.659797 0.646110
v 0.199572 -0.637277 0.611766
v 0.185040 -0.630477 0.577115
v 0.165377 -0.623667 0.539011
v -0.165377 -0.623667 0.539011
v -0.185040 -0.630477 0.577115
v -0.199572 -0.637277 0.611766
v -0.199088 -0.659797 0.646110
v -0.188874 -0.685140 0.657249
v -0.182355 -0.714718 0.663482
v 0.325922 -0.693532 0.697418
v 0.327697 -0.664414 0.689205
v 0.327072 -0.640563 0.675210
v 0.300006 -0.625371 0.660284
v 0.266490 -0.628294 0.654885
v 0.233257 -0.635441 0.645200
v -0.233257 -0.635441 0.645200
v -0.266490 -0.628294 0.654885
v -0.300006 -0.625371 0.660284
v -0.327072 -0.640563 0.675210
v -0.327697 -0.664414 0.689205
v -0.325922 -0.693532 0.697418
v 0.494002 -0.649587 0.587819
v 0.490532 -0.618404 0.581079
v 0.478017 -0.588072 0.569878
v 0.402142 -0.585829 0.587823
v 0.369838 -0.602181 0.618360
v 0.343100 -0.615645 0.644567
v -0.343100 -0.615645 0.644567
v -0.369838 -0.602181 0.618360
v -0.402142 -0.585829 0.587823
v -0.478017 -0.588072 0.569878
v -0.490532 -0.618404 0.581079
v -0.494002 -0.649587 0.587819
v 0.685642 -0.594313 0.479858
v 0.681044 -0.562012 0.477051
v 0.673598 -0.527025 0.472046
v 0.622435 -0.502599 0.486567
v 0.574476 -0.518944 0.508257
v 0.518593 -0.537433 0.530682
v -0.518593 -0.537433 0.530682
v -0.574476 -0.518944 0.508257
v -0.622435 -0.502599 0.486567
v -0.673598 -0.527025 0.472046
v -0.681044 -0.562012 0.477051
v -0.685642 -0.594313 0.479858
v 0.804572 -0.540836 0.383419
v 0.798503 -0.511203 0.382243
v 0.788039 -0.478845 0.380212
v 0.757419 -0.458754 0.409058
v 0.732259 -0.469618 0.431369
v 0.700996 -0.478855 0.449368
v -0.700996 -0.478855 0.449368
v -0.732259 -0.469618 0.431369
v -0.757419 -0.458754 0.409058
v -0.788039 -0.478845 0.380212
v -0.798503 -0.511203 0.382243
v -0.804572 -0.540836 0.383419
v 0.778080 -0.465437 0.171322
v 0.774170 -0.437364 0.172282
v 0.769406 -0.404205 0.175805
v 0.783546 -0.377445 0.235409
v 0.789632 -0.399061 0.288764
v 0.786808 -0.422591 0.337765
v -0.786808 -0.422591 0.337765
v -0.789632 -0.399061 0.288764
v -0.783546 -0.377445 0.235409
v -0.769406 -0.404205 0.175805
v -0.774170 -0.437364 0.172282
v -0.778080 -0.465437 0.171322
v 0.621168 -0.495260 -0.007107
v 0.619141 -0.464627 -0.005371
v 0.619066 -0.426832 -0.001926
v 0.668033 -0.367262 0.038815
v 0.708144 -0.359158 0.082275
v 0.742110 -0.356588 0.130008
v -0.742110 -0.356588 0.130008
v -0.708143 -0.359158 0.082275
v -0.668033 -0.367262 0.038815
v -0.619066 -0.426832 -0.001926
v -0.619141 -0.464627 -0.005371
v -0.621168 -0.495260 -0.007107
v 0.426222 -0.524622 -0.112431
v 0.426048 -0.500414 -0.111362
v 0.421919 -0.474684 -0.110674
v 0.474408 -0.419510 -0.089702
v 0.528040 -0.403472 -0.062711
v 0.577405 -0.390135 -0.033263
v -0.577405 -0.390135 -0.033263
v -0.528040 -0.403472 -0.062711
v -0.474408 -0.419510 -0.089702
v -0.421919 -0.474684 -0.110674
v -0.426048 -0.500414 -0.111362
v -0.426222 -0.524622 -0.112431
v 0.101166 -0.338932 -0.564294
v 0.067952 -0.332275 -0.573107
v 0.034129 -0.327939 -0.579275
v -0.000000 -0.315342 -0.544508
v 0.000000 -0.301812 -0.514703
v -0.000000 -0.285923 -0.491326
v 0.043640 -0.267470 -0.469862
v 0.085449 -0.268446 -0.460178
v 0.123596 -0.273655 -0.446425
v 0.149424 -0.304013 -0.452627
v 0.142660 -0.320882 -0.480496
v 0.136993 -0.335676 -0.514265
v -0.136993 -0.335676 -0.514265
v -0.142660 -0.320882 -0.480496
v -0.149424 -0.304013 -0.452627
v -0.123596 -0.273655 -0.446425
v -0.085449 -0.268446 -0.460178
v -0.043640 -0.267470 -0.469862
v -0.034129 -0.327939 -0.579274
v -0.067952 -0.332275 -0.573107
v -0.101166 -0.338932 -0.564294
v 0.106812 -0.372501 -0.762712
v 0.071072 -0.369059 -0.771674
v 0.035495 -0.366472 -0.777991
v 0.000000 -0.352756 -0.728448
v 0.000000 -0.343316 -0.676107
v 0.000000 -0.335178 -0.626207
v 0.132816 -0.355699 -0.599555
v 0.134630 -0.361925 -0.649143
v 0.138194 -0.368069 -0.700765
v -0.138194 -0.368069 -0.700765
v -0.134630 -0.361925 -0.649143
v -0.132816 -0.355699 -0.599555
v -0.035495 -0.366472 -0.777991
v -0.071072 -0.369059 -0.771674
v -0.106812 -0.372501 -0.762712
v 0.121796 -0.448222 -0.925527
v 0.081299 -0.452203 -0.932265
v 0.040680 -0.454800 -0.937008
v -0.000000 -0.429050 -0.910204
v -0.000000 -0.404405 -0.873101
v -0.000000 -0.382853 -0.829244
v 0.147797 -0.387570 -0.801968
v 0.152859 -0.402696 -0.847439
v 0.157718 -0.421282 -0.886726
v -0.157718 -0.421282 -0.886726
v -0.152859 -0.402696 -0.847439
v -0.147797 -0.387570 -0.801968
v -0.040680 -0.454800 -0.937008
v -0.081299 -0.452203 -0.932265
v -0.121796 -0.448222 -0.925527
v 0.165748 -0.467899 -0.939063
v 0.168267 -0.494385 -0.951687
v 0.169281 -0.521237 -0.957272
v 0.000000 -0.537577 -0.971822
v 0.000000 -0.511014 -0.968153
v -0.000000 -0.483392 -0.957730
v -0.169281 -0.521237 -0.957272
v -0.168267 -0.494385 -0.951687
v -0.165748 -0.467899 -0.939063
v 0.290655 -0.447550 -0.897065
v 0.297704 -0.469745 -0.910123
v 0.298830 -0.497174 -0.919755
v 0.201564 -0.437567 -0.909683
v 0.237021 -0.433368 -0.901212
v 0.264981 -0.432312 -0.892392
v -0.264981 -0.432312 -0.892392
v -0.237021 -0.433368 -0.901212
v -0.201564 -0.437567 -0.909683
v -0.298830 -0.497174 -0.919755
v -0.297704 -0.469745 -0.910123
v -0.290655 -0.447550 -0.897065
v 0.300381 -0.433980 -0.762580
v 0.318414 -0.464030 -0.788249
v 0.328715 -0.497742 -0.813673
v 0.285269 -0.425715 -0.864366
v 0.285877 -0.417661 -0.831089
v 0.282276 -0.412559 -0.789664
v -0.282276 -0.412559 -0.789664
v -0.285877 -0.417661 -0.831089
v -0.285269 -0.425715 -0.864366
v -0.328715 -0.497742 -0.813673
v -0.318414 -0.464030 -0.788249
v -0.300381 -0.433980 -0.762580
v 0.275187 -0.443468 -0.568949
v 0.296224 -0.479438 -0.598470
v 0.310425 -0.517768 -0.629211
v 0.269043 -0.409705 -0.694031
v 0.262044 -0.410455 -0.644152
v 0.255534 -0.411652 -0.594679
v -0.255534 -0.411652 -0.594679
v -0.262044 -0.410455 -0.644152
v -0.269043 -0.409705 -0.694031
v -0.310425 -0.517768 -0.629211
v -0.296224 -0.479438 -0.598470
v -0.275187 -0.443468 -0.568949
v 0.246799 -0.394304 -0.734473
v 0.213976 -0.384901 -0.735270
v 0.178874 -0.379608 -0.742293
v 0.164581 -0.357673 -0.543915
v 0.194417 -0.370877 -0.537028
v 0.222911 -0.388638 -0.536855
v -0.222911 -0.388638 -0.536855
v -0.194417 -0.370877 -0.537028
v -0.164581 -0.357673 -0.543915
v -0.178874 -0.379608 -0.742293
v -0.213976 -0.384901 -0.735270
v -0.246799 -0.394304 -0.734473
v 0.182234 -0.307607 -0.414625
v 0.202989 -0.336941 -0.401096
v 0.220612 -0.371687 -0.392531
v 0.239838 -0.410712 -0.423523
v 0.242540 -0.411838 -0.460558
v 0.245772 -0.412557 -0.501906
v -0.245772 -0.412557 -0.501906
v -0.242540 -0.411838 -0.460558
v -0.239838 -0.410712 -0.423523
v -0.220612 -0.371687 -0.392531
v -0.202989 -0.336941 -0.401096
v -0.182234 -0.307607 -0.414625
v 0.253994 -0.448361 -0.399468
v 0.268880 -0.487440 -0.413628
v 0.278883 -0.526235 -0.430067
v -0.278883 -0.526235 -0.430067
v -0.268880 -0.487440 -0.413629
v -0.253994 -0.448361 -0.399468
v 0.243920 -0.527641 -0.310448
v 0.241671 -0.492069 -0.302922
v 0.239753 -0.451832 -0.294701
v 0.250716 -0.422247 -0.259492
v 0.252513 -0.441998 -0.240557
v 0.251151 -0.459284 -0.225267
v 0.231544 -0.492486 -0.226359
v 0.224564 -0.514251 -0.235623
v 0.221423 -0.539813 -0.240899
v -0.221423 -0.539813 -0.240899
v -0.224564 -0.514251 -0.235623
v -0.231544 -0.492486 -0.226359
v -0.251151 -0.459284 -0.225267
v -0.252513 -0.441998 -0.240557
v -0.250716 -0.422247 -0.259492
v -0.239753 -0.451832 -0.294701
v -0.241671 -0.492069 -0.302922
v -0.243920 -0.527641 -0.310448
v 0.234486 -0.408356 -0.364602
v 0.232932 -0.406656 -0.340750
v 0.234406 -0.403445 -0.316974
v -0.234406 -0.403445 -0.316974
v -0.232932 -0.406656 -0.340750
v -0.234486 -0.408356 -0.364602
v 0.252146 -0.511635 -0.174827
v 0.246408 -0.527377 -0.177480
v 0.241515 -0.550101 -0.177852
v 0.242239 -0.485070 -0.201184
v 0.241118 -0.493333 -0.190473
v 0.247939 -0.499117 -0.179940
v -0.247939 -0.499117 -0.179940
v -0.241118 -0.493333 -0.190473
v -0.242239 -0.485070 -0.201184
v -0.241515 -0.550101 -0.177852
v -0.246408 -0.527377 -0.177480
v -0.252146 -0.511635 -0.174827
v 0.279006 -0.497949 -0.162037
v 0.313356 -0.489019 -0.148515
v 0.356000 -0.473372 -0.134476
v -0.356000 -0.473372 -0.134476
v -0.313357 -0.489019 -0.148515
v -0.279006 -0.497949 -0.162037
v 0.000000 0.652588 -0.113363
v 0.000000 0.694770 -0.051541
v -0.000000 0.728326 0.018907
v 0.088930 0.745126 0.098931
v 0.174335 0.722729 0.095486
v 0.252686 0.692627 0.090739
v 0.308802 0.640765 0.019457
v 0.302626 0.614149 -0.036296
v 0.300827 0.578672 -0.084317
v 0.236206 0.554132 -0.146132
v 0.162941 0.576353 -0.158746
v 0.083112 0.593963 -0.166314
v -0.083112 0.593963 -0.166314
v -0.162941 0.576353 -0.158746
v -0.236206 0.554131 -0.146132
v -0.300827 0.578672 -0.084317
v -0.302626 0.614149 -0.036296
v -0.308802 0.640765 0.019457
v -0.252686 0.692627 0.090739
v -0.174334 0.722729 0.095486
v -0.088930 0.745126 0.098931
v -0.000000 0.384759 -0.307142
v -0.000000 0.467828 -0.266059
v -0.000000 0.539747 -0.219767
v 0.295417 0.476817 -0.171939
v 0.287996 0.409984 -0.213840
v 0.277997 0.333129 -0.252282
v 0.207520 0.261091 -0.309031
v 0.142144 0.275092 -0.327013
v 0.072211 0.285716 -0.338443
v -0.072211 0.285716 -0.338443
v -0.142144 0.275092 -0.327013
v -0.207520 0.261091 -0.309031
v -0.277997 0.333129 -0.252282
v -0.287996 0.409984 -0.213840
v -0.295417 0.476817 -0.171939
v 0.000000 -0.025804 -0.413859
v 0.000000 0.076009 -0.395182
v 0.000000 0.184414 -0.371623
v 0.252827 0.152011 -0.311765
v 0.238980 0.052839 -0.332279
v 0.225272 -0.046689 -0.348183
v 0.160323 -0.124929 -0.391666
v 0.108573 -0.114971 -0.411733
v 0.054831 -0.111811 -0.424107
v -0.054831 -0.111811 -0.424107
v -0.108573 -0.114971 -0.411733
v -0.160323 -0.124929 -0.391666
v -0.225272 -0.046689 -0.348182
v -0.238980 0.052839 -0.332279
v -0.252827 0.152011 -0.311765
v -0.000000 -0.246555 -0.460246
v 0.000000 -0.217339 -0.449653
v -0.000000 -0.174289 -0.439711
v 0.184830 -0.208273 -0.384239
v 0.171163 -0.242788 -0.399404
v 0.162753 -0.266907 -0.413682
v -0.162753 -0.266907 -0.413682
v -0.171163 -0.242788 -0.399404
v -0.184830 -0.208273 -0.384239
v 0.227543 -0.224302 -0.342259
v 0.234653 -0.283142 -0.324261
v 0.240328 -0.337480 -0.305080
v -0.240328 -0.337480 -0.305080
v -0.234653 -0.283142 -0.324261
v -0.227543 -0.224302 -0.342259
v 0.792575 -0.188185 0.210110
v 0.781359 -0.249240 0.198242
v 0.772258 -0.309157 0.188816
v 0.635634 -0.316511 -0.001314
v 0.652072 -0.244161 -0.006337
v 0.669965 -0.164570 -0.014104
v 0.735246 -0.091063 0.040551
v 0.768825 -0.099752 0.102902
v 0.791985 -0.111149 0.164990
v -0.791985 -0.111149 0.164990
v -0.768825 -0.099752 0.102902
v -0.735246 -0.091063 0.040551
v -0.669965 -0.164570 -0.014104
v -0.652072 -0.244161 -0.006337
v -0.635634 -0.316511 -0.001314
v -0.772258 -0.309157 0.188816
v -0.781359 -0.249240 0.198242
v -0.792576 -0.188185 0.210110
v -0.000000 0.771478 0.193637
v 0.000000 0.778266 0.295519
v 0.000000 0.770813 0.401225
v 0.108975 0.737030 0.500807
v 0.213596 0.715034 0.486708
v 0.309509 0.685510 0.466343
v 0.376528 0.676248 0.344537
v 0.357169 0.681957 0.250543
v 0.337429 0.675446 0.163222
v -0.337429 0.675446 0.163222
v -0.357169 0.681957 0.250543
v -0.376528 0.676248 0.344537
v -0.309509 0.685510 0.466343
v -0.213596 0.715034 0.486708
v -0.108975 0.737030 0.500807
v -0.000000 -0.005880 0.933322
v 0.000000 -0.094238 0.916016
v 0.000000 -0.177470 0.886013
v 0.112905 -0.251573 0.839013
v 0.221598 -0.240777 0.830051
v 0.321869 -0.222982 0.815189
v 0.409129 -0.130578 0.835883
v 0.408936 -0.058187 0.863770
v 0.408864 0.017744 0.879693
v 0.321167 0.087697 0.909482
v 0.221029 0.085422 0.926297
v 0.112590 0.086280 0.936073
v -0.112590 0.086280 0.936073
v -0.221029 0.085422 0.926297
v -0.321167 0.087697 0.909482
v -0.408864 0.017744 0.879693
v -0.408936 -0.058187 0.863770
v -0.409129 -0.130578 0.835883
v -0.321869 -0.222982 0.815189
v -0.221598 -0.240777 0.830051
v -0.112905 -0.251573 0.839013
v -0.000000 0.380697 0.886807
v -0.000000 0.283095 0.917698
v -0.000000 0.184353 0.934509
v 0.408858 0.175930 0.881080
v 0.408881 0.256131 0.865099
v 0.408946 0.335761 0.834266
v 0.321686 0.429806 0.809815
v 0.221544 0.449897 0.826714
v 0.112898 0.467099 0.836616
v -0.112898 0.467099 0.836616
v -0.221544 0.449897 0.826715
v -0.321686 0.429806 0.809815
v -0.408946 0.335761 0.834266
v -0.408881 0.256131 0.865099
v -0.408858 0.175930 0.881080
v 0.000000 0.700528 0.605652
v -0.000000 0.637858 0.696560
v 0.000000 0.561273 0.775669
v 0.408993 0.488831 0.717482
v 0.407308 0.556858 0.633952
v 0.402327 0.613492 0.540412
v -0.402327 0.613492 0.540412
v -0.407308 0.556858 0.633952
v -0.408993 0.488831 0.717482
v 0.635868 -0.357985 0.476166
v 0.644233 -0.404460 0.465468
v 0.654104 -0.448249 0.463518
v 0.764265 -0.405314 0.379120
v 0.754801 -0.364366 0.383274
v 0.748634 -0.321140 0.393002
v 0.721517 -0.292121 0.438646
v 0.694119 -0.298231 0.461317
v 0.663954 -0.301493 0.480652
v -0.663954 -0.301493 0.480652
v -0.694119 -0.298231 0.461317
v -0.721517 -0.292121 0.438646
v -0.748634 -0.321140 0.393002
v -0.754802 -0.364366 0.383274
v -0.764265 -0.405314 0.379120
v -0.654104 -0.448249 0.463518
v -0.644233 -0.404460 0.465468
v -0.635868 -0.357985 0.476166
v 0.630575 -0.148200 0.629595
v 0.628581 -0.204156 0.581950
v 0.628052 -0.257751 0.536136
v 0.750404 -0.229384 0.435594
v 0.757243 -0.181098 0.466200
v 0.765181 -0.131022 0.497864
v 0.743012 -0.085938 0.568485
v 0.709771 -0.085069 0.605387
v 0.672828 -0.083876 0.639238
v -0.672828 -0.083876 0.639238
v -0.709771 -0.085069 0.605387
v -0.743011 -0.085938 0.568485
v -0.765181 -0.131022 0.497864
v -0.757243 -0.181098 0.466200
v -0.750404 -0.229384 0.435594
v -0.628052 -0.257751 0.536136
v -0.628581 -0.204156 0.581950
v -0.630575 -0.148200 0.629595
v 0.635376 0.097198 0.735263
v 0.635091 0.033393 0.724501
v 0.634318 -0.029151 0.703810
v 0.775682 -0.024929 0.548598
v 0.776801 0.030924 0.563477
v 0.776130 0.088243 0.571031
v 0.748301 0.148644 0.618941
v 0.715305 0.155735 0.660617
v 0.677141 0.162052 0.699080
v -0.677141 0.162052 0.699080
v -0.715305 0.155735 0.660617
v -0.748301 0.148644 0.618941
v -0.776130 0.088243 0.571031
v -0.776801 0.030924 0.563477
v -0.775682 -0.024929 0.548598
v -0.634318 -0.029151 0.703810
v -0.635091 0.033393 0.724501
v -0.635376 0.097198 0.735263
v 0.634135 0.348840 0.684981
v 0.635037 0.288981 0.714220
v 0.635369 0.226071 0.730805
v 0.772403 0.205380 0.564162
v 0.768467 0.260986 0.551491
v 0.761555 0.309350 0.535383
v 0.737275 0.358191 0.542497
v 0.709331 0.377374 0.571782
v 0.673329 0.393702 0.604676
v -0.673329 0.393702 0.604676
v -0.709331 0.377374 0.571782
v -0.737275 0.358191 0.542497
v -0.761555 0.309350 0.535383
v -0.768467 0.260986 0.551491
v -0.772403 0.205380 0.564162
v -0.635369 0.226071 0.730805
v -0.635037 0.288981 0.714220
v -0.634135 0.348840 0.684981
v 0.758215 0.357795 0.482708
v 0.760505 0.377108 0.426538
v 0.759591 0.395041 0.362796
v 0.715492 0.452209 0.292604
v 0.676744 0.487514 0.304273
v 0.637714 0.519442 0.321441
v 0.613732 0.526791 0.425842
v 0.623562 0.494548 0.506673
v 0.629283 0.453149 0.579936
v -0.629283 0.453149 0.579936
v -0.623562 0.494548 0.506673
v -0.613732 0.526791 0.425842
v -0.637714 0.519442 0.321441
v -0.676744 0.487514 0.304273
v -0.715492 0.452209 0.292604
v -0.759591 0.395041 0.362796
v -0.760505 0.377108 0.426538
v -0.758215 0.357795 0.482708
v 0.557919 0.574768 0.365980
v 0.512994 0.600043 0.391059
v 0.459239 0.625970 0.416789
v 0.480798 0.407040 0.754211
v 0.539361 0.406440 0.717828
v 0.588606 0.407101 0.679084
v -0.588606 0.407101 0.679084
v -0.539361 0.406440 0.717828
v -0.480798 0.407040 0.754211
v -0.459239 0.625970 0.416789
v -0.512994 0.600043 0.391059
v -0.557919 0.574768 0.365980
v 0.481242 0.112359 0.853529
v 0.540690 0.132324 0.816569
v 0.590861 0.150581 0.776923
v -0.590861 0.150581 0.776923
v -0.540690 0.132324 0.816569
v -0.481242 0.112359 0.853529
v 0.481598 -0.167908 0.768283
v 0.540446 -0.136122 0.738010
v 0.589651 -0.108324 0.705377
v -0.589651 -0.108324 0.705377
v -0.540446 -0.136122 0.738010
v -0.481598 -0.167908 0.768283
v 0.410204 -0.260610 0.739749
v 0.411675 -0.317193 0.678684
v 0.414449 -0.368120 0.620019
v 0.489187 -0.381690 0.556688
v 0.545709 -0.351535 0.538249
v 0.591692 -0.326223 0.518589
v -0.591692 -0.326223 0.518589
v -0.545709 -0.351535 0.538249
v -0.489187 -0.381690 0.556688
v -0.414449 -0.368120 0.620019
v -0.411675 -0.317193 0.678684
v -0.410204 -0.260610 0.739749
v 0.425730 -0.453331 0.542943
v 0.433566 -0.489118 0.530826
v 0.441160 -0.522527 0.533988
v -0.441160 -0.522527 0.533988
v -0.433566 -0.489118 0.530826
v -0.425730 -0.453331 0.542943
v -0.000000 -0.327420 0.783931
v 0.000000 -0.395399 0.716542
v -0.000000 -0.461078 0.645245
v 0.127412 -0.501322 0.586882
v 0.235130 -0.473158 0.589742
v 0.333421 -0.444012 0.584121
v -0.333421 -0.444012 0.584121
v -0.235130 -0.473158 0.589742
v -0.127412 -0.501322 0.586882
v 0.361492 -0.563637 0.550154
v 0.282537 -0.575229 0.539374
v 0.206654 -0.591602 0.523884
v -0.206654 -0.591602 0.523884
v -0.282537 -0.575229 0.539374
v -0.361492 -0.563637 0.550154
v 0.074683 -0.558160 0.533066
v 0.108633 -0.575030 0.512475
v 0.126805 -0.591919 0.500553
v -0.126805 -0.591919 0.500553
v -0.108633 -0.575030 0.512475
v -0.074683 -0.558160 0.533066
v -0.000000 -0.572156 0.516689
v -0.000000 -0.590088 0.486417
v -0.000000 -0.605282 0.463449
v 0.801955 -0.165171 0.280335
v 0.789985 -0.205756 0.330349
v 0.770610 -0.245405 0.373935
v -0.770610 -0.245405 0.373935
v -0.789985 -0.205756 0.330349
v -0.801955 -0.165171 0.280334
v 0.811787 -0.083892 0.242376
v 0.817860 -0.041852 0.261058
v 0.822200 -0.000676 0.278652
v 0.824795 0.008408 0.363558
v 0.813818 -0.028153 0.423303
v 0.795812 -0.058803 0.477853
v -0.795812 -0.058803 0.477853
v -0.813818 -0.028153 0.423303
v -0.824795 0.008408 0.363558
v -0.822200 -0.000676 0.278652
v -0.817860 -0.041852 0.261058
v -0.811787 -0.083892 0.242376
v 0.829266 0.084665 0.331024
v 0.828772 0.119958 0.349030
v 0.827194 0.158663 0.356753
v 0.815509 0.187435 0.403005
v 0.805806 0.169039 0.457859
v 0.793061 0.154214 0.515959
v -0.793061 0.154214 0.515959
v -0.805806 0.169039 0.457859
v -0.815509 0.187435 0.403005
v -0.827194 0.158663 0.356753
v -0.828772 0.119958 0.349030
v -0.829266 0.084665 0.331024
v 0.817874 0.255178 0.361827
v 0.806308 0.305045 0.352328
v 0.788907 0.355686 0.330619
v -0.788906 0.355686 0.330619
v -0.806308 0.305045 0.352328
v -0.817874 0.255178 0.361828
v 0.351228 -0.137668 -0.233785
v 0.307366 -0.129492 -0.276005
v 0.263503 -0.133774 -0.317051
v 0.316362 0.234453 -0.257178
v 0.360541 0.224094 -0.226644
v 0.401588 0.214915 -0.196231
v 0.436185 0.121935 -0.184526
v 0.430293 0.034945 -0.190620
v 0.422070 -0.055991 -0.189768
v -0.422070 -0.055991 -0.189768
v -0.430293 0.034945 -0.190620
v -0.436185 0.121935 -0.184526
v -0.401588 0.214915 -0.196231
v -0.360541 0.224094 -0.226644
v -0.316362 0.234453 -0.257178
v -0.263503 -0.133774 -0.317051
v -0.307366 -0.129492 -0.276005
v -0.351228 -0.137668 -0.233785
v 0.624523 0.111589 -0.097214
v 0.637655 0.054912 -0.084141
v 0.658460 -0.004593 -0.062146
v 0.617236 -0.097463 -0.071597
v 0.550699 -0.115755 -0.107208
v 0.481962 -0.134933 -0.142288
v 0.485531 0.197255 -0.145171
v 0.530138 0.188287 -0.126753
v 0.575426 0.179449 -0.112852
v -0.575426 0.179449 -0.112852
v -0.530138 0.188287 -0.126753
v -0.485531 0.197255 -0.145171
v -0.481962 -0.134933 -0.142288
v -0.550699 -0.115755 -0.107208
v -0.617236 -0.097463 -0.071597
v -0.658460 -0.004593 -0.062146
v -0.637655 0.054912 -0.084141
v -0.624523 0.111589 -0.097214
v 0.421780 -0.380873 -0.124526
v 0.424266 -0.316964 -0.138150
v 0.419906 -0.246609 -0.157326
v -0.419906 -0.246609 -0.157326
v -0.424266 -0.316964 -0.138150
v -0.421780 -0.380873 -0.124526
v 0.355808 -0.439436 -0.146169
v 0.312364 -0.445935 -0.171068
v 0.275071 -0.457905 -0.193632
v 0.271171 -0.348008 -0.259438
v 0.306987 -0.298853 -0.234928
v 0.349537 -0.240473 -0.211575
v -0.349537 -0.240473 -0.211575
v -0.306987 -0.298853 -0.234928
v -0.271171 -0.348008 -0.259438
v -0.275071 -0.457905 -0.193632
v -0.312364 -0.445935 -0.171068
v -0.355808 -0.439436 -0.146169
v 0.728718 0.431228 0.211411
v 0.701375 0.432962 0.139193
v 0.675407 0.419619 0.071178
v 0.614396 0.416459 0.019935
v 0.574620 0.443816 0.025146
v 0.532235 0.473998 0.025891
v 0.518612 0.542077 0.103577
v 0.549279 0.556103 0.181247
v 0.576371 0.558167 0.260652
v -0.576371 0.558167 0.260652
v -0.549279 0.556103 0.181247
v -0.518612 0.542077 0.103577
v -0.532235 0.473998 0.025891
v -0.574620 0.443816 0.025146
v -0.614396 0.416459 0.019935
v -0.675407 0.419619 0.071178
v -0.701375 0.432962 0.139193
v -0.728718 0.431228 0.211411
v 0.451373 0.564475 0.051032
v 0.417832 0.600803 0.069567
v 0.375082 0.631162 0.079687
v -0.375082 0.631162 0.079686
v -0.417832 0.600803 0.069567
v -0.451373 0.564475 0.051032
v 0.634549 0.348404 -0.036808
v 0.622559 0.294881 -0.072351
v 0.617964 0.235239 -0.095088
v 0.451052 0.287792 -0.139998
v 0.461334 0.365700 -0.100016
v 0.472121 0.438766 -0.049321
v -0.472121 0.438766 -0.049321
v -0.461334 0.365700 -0.100016
v -0.451052 0.287792 -0.139998
v -0.617964 0.235239 -0.095088
v -0.622559 0.294881 -0.072351
v -0.634549 0.348404 -0.036808
v 0.351192 0.518215 -0.105394
v 0.394028 0.510376 -0.075033
v 0.433340 0.509007 -0.035340
v -0.433340 0.509007 -0.035340
v -0.394028 0.510376 -0.075033
v -0.351192 0.518215 -0.105394
v 1.031579 0.306803 0.423350
v 1.032634 0.310710 0.437256
v 1.033810 0.321696 0.447866
v 0.994717 0.318607 0.440840
v 0.959147 0.298692 0.425971
v 0.927728 0.281504 0.409434
v 0.906538 0.249946 0.387207
v 0.912679 0.240560 0.379015
v 0.918698 0.238498 0.368056
v 0.946927 0.255076 0.370565
v 0.971517 0.270643 0.384440
v 0.999281 0.288856 0.396851
v -0.999281 0.288856 0.396851
v -0.971517 0.270643 0.384440
v -0.946927 0.255076 0.370565
v -0.918698 0.238498 0.368056
v -0.912679 0.240560 0.379015
v -0.906538 0.249946 0.387207
v -0.927728 0.281504 0.409434
v -0.959147 0.298692 0.425971
v -0.994717 0.318607 0.440840
v -1.033810 0.321696 0.447866
v -1.032634 0.310710 0.437256
v -1.031579 0.306803 0.423350
v 1.170831 0.405070 0.467356
v 1.125217 0.385579 0.469537
v 1.078952 0.363403 0.464108
v 1.067010 0.331123 0.415975
v 1.105143 0.352919 0.420247
v 1.142789 0.372843 0.418172
v 1.185794 0.388794 0.423672
v 1.195285 0.393609 0.437880
v 1.204736 0.403876 0.448751
v -1.204736 0.403876 0.448751
v -1.195285 0.393609 0.437880
v -1.185795 0.388794 0.423672
v -1.142788 0.372843 0.418172
v -1.105143 0.352919 0.420247
v -1.067010 0.331123 0.415975
v -1.078952 0.363403 0.464108
v -1.125217 0.385579 0.469537
v -1.170831 0.405070 0.467356
v 1.299564 0.434418 0.350033
v 1.278836 0.433024 0.394504
v 1.249603 0.428823 0.430145
v 1.206357 0.400414 0.386841
v 1.228923 0.407471 0.357096
v 1.244287 0.411475 0.320028
v 1.266022 0.412923 0.285126
v 1.281711 0.416124 0.291748
v 1.297116 0.423394 0.296539
v -1.297116 0.423394 0.296539
v -1.281711 0.416124 0.291748
v -1.266022 0.412923 0.285126
v -1.244287 0.411475 0.320028
v -1.228923 0.407471 0.357096
v -1.206357 0.400414 0.386841
v -1.249603 0.428823 0.430145
v -1.278836 0.433024 0.394504
v -1.299564 0.434418 0.350033
v 1.278473 0.433004 0.128967
v 1.300049 0.435710 0.185547
v 1.310760 0.435730 0.243103
v 1.250702 0.414700 0.230869
v 1.241184 0.413737 0.182888
v 1.223324 0.409356 0.135803
v 1.208649 0.399658 0.087860
v 1.221436 0.403537 0.083523
v 1.234345 0.412137 0.079471
v -1.234345 0.412137 0.079471
v -1.221436 0.403537 0.083523
v -1.208649 0.399658 0.087860
v -1.223324 0.409356 0.135803
v -1.241184 0.413737 0.182888
v -1.250702 0.414700 0.230869
v -1.310761 0.435730 0.243103
v -1.300049 0.435710 0.185547
v -1.278473 0.433004 0.128967
v 1.095459 0.367035 -0.043793
v 1.152344 0.392931 -0.010498
v 1.203369 0.412520 0.029510
v 1.163408 0.385095 0.053514
v 1.123183 0.364176 0.020671
v 1.078278 0.337765 -0.006558
v 1.030579 0.303480 -0.040344
v 1.031630 0.306695 -0.052355
v 1.033251 0.316827 -0.062819
v -1.033251 0.316827 -0.062819
v -1.031630 0.306695 -0.052355
v -1.030579 0.303480 -0.040344
v -1.078278 0.337765 -0.006558
v -1.123183 0.364176 0.020671
v -1.163408 0.385095 0.053514
v -1.203369 0.412520 0.029510
v -1.152344 0.392931 -0.010498
v -1.095459 0.367035 -0.043793
v 0.854584 0.224684 -0.111267
v 0.913005 0.258789 -0.103570
v 0.973745 0.297289 -0.090095
v 0.981194 0.270555 -0.044383
v 0.932455 0.234701 -0.055366
v 0.885912 0.203240 -0.061506
v 0.829763 0.173265 -0.078040
v 0.817247 0.172635 -0.092909
v 0.806970 0.180956 -0.105540
v -0.806970 0.180956 -0.105540
v -0.817247 0.172635 -0.092909
v -0.829763 0.173265 -0.078040
v -0.885912 0.203240 -0.061506
v -0.932454 0.234701 -0.055366
v -0.981194 0.270555 -0.044383
v -0.973745 0.297289 -0.090095
v -0.913005 0.258789 -0.103570
v -0.854584 0.224684 -0.111267
v 1.031226 0.313829 -0.017185
v 1.032905 0.325033 -0.007704
v 1.035112 0.338433 -0.000014
v 0.997311 0.321150 -0.007148
v 0.958035 0.289307 -0.015951
v 0.921241 0.261736 -0.021335
v 0.880120 0.225908 -0.030467
v 0.869303 0.208740 -0.039198
v 0.856778 0.193159 -0.050086
v -0.856778 0.193159 -0.050086
v -0.869303 0.208740 -0.039198
v -0.880120 0.225908 -0.030467
v -0.921241 0.261736 -0.021335
v -0.958035 0.289307 -0.015951
v -0.997311 0.321150 -0.007148
v -1.035112 0.338433 -0.000014
v -1.032905 0.325033 -0.007704
v -1.031226 0.313829 -0.017185
v 1.188348 0.404643 0.095578
v 1.182075 0.412164 0.098389
v 1.178406 0.421719 0.100345
v 1.148627 0.419756 0.070797
v 1.114746 0.402317 0.044623
v 1.077203 0.379954 0.022885
v -1.077203 0.379954 0.022885
v -1.114746 0.402317 0.044623
v -1.148627 0.419756 0.070797
v -1.178406 0.421719 0.100345
v -1.182075 0.412164 0.098389
v -1.188348 0.404643 0.095578
v 1.240262 0.417962 0.269053
v 1.231879 0.425184 0.260824
v 1.226590 0.434441 0.253204
v 1.223107 0.445353 0.210476
v 1.214763 0.444119 0.172906
v 1.199460 0.440118 0.135905
v -1.199460 0.440118 0.135905
v -1.214762 0.444119 0.172906
v -1.223107 0.445353 0.210476
v -1.226590 0.434442 0.253204
v -1.231879 0.425185 0.260824
v -1.240262 0.417962 0.269053
v 1.170665 0.394070 0.390873
v 1.166043 0.402615 0.374702
v 1.163415 0.413520 0.360036
v 1.187344 0.434716 0.331767
v 1.206109 0.440348 0.308702
v 1.218608 0.443417 0.279941
v -1.218608 0.443417 0.279941
v -1.206109 0.440348 0.308702
v -1.187344 0.434716 0.331767
v -1.163415 0.413520 0.360036
v -1.166043 0.402615 0.374702
v -1.170665 0.394070 0.390873
v 1.031301 0.317156 0.391191
v 1.032362 0.329074 0.375298
v 1.034115 0.343394 0.360830
v 1.067546 0.377499 0.355014
v 1.100586 0.395861 0.358073
v 1.133138 0.412309 0.356249
v -1.133138 0.412309 0.356249
v -1.100586 0.395861 0.358073
v -1.067546 0.377499 0.355014
v -1.034115 0.343394 0.360830
v -1.032362 0.329074 0.375298
v -1.031301 0.317156 0.391191
v 0.930712 0.251736 0.342333
v 0.936523 0.264431 0.329481
v 0.941847 0.279243 0.317688
v 0.964956 0.307543 0.320085
v 0.985650 0.322862 0.331082
v 1.009233 0.340054 0.340654
v -1.009233 0.340054 0.340654
v -0.985650 0.322862 0.331082
v -0.964956 0.307543 0.320085
v -0.941847 0.279243 0.317688
v -0.936524 0.264431 0.329481
v -0.930712 0.251736 0.342333
v 0.740346 0.054010 0.030114
v 0.733787 0.022830 0.016047
v 0.718932 -0.015803 -0.001457
v 0.662207 0.144620 -0.088268
v 0.689592 0.140469 -0.070129
v 0.712219 0.147663 -0.050475
v 0.718704 0.141212 -0.023024
v 0.718188 0.118053 -0.012106
v 0.726515 0.097611 0.008081
v -0.726515 0.097611 0.008081
v -0.718188 0.118053 -0.012106
v -0.718704 0.141212 -0.023024
v -0.712219 0.147663 -0.050475
v -0.689592 0.140469 -0.070129
v -0.662207 0.144620 -0.088268
v -0.718932 -0.015803 -0.001457
v -0.733787 0.022830 0.016047
v -0.740346 0.054010 0.030114
v 0.666046 0.183739 -0.103120
v 0.706517 0.185872 -0.107399
v 0.750892 0.188958 -0.111746
v 0.806205 0.170241 -0.060636
v 0.775267 0.167971 -0.054265
v 0.750921 0.168590 -0.044243
v -0.750921 0.168590 -0.044243
v -0.775267 0.167971 -0.054265
v -0.806205 0.170241 -0.060636
v -0.750892 0.188958 -0.111746
v -0.706516 0.185872 -0.107399
v -0.666046 0.183739 -0.103120
v 0.763030 0.070345 0.088418
v 0.786348 0.062690 0.147524
v 0.808445 0.056426 0.214510
v -0.808445 0.056426 0.214510
v -0.786348 0.062690 0.147524
v -0.763030 0.070345 0.088418
v 0.876266 0.257560 0.373040
v 0.856045 0.247761 0.357476
v 0.839611 0.234074 0.349220
v 0.836825 0.198508 0.332031
v 0.843119 0.200343 0.314860
v 0.848391 0.207077 0.300547
v 0.868696 0.221748 0.305298
v 0.885444 0.226888 0.322591
v 0.904185 0.233493 0.339396
v -0.904185 0.233493 0.339396
v -0.885444 0.226888 0.322591
v -0.868696 0.221748 0.305298
v -0.848391 0.207077 0.300547
v -0.843119 0.200343 0.314860
v -0.836825 0.198508 0.332031
v -0.839611 0.234074 0.349221
v -0.856045 0.247761 0.357476
v -0.876266 0.257560 0.373040
v 0.860989 0.236410 -0.024068
v 0.839301 0.239041 -0.022190
v 0.823636 0.246718 -0.018439
v 0.799881 0.235997 -0.014661
v 0.781104 0.214796 -0.017350
v 0.759058 0.192265 -0.021710
v -0.759058 0.192265 -0.021710
v -0.781104 0.214796 -0.017350
v -0.799881 0.235997 -0.014661
v -0.823636 0.246718 -0.018439
v -0.839301 0.239041 -0.022190
v -0.860989 0.236410 -0.024068
v 0.810930 0.261159 -0.006087
v 0.811876 0.264730 0.002414
v 0.814816 0.266958 0.012583
v 0.800387 0.252933 0.027232
v 0.780430 0.235542 0.031715
v 0.761348 0.216757 0.039155
v 0.741691 0.186446 0.026307
v 0.738369 0.181629 0.007248
v 0.735877 0.175162 -0.009394
v -0.735877 0.175162 -0.009394
v -0.738369 0.181629 0.007248
v -0.741691 0.186446 0.026307
v -0.761348 0.216757 0.039155
v -0.780430 0.235542 0.031715
v -0.800387 0.252933 0.027232
v -0.814816 0.266958 0.012583
v -0.811876 0.264730 0.002414
v -0.810930 0.261159 -0.006087
v 0.801454 0.278403 0.073915
v 0.790377 0.274723 0.079754
v 0.781224 0.271821 0.087294
v 0.772572 0.254904 0.091528
v 0.766076 0.238019 0.082378
v 0.758231 0.218664 0.070633
v 0.818083 0.271364 0.037981
v 0.816527 0.274587 0.051298
v 0.813320 0.278386 0.062542
v -0.813320 0.278386 0.062542
v -0.816527 0.274587 0.051298
v -0.818083 0.271364 0.037981
v -0.758231 0.218664 0.070633
v -0.766076 0.238019 0.082378
v -0.772572 0.254904 0.091528
v -0.781224 0.271821 0.087294
v -0.790377 0.274723 0.079754
v -0.801454 0.278403 0.073915
v 0.782688 0.269162 0.113369
v 0.794271 0.269070 0.132107
v 0.809760 0.269263 0.152717
v 0.819767 0.254500 0.176890
v 0.812799 0.237874 0.181939
v 0.807254 0.218686 0.189389
v 0.788548 0.192149 0.166328
v 0.771546 0.189643 0.129289
v 0.756712 0.189508 0.091685
v -0.756713 0.189508 0.091685
v -0.771546 0.189643 0.129289
v -0.788548 0.192149 0.166328
v -0.807254 0.218686 0.189389
v -0.812798 0.237874 0.181939
v -0.819767 0.254500 0.176890
v -0.809760 0.269263 0.152717
v -0.794271 0.269070 0.132107
v -0.782688 0.269162 0.113369
v 0.877543 0.255893 0.254954
v 0.869629 0.242025 0.264621
v 0.861471 0.228889 0.275713
v 0.841800 0.211867 0.269908
v 0.830431 0.206434 0.250407
v 0.818614 0.201084 0.227610
v 0.841939 0.268958 0.193498
v 0.856391 0.268582 0.212267
v 0.870273 0.268734 0.230099
v -0.870273 0.268734 0.230099
v -0.856391 0.268582 0.212267
v -0.841939 0.268958 0.193498
v -0.818614 0.201084 0.227610
v -0.830431 0.206434 0.250407
v -0.841800 0.211867 0.269908
v -0.861471 0.228889 0.275713
v -0.869629 0.242025 0.264621
v -0.877543 0.255893 0.254954
v 0.898394 0.272793 0.263628
v 0.913384 0.277615 0.279324
v 0.929311 0.284797 0.294084
v -0.929311 0.284797 0.294084
v -0.913384 0.277615 0.279324
v -0.898394 0.272793 0.263628
v 0.819317 0.101089 0.257404
v 0.812340 0.138324 0.232860
v 0.806953 0.169621 0.214064
v -0.806953 0.169621 0.214064
v -0.812340 0.138324 0.232860
v -0.819317 0.101089 0.257404
v 0.741549 0.107842 0.048570
v 0.740802 0.134472 0.053018
v 0.741715 0.162259 0.054504
v -0.741715 0.162259 0.054504
v -0.740802 0.134472 0.053018
v -0.741549 0.107842 0.048570
v 0.958788 0.335568 0.287218
v 0.953885 0.323269 0.293620
v 0.950121 0.309547 0.300022
v 0.888692 0.283746 0.241448
v 0.892415 0.296875 0.236654
v 0.896871 0.309028 0.231371
v 0.917925 0.323829 0.239078
v 0.932916 0.329346 0.253391
v 0.948842 0.336694 0.266930
v -0.948842 0.336694 0.266930
v -0.932916 0.329346 0.253391
v -0.917925 0.323829 0.239078
v -0.896871 0.309028 0.231371
v -0.892415 0.296875 0.236654
v -0.888692 0.283746 0.241448
v -0.950121 0.309547 0.300022
v -0.953885 0.323269 0.293620
v -0.958788 0.335568 0.287218
v 0.831401 0.282891 0.171390
v 0.835558 0.295085 0.169189
v 0.840122 0.305569 0.165890
v 0.861654 0.314599 0.176934
v 0.875977 0.315565 0.193088
v 0.889811 0.317223 0.208835
v -0.889811 0.317223 0.208835
v -0.875977 0.315565 0.193088
v -0.861654 0.314599 0.176934
v -0.840122 0.305569 0.165890
v -0.835558 0.295085 0.169189
v -0.831401 0.282891 0.171390
v 0.781946 0.283512 0.102108
v 0.786380 0.295009 0.104518
v 0.792237 0.303754 0.106327
v 0.804017 0.310845 0.115643
v 0.815189 0.312547 0.128240
v 0.830129 0.313489 0.143682
v -0.830130 0.313489 0.143682
v -0.815189 0.312547 0.128240
v -0.804017 0.310845 0.115643
v -0.792237 0.303754 0.106327
v -0.786380 0.295009 0.104518
v -0.781946 0.283512 0.102108
v 0.813649 0.288178 0.071290
v 0.818263 0.296981 0.072932
v 0.823874 0.305962 0.074790
v 0.820340 0.313398 0.087477
v 0.809519 0.312520 0.095322
v 0.801745 0.310842 0.102358
v -0.801745 0.310842 0.102358
v -0.809519 0.312520 0.095322
v -0.820340 0.313398 0.087477
v -0.823874 0.305962 0.074790
v -0.818263 0.296981 0.072932
v -0.813649 0.288178 0.071290
v 0.829220 0.283118 0.022915
v 0.837267 0.295383 0.022569
v 0.844377 0.305410 0.023851
v 0.852902 0.313863 0.040192
v 0.848823 0.314182 0.053684
v 0.841610 0.314094 0.066647
v -0.841610 0.314094 0.066647
v -0.848823 0.314182 0.053684
v -0.852902 0.313863 0.040192
v -0.844377 0.305410 0.023851
v -0.837267 0.295383 0.022569
v -0.829220 0.283118 0.022915
v 0.823547 0.271539 -0.011853
v 0.829805 0.284293 -0.010515
v 0.835300 0.292981 -0.008486
v 0.841559 0.302704 -0.001888
v 0.845268 0.307812 0.005531
v 0.850016 0.311114 0.015374
v -0.850016 0.311114 0.015374
v -0.845268 0.307812 0.005531
v -0.841559 0.302704 -0.001888
v -0.835300 0.292981 -0.008486
v -0.829805 0.284293 -0.010515
v -0.823547 0.271539 -0.011853
v 0.893887 0.258870 -0.019118
v 0.897407 0.273221 -0.014811
v 0.900357 0.286268 -0.009284
v 0.879176 0.291669 -0.004173
v 0.859794 0.292010 -0.006147
v 0.846711 0.295049 -0.006684
v -0.846711 0.295048 -0.006684
v -0.859794 0.292010 -0.006147
v -0.879176 0.291669 -0.004173
v -0.900357 0.286268 -0.009284
v -0.897407 0.273221 -0.014811
v -0.893887 0.258870 -0.019118
v 1.046865 0.395555 0.325823
v 1.042761 0.385579 0.332420
v 1.039321 0.372918 0.339601
v 0.984420 0.357812 0.290986
v 1.004648 0.371338 0.301306
v 1.026964 0.386207 0.310459
v -1.026964 0.386207 0.310459
v -1.004648 0.371338 0.301306
v -0.984420 0.357812 0.290986
v -1.039321 0.372918 0.339601
v -1.042761 0.385579 0.332420
v -1.046865 0.395555 0.325823
v 1.163401 0.453122 0.325138
v 1.164614 0.447239 0.331715
v 1.163725 0.437409 0.338794
v 1.078880 0.417752 0.324852
v 1.106825 0.432292 0.327908
v 1.133676 0.444173 0.325720
v -1.133676 0.444173 0.325720
v -1.106825 0.432292 0.327908
v -1.078880 0.417752 0.324852
v -1.163725 0.437408 0.338794
v -1.164614 0.447239 0.331715
v -1.163401 0.453122 0.325138
v 1.221341 0.467950 0.234965
v 1.224827 0.463867 0.238064
v 1.224732 0.455390 0.241815
v 1.178803 0.459235 0.303246
v 1.195050 0.462945 0.283538
v 1.206022 0.464783 0.259448
v -1.206022 0.464783 0.259448
v -1.195050 0.462945 0.283538
v -1.178802 0.459235 0.303246
v -1.224732 0.455390 0.241815
v -1.224826 0.463867 0.238064
v -1.221341 0.467950 0.234965
v 1.175225 0.454905 0.105557
v 1.178548 0.450928 0.102431
v 1.178209 0.442678 0.101583
v 1.209184 0.464773 0.202230
v 1.200819 0.462864 0.171495
v 1.186066 0.458961 0.141168
v -1.186066 0.458961 0.141168
v -1.200819 0.462864 0.171495
v -1.209184 0.464773 0.202230
v -1.178209 0.442678 0.101583
v -1.178548 0.450928 0.102431
v -1.175225 0.454905 0.105557
v 1.040565 0.386614 0.019589
v 1.041097 0.378065 0.013319
v 1.039798 0.366302 0.009450
v 1.138492 0.442841 0.087056
v 1.107341 0.429606 0.064779
v 1.073137 0.412343 0.045919
v -1.073137 0.412343 0.045919
v -1.107341 0.429606 0.064779
v -1.138492 0.442841 0.087056
v -1.039798 0.366303 0.009450
v -1.041097 0.378065 0.013319
v -1.040565 0.386614 0.019589
v 1.001309 0.364766 0.018816
v 0.966309 0.338053 0.010064
v 0.933506 0.314514 0.003713
v -0.933506 0.314514 0.003713
v -0.966309 0.338053 0.010064
v -1.001309 0.364766 0.018816
v 0.873257 0.326986 0.103149
v 0.857313 0.323676 0.092556
v 0.843160 0.319553 0.084079
v 0.866133 0.317976 0.032650
v 0.882406 0.321696 0.040229
v 0.900998 0.325538 0.049557
v 0.917745 0.333377 0.075473
v 0.910916 0.333632 0.089355
v 0.901320 0.332381 0.102505
v -0.901320 0.332381 0.102505
v -0.910916 0.333632 0.089355
v -0.917745 0.333377 0.075473
v -0.900998 0.325538 0.049557
v -0.882406 0.321696 0.040229
v -0.866133 0.317976 0.032650
v -0.843160 0.319553 0.084079
v -0.857314 0.323676 0.092556
v -0.873257 0.326986 0.103149
v 0.938802 0.343875 0.158817
v 0.922906 0.338840 0.143636
v 0.906603 0.334252 0.129066
v 0.940827 0.338932 0.072276
v 0.960802 0.348769 0.085259
v 0.980574 0.359297 0.099179
v 0.989092 0.363305 0.132087
v 0.978163 0.358371 0.147352
v 0.966705 0.353885 0.160990
v -0.966705 0.353885 0.160990
v -0.978163 0.358371 0.147352
v -0.989092 0.363305 0.132087
v -0.980574 0.359297 0.099179
v -0.960802 0.348768 0.085259
v -0.940826 0.338932 0.072276
v -0.906603 0.334252 0.129066
v -0.922906 0.338840 0.143636
v -0.938802 0.343876 0.158817
v 0.998705 0.365655 0.218635
v 0.983833 0.360080 0.204536
v 0.969123 0.354587 0.189623
v 1.018938 0.378011 0.129357
v 1.037245 0.385200 0.145047
v 1.054779 0.391086 0.160533
v 1.052558 0.385563 0.190996
v 1.038032 0.379096 0.205160
v 1.025865 0.374868 0.218469
v -1.025865 0.374868 0.218469
v -1.038032 0.379096 0.205160
v -1.052558 0.385563 0.190996
v -1.054779 0.391086 0.160533
v -1.037245 0.385200 0.145047
v -1.018938 0.378011 0.129357
v -0.969123 0.354587 0.189623
v -0.983833 0.360080 0.204536
v -0.998705 0.365655 0.218635
v 1.066810 0.392795 0.263902
v 1.047861 0.384060 0.253671
v 1.030390 0.377197 0.243087
v 1.086990 0.399757 0.189165
v 1.101570 0.403783 0.202231
v 1.114899 0.408690 0.214587
v 1.117359 0.409576 0.233292
v 1.107967 0.406292 0.246240
v 1.098127 0.404729 0.260410
v -1.098127 0.404729 0.260410
v -1.107967 0.406292 0.246240
v -1.117359 0.409576 0.233292
v -1.114898 0.408690 0.214587
v -1.101570 0.403783 0.202231
v -1.086990 0.399757 0.189165
v -1.030390 0.377197 0.243087
v -1.047861 0.384060 0.253671
v -1.066810 0.392795 0.263902
v 1.076055 0.404246 0.287054
v 1.065511 0.404378 0.298584
v 1.057603 0.404253 0.309223
v 0.976020 0.354770 0.269548
v 0.988227 0.361654 0.257731
v 1.001329 0.367072 0.244815
v -1.001329 0.367072 0.244815
v -0.988227 0.361654 0.257731
v -0.976020 0.354770 0.269548
v -1.057603 0.404253 0.309223
v -1.065511 0.404378 0.298584
v -1.076056 0.404246 0.287054
v 0.913835 0.329186 0.214057
v 0.926568 0.337050 0.201660
v 0.940481 0.343652 0.188043
v -0.940481 0.343652 0.188043
v -0.926568 0.337050 0.201660
v -0.913835 0.329186 0.214057
v 0.855154 0.320255 0.151859
v 0.865967 0.324680 0.140923
v 0.877879 0.327844 0.128482
v -0.877879 0.327844 0.128482
v -0.865967 0.324680 0.140923
v -0.855153 0.320255 0.151859
v 0.909407 0.309004 0.011563
v 0.915120 0.318387 0.026964
v 0.919491 0.325857 0.043749
v -0.919491 0.325857 0.043749
v -0.915120 0.318387 0.026964
v -0.909407 0.309004 0.011563
v 1.030823 0.389316 0.047831
v 1.021756 0.384060 0.069336
v 1.011142 0.376770 0.092306
v -1.011142 0.376770 0.092306
v -1.021756 0.384060 0.069336
v -1.030823 0.389316 0.047831
v 1.146410 0.442434 0.124719
v 1.121853 0.427328 0.140489
v 1.095507 0.410634 0.158010
v -1.095506 0.410634 0.158010
v -1.121853 0.427328 0.140489
v -1.146410 0.442434 0.124719
v 1.191675 0.454641 0.228833
v 1.167190 0.439428 0.226116
v 1.142585 0.424088 0.224510
v -1.142585 0.424088 0.224510
v -1.167190 0.439428 0.226116
v -1.191675 0.454641 0.228833
v 1.147012 0.446062 0.307928
v 1.130507 0.433729 0.296902
v 1.109693 0.418779 0.285501
v -1.109693 0.418779 0.285501
v -1.130507 0.433729 0.296902
v -1.147012 0.446062 0.307928
v 1.039825 0.420882 -0.037659
v 1.038710 0.391032 -0.063856
v 1.037065 0.360816 -0.072557
v 0.797662 0.231418 -0.114722
v 0.799425 0.269694 -0.103868
v 0.805013 0.309191 -0.075965
v 0.864488 0.360267 -0.025102
v 0.919759 0.386312 -0.018256
v 0.978692 0.416629 -0.005591
v -0.978692 0.416629 -0.005591
v -0.919759 0.386312 -0.018256
v -0.864488 0.360267 -0.025102
v -0.805013 0.309191 -0.075965
v -0.799425 0.269694 -0.103868
v -0.797662 0.231418 -0.114722
v -1.037065 0.360816 -0.072557
v -1.038710 0.391032 -0.063856
v -1.039826 0.420881 -0.037659
v 1.264648 0.486084 0.097351
v 1.261900 0.465314 0.080187
v 1.255516 0.444273 0.074904
v 1.102592 0.469175 0.035933
v 1.162914 0.486364 0.063938
v 1.217607 0.497748 0.096052
v -1.217607 0.497749 0.096052
v -1.162914 0.486364 0.063938
v -1.102592 0.469175 0.035933
v -1.255516 0.444273 0.074904
v -1.261900 0.465314 0.080187
v -1.264648 0.486084 0.097351
v 1.326611 0.483737 0.290731
v 1.325935 0.467527 0.295174
v 1.320466 0.450327 0.298188
v 1.296592 0.505027 0.170476
v 1.316929 0.502927 0.212057
v 1.324648 0.498965 0.254605
v -1.324648 0.498965 0.254605
v -1.316929 0.502927 0.212057
v -1.296592 0.505027 0.170476
v -1.320466 0.450327 0.298188
v -1.325935 0.467527 0.295174
v -1.326611 0.483737 0.290731
v 1.229953 0.488525 0.420498
v 1.225007 0.465477 0.444173
v 1.219681 0.441424 0.454420
v 1.316627 0.500240 0.313649
v 1.299432 0.505653 0.344639
v 1.272134 0.508521 0.367285
v -1.272134 0.508521 0.367285
v -1.299432 0.505653 0.344639
v -1.316627 0.500240 0.313649
v -1.219681 0.441424 0.454420
v -1.225007 0.465477 0.444173
v -1.229953 0.488525 0.420498
v 1.035302 0.426463 0.409678
v 1.035183 0.397163 0.440077
v 1.035105 0.366926 0.452857
v 1.190562 0.499800 0.382697
v 1.140345 0.487314 0.378092
v 1.087754 0.470447 0.368361
v -1.087754 0.470447 0.368361
v -1.140345 0.487314 0.378092
v -1.190562 0.499800 0.382697
v -1.035106 0.366926 0.452857
v -1.035184 0.397163 0.440077
v -1.035302 0.426463 0.409678
v 0.876889 0.353305 0.349470
v 0.885824 0.324490 0.377848
v 0.893416 0.294128 0.389991
v 0.987074 0.427490 0.342689
v 0.942329 0.405382 0.328966
v 0.901896 0.386854 0.314552
v -0.901896 0.386854 0.314551
v -0.942329 0.405382 0.328966
v -0.987074 0.427490 0.342689
v -0.893416 0.294128 0.389991
v -0.885824 0.324490 0.377848
v -0.876889 0.353305 0.349470
v 1.036913 0.464118 0.276442
v 1.038303 0.467936 0.182780
v 1.039530 0.461745 0.089851
v 0.825880 0.368988 0.048591
v 0.839410 0.382840 0.136719
v 0.853265 0.385013 0.224847
v -0.853265 0.385013 0.224847
v -0.839410 0.382840 0.136719
v -0.825880 0.368988 0.048591
v -1.039530 0.461745 0.089851
v -1.038303 0.467936 0.182780
v -1.036913 0.464118 0.276442
v 1.241975 0.517991 0.320865
v 1.249566 0.520861 0.252577
v 1.257410 0.515814 0.186039
v -1.257410 0.515814 0.186039
v -1.249566 0.520860 0.252577
v -1.241975 0.517991 0.320865
v 0.835030 0.372132 0.283780
v 0.807793 0.377447 0.272250
v 0.783104 0.389507 0.270330
v -0.783104 0.389507 0.270330
v -0.807793 0.377447 0.272250
v -0.835030 0.372132 0.283780
v 0.769016 0.341410 -0.020545
v 0.728244 0.350694 -0.011095
v 0.689996 0.368442 0.000268
v -0.689996 0.368442 0.000268
v -0.728244 0.350694 -0.011095
v -0.769016 0.341410 -0.020545
v 0.482976 -0.735373 0.217440
v 0.475561 -0.737126 0.192978
v 0.463531 -0.739862 0.170538
v 0.498467 -0.717500 0.214083
v 0.490041 -0.719489 0.186537
v 0.476443 -0.722588 0.161208
v 0.515961 -0.696698 0.210380
v 0.506429 -0.698933 0.179384
v 0.491097 -0.702418 0.150832
v -0.491097 -0.702418 0.150832
v -0.476443 -0.722588 0.161208
v -0.463531 -0.739862 0.170538
v -0.506429 -0.698933 0.179384
v -0.490041 -0.719489 0.186537
v -0.475561 -0.737126 0.192978
v -0.515961 -0.696698 0.210380
v -0.498467 -0.717500 0.214083
v -0.482976 -0.735373 0.217440
v 0.550173 -0.648818 0.203637
v 0.538600 -0.651416 0.166138
v 0.520015 -0.655505 0.131568
v 0.565496 -0.622790 0.200909
v 0.553073 -0.625482 0.160645
v 0.533103 -0.629750 0.123554
v 0.580033 -0.595934 0.198459
v 0.566835 -0.598683 0.155640
v 0.545583 -0.603078 0.116239
v -0.545583 -0.603078 0.116239
v -0.533103 -0.629750 0.123554
v -0.520015 -0.655505 0.131568
v -0.566835 -0.598683 0.155640
v -0.553073 -0.625482 0.160645
v -0.538600 -0.651416 0.166138
v -0.580033 -0.595934 0.198459
v -0.565496 -0.622790 0.200909
v -0.550173 -0.648818 0.203637
v 0.464265 -0.667340 0.076572
v 0.429150 -0.674501 0.058139
v 0.391121 -0.681984 0.046621
v 0.473084 -0.642263 0.064581
v 0.435225 -0.649906 0.044820
v 0.394197 -0.657920 0.032475
v 0.481537 -0.616150 0.053652
v 0.441061 -0.624217 0.032692
v 0.397167 -0.632712 0.019602
v -0.397167 -0.632712 0.019602
v -0.394197 -0.657920 0.032475
v -0.391121 -0.681984 0.046621
v -0.441061 -0.624217 0.032692
v -0.435225 -0.649906 0.044820
v -0.429150 -0.674501 0.058139
v -0.481537 -0.616150 0.053652
v -0.473084 -0.642263 0.064581
v -0.464265 -0.667340 0.076572
v 0.426838 -0.747664 0.135021
v 0.403547 -0.752360 0.123165
v 0.378384 -0.757302 0.115775
v 0.435317 -0.731386 0.121039
v 0.409326 -0.736657 0.107615
v 0.381234 -0.742177 0.099242
v 0.444991 -0.712335 0.105465
v 0.415933 -0.718273 0.090280
v 0.384508 -0.724472 0.080800
v -0.384508 -0.724472 0.080800
v -0.381234 -0.742177 0.099242
v -0.378384 -0.757302 0.115775
v -0.415933 -0.718273 0.090280
v -0.409325 -0.736657 0.107615
v -0.403547 -0.752361 0.123165
v -0.444991 -0.712335 0.105465
v -0.435317 -0.731386 0.121039
v -0.426838 -0.747664 0.135021
v 0.326808 -0.767048 0.115775
v 0.302343 -0.771400 0.123165
v 0.279899 -0.775091 0.135021
v 0.323407 -0.752959 0.099242
v 0.295831 -0.757728 0.107615
v 0.270472 -0.761759 0.121039
v 0.319581 -0.736472 0.080800
v 0.288484 -0.741731 0.090280
v 0.259832 -0.746168 0.105465
v -0.259832 -0.746168 0.105465
v -0.270472 -0.761759 0.121039
v -0.279899 -0.775091 0.135021
v -0.288484 -0.741731 0.090280
v -0.295831 -0.757728 0.107615
v -0.302343 -0.771400 0.123165
v -0.319581 -0.736472 0.080800
v -0.323407 -0.752959 0.099242
v -0.326808 -0.767048 0.115775
v 0.312217 -0.696390 0.046621
v 0.274262 -0.702680 0.058139
v 0.239236 -0.708028 0.076572
v 0.308991 -0.673392 0.032475
v 0.267985 -0.680183 0.044820
v 0.230153 -0.686006 0.064581
v 0.305966 -0.649192 0.019602
v 0.262075 -0.656475 0.032692
v 0.221602 -0.662782 0.053652
v -0.221602 -0.662782 0.053652
v -0.230153 -0.686006 0.064581
v -0.239236 -0.708028 0.076572
v -0.262075 -0.656475 0.032692
v -0.267985 -0.680183 0.044820
v -0.274262 -0.702680 0.058139
v -0.305966 -0.649192 0.019602
v -0.308991 -0.673392 0.032475
v -0.312217 -0.696390 0.046621
v 0.183621 -0.715007 0.131568
v 0.165063 -0.716674 0.166138
v 0.153500 -0.717469 0.203637
v 0.170173 -0.693858 0.123554
v 0.150211 -0.695879 0.160645
v 0.137792 -0.696918 0.200909
v 0.157561 -0.671566 0.116239
v 0.136310 -0.673980 0.155640
v 0.123112 -0.675295 0.198459
v -0.123112 -0.675295 0.198459
v -0.137792 -0.696918 0.200909
v -0.153500 -0.717469 0.203637
v -0.136310 -0.673980 0.155640
v -0.150211 -0.695879 0.160645
v -0.165063 -0.716674 0.166138
v -0.157561 -0.671566 0.116239
v -0.170173 -0.693858 0.123554
v -0.183621 -0.715007 0.131568
v 0.244377 -0.779636 0.170538
v 0.232520 -0.780536 0.192978
v 0.225129 -0.780869 0.217440
v 0.230263 -0.766733 0.161208
v 0.216831 -0.767734 0.186537
v 0.208455 -0.768115 0.214083
v 0.214329 -0.751692 0.150832
v 0.199117 -0.752847 0.179384
v 0.189627 -0.753312 0.210380
v -0.189627 -0.753312 0.210380
v -0.208455 -0.768115 0.214083
v -0.225129 -0.780869 0.217440
v -0.199117 -0.752847 0.179384
v -0.216831 -0.767734 0.186537
v -0.232520 -0.780536 0.192978
v -0.214329 -0.751692 0.150832
v -0.230263 -0.766733 0.161208
v -0.244377 -0.779636 0.170538
v 0.225129 -0.780869 0.269012
v 0.232520 -0.780536 0.294184
v 0.244377 -0.779636 0.317502
v 0.208455 -0.768115 0.271871
v 0.216831 -0.767734 0.299957
v 0.230263 -0.766733 0.325954
v 0.189627 -0.753312 0.275171
v 0.199117 -0.752847 0.306570
v 0.214329 -0.751693 0.335619
v -0.214329 -0.751692 0.335619
v -0.230263 -0.766733 0.325954
v -0.244377 -0.779636 0.317502
v -0.199117 -0.752847 0.306570
v -0.216831 -0.767734 0.299957
v -0.232520 -0.780536 0.294184
v -0.189627 -0.753312 0.275171
v -0.208455 -0.768115 0.271871
v -0.225129 -0.780869 0.269012
v 0.153500 -0.717469 0.281922
v 0.165063 -0.716674 0.319827
v 0.183621 -0.715007 0.354897
v 0.137792 -0.696918 0.285108
v 0.150211 -0.695879 0.325935
v 0.170173 -0.693858 0.363720
v 0.123112 -0.675295 0.288206
v 0.136310 -0.673980 0.331808
v 0.157561 -0.671566 0.372177
v -0.157561 -0.671566 0.372177
v -0.170173 -0.693858 0.363720
v -0.183621 -0.715007 0.354897
v -0.136310 -0.673980 0.331808
v -0.150211 -0.695879 0.325935
v -0.165063 -0.716674 0.319827
v -0.123112 -0.675295 0.288206
v -0.137792 -0.696918 0.285108
v -0.153500 -0.717469 0.281922
v 0.239236 -0.708027 0.410640
v 0.274262 -0.702680 0.429225
v 0.312217 -0.696390 0.440798
v 0.230153 -0.686006 0.423728
v 0.267985 -0.680183 0.443698
v 0.308991 -0.673392 0.456121
v 0.221602 -0.662782 0.436208
v 0.262075 -0.656475 0.457460
v 0.305966 -0.649192 0.470658
v -0.305966 -0.649192 0.470658
v -0.308991 -0.673392 0.456121
v -0.312217 -0.696390 0.440798
v -0.262075 -0.656475 0.457460
v -0.267985 -0.680183 0.443698
v -0.274262 -0.702680 0.429225
v -0.221602 -0.662782 0.436208
v -0.230153 -0.686006 0.423728
v -0.239236 -0.708028 0.410640
v 0.279899 -0.775091 0.354329
v 0.302343 -0.771400 0.366449
v 0.326808 -0.767048 0.373937
v 0.270472 -0.761759 0.367119
v 0.295831 -0.757728 0.380744
v 0.323407 -0.752959 0.389192
v 0.259832 -0.746168 0.381729
v 0.288484 -0.741731 0.397063
v 0.319581 -0.736472 0.406599
v -0.319581 -0.736472 0.406599
v -0.323407 -0.752959 0.389192
v -0.326808 -0.767048 0.373937
v -0.288484 -0.741731 0.397063
v -0.295831 -0.757728 0.380744
v -0.302343 -0.771400 0.366449
v -0.259832 -0.746168 0.381729
v -0.270472 -0.761759 0.367119
v -0.279899 -0.775091 0.354329
v 0.378384 -0.757302 0.373937
v 0.403547 -0.752361 0.366449
v 0.426838 -0.747664 0.354329
v 0.381234 -0.742177 0.389192
v 0.409326 -0.736657 0.380744
v 0.435317 -0.731386 0.367119
v 0.384508 -0.724472 0.406599
v 0.415933 -0.718273 0.397063
v 0.444991 -0.712335 0.381729
v -0.444991 -0.712335 0.381729
v -0.435317 -0.731386 0.367119
v -0.426838 -0.747664 0.354329
v -0.415933 -0.718273 0.397063
v -0.409326 -0.736657 0.380744
v -0.403547 -0.752360 0.366449
v -0.384508 -0.724472 0.406599
v -0.381234 -0.742177 0.389192
v -0.378384 -0.757302 0.373937
v 0.391121 -0.681984 0.440798
v 0.429150 -0.674501 0.429225
v 0.464265 -0.667340 0.410640
v 0.394197 -0.657920 0.456121
v 0.435225 -0.649906 0.443698
v 0.473084 -0.642263 0.423728
v 0.397167 -0.632712 0.470658
v 0.441061 -0.624217 0.457460
v 0.481537 -0.616150 0.436208
v -0.481537 -0.616150 0.436208
v -0.473084 -0.642263 0.423728
v -0.464265 -0.667340 0.410640
v -0.441061 -0.624217 0.457460
v -0.435225 -0.649906 0.443698
v -0.429150 -0.674501 0.429225
v -0.397167 -0.632712 0.470658
v -0.394197 -0.657920 0.456121
v -0.391121 -0.681984 0.440798
v 0.520015 -0.655505 0.354897
v 0.538600 -0.651416 0.319827
v 0.550173 -0.648818 0.281922
v 0.533103 -0.629750 0.363720
v 0.553074 -0.625482 0.325935
v 0.565496 -0.622790 0.285108
v 0.545583 -0.603078 0.372177
v 0.566835 -0.598683 0.331808
v 0.580033 -0.595934 0.288206
v -0.580033 -0.595934 0.288206
v -0.565496 -0.622790 0.285108
v -0.550173 -0.648818 0.281922
v -0.566835 -0.598683 0.331808
v -0.553073 -0.625482 0.325935
v -0.538600 -0.651416 0.319827
v -0.545583 -0.603078 0.372177
v -0.533103 -0.629750 0.363720
v -0.520015 -0.655505 0.354897
v 0.463531 -0.739862 0.317502
v 0.475561 -0.737126 0.294184
v 0.482976 -0.735373 0.269012
v 0.476443 -0.722588 0.325954
v 0.490041 -0.719489 0.299957
v 0.498467 -0.717500 0.271871
v 0.491097 -0.702418 0.335619
v 0.506429 -0.698933 0.306570
v 0.515961 -0.696698 0.275171
v -0.515961 -0.696698 0.275171
v -0.498467 -0.717500 0.271871
v -0.482976 -0.735373 0.269012
v -0.506429 -0.698933 0.306570
v -0.490041 -0.719489 0.299957
v -0.475561 -0.737126 0.294184
v -0.491097 -0.702418 0.335619
v -0.476443 -0.722588 0.325954
v -0.463531 -0.739862 0.317502
v 0.464382 -0.760130 0.265711
v 0.458269 -0.761584 0.287474
v 0.448201 -0.763905 0.307682
v 0.460215 -0.767792 0.265030
v 0.454486 -0.769157 0.286075
v 0.444839 -0.771437 0.305596
v 0.455925 -0.774081 0.264310
v 0.450669 -0.775315 0.284590
v 0.441333 -0.777603 0.303287
v -0.441333 -0.777602 0.303287
v -0.444840 -0.771437 0.305596
v -0.448201 -0.763905 0.307682
v -0.450669 -0.775315 0.284590
v -0.454486 -0.769157 0.286075
v -0.458269 -0.761584 0.287474
v -0.455925 -0.774081 0.264310
v -0.460215 -0.767792 0.265030
v -0.464382 -0.760130 0.265711
v 0.416884 -0.770731 0.339604
v 0.396798 -0.774928 0.350076
v 0.375080 -0.779373 0.356516
v 0.414704 -0.778233 0.336661
v 0.395371 -0.782428 0.346926
v 0.374395 -0.786904 0.353151
v 0.412313 -0.784384 0.333520
v 0.393861 -0.788521 0.343658
v 0.373672 -0.793028 0.349544
v -0.373672 -0.793028 0.349544
v -0.374395 -0.786904 0.353151
v -0.375080 -0.779373 0.356516
v -0.393861 -0.788521 0.343658
v -0.395371 -0.782428 0.346926
v -0.396798 -0.774928 0.350076
v -0.412313 -0.784384 0.333520
v -0.414704 -0.778233 0.336661
v -0.416884 -0.770731 0.339604
v 0.330852 -0.788130 0.356516
v 0.310051 -0.792019 0.350076
v 0.291031 -0.795312 0.339604
v 0.331646 -0.795605 0.353151
v 0.311598 -0.799389 0.346926
v 0.293306 -0.802580 0.336661
v 0.332320 -0.801650 0.349544
v 0.313013 -0.805280 0.343658
v 0.295505 -0.808350 0.333520
v -0.295505 -0.808350 0.333520
v -0.293306 -0.802580 0.336661
v -0.291031 -0.795312 0.339604
v -0.313013 -0.805280 0.343658
v -0.311598 -0.799389 0.346926
v -0.310051 -0.792019 0.350076
v -0.332320 -0.801650 0.349544
v -0.331646 -0.795605 0.353151
v -0.330852 -0.788130 0.356516
v 0.260884 -0.799356 0.307682
v 0.250772 -0.800154 0.287474
v 0.244463 -0.800449 0.265711
v 0.264087 -0.806482 0.305596
v 0.254199 -0.807248 0.286075
v 0.248107 -0.807536 0.265030
v 0.267088 -0.812087 0.303287
v 0.257333 -0.812810 0.284590
v 0.251567 -0.813097 0.264310
v -0.251567 -0.813097 0.264310
v -0.248107 -0.807536 0.265030
v -0.244463 -0.800449 0.265711
v -0.257333 -0.812810 0.284590
v -0.254199 -0.807248 0.286075
v -0.250772 -0.800154 0.287474
v -0.267088 -0.812087 0.303287
v -0.264087 -0.806482 0.305596
v -0.260884 -0.799356 0.307682
v 0.244463 -0.800449 0.221477
v 0.250772 -0.800154 0.200676
v 0.260884 -0.799356 0.181656
v 0.248107 -0.807536 0.222271
v 0.254199 -0.807248 0.202223
v 0.264087 -0.806482 0.183931
v 0.251567 -0.813097 0.222945
v 0.257333 -0.812810 0.203638
v 0.267088 -0.812087 0.186130
v -0.267088 -0.812087 0.186130
v -0.264087 -0.806482 0.183931
v -0.260884 -0.799356 0.181656
v -0.257333 -0.812810 0.203638
v -0.254199 -0.807248 0.202223
v -0.250772 -0.800154 0.200676
v -0.251567 -0.813097 0.222945
v -0.248107 -0.807536 0.222271
v -0.244463 -0.800449 0.221477
v 0.291031 -0.795312 0.151509
v 0.310051 -0.792019 0.141397
v 0.330852 -0.788130 0.135088
v 0.293306 -0.802580 0.154712
v 0.311598 -0.799389 0.144824
v 0.331646 -0.795605 0.138732
v 0.295505 -0.808350 0.157713
v 0.313013 -0.805280 0.147958
v 0.332320 -0.801650 0.142192
v -0.332320 -0.801650 0.142192
v -0.331646 -0.795605 0.138732
v -0.330852 -0.788130 0.135088
v -0.313013 -0.805280 0.147958
v -0.311598 -0.799389 0.144824
v -0.310051 -0.792019 0.141397
v -0.295505 -0.808350 0.157713
v -0.293306 -0.802580 0.154712
v -0.291031 -0.795312 0.151509
v 0.375080 -0.779373 0.135088
v 0.396798 -0.774928 0.141397
v 0.416884 -0.770731 0.151509
v 0.374395 -0.786904 0.138732
v 0.395371 -0.782428 0.144824
v 0.414704 -0.778233 0.154712
v 0.373672 -0.793028 0.142192
v 0.393861 -0.788521 0.147958
v 0.412313 -0.784384 0.157713
v -0.412313 -0.784384 0.157713
v -0.414704 -0.778233 0.154712
v -0.416884 -0.770731 0.151509
v -0.393861 -0.788521 0.147958
v -0.395371 -0.782428 0.144824
v -0.396798 -0.774928 0.141397
v -0.373672 -0.793028 0.142192
v -0.374395 -0.786904 0.138732
v -0.375080 -0.779373 0.135088
v 0.448201 -0.763905 0.181656
v 0.458269 -0.761584 0.200676
v 0.464382 -0.760130 0.221477
v 0.444840 -0.771437 0.183931
v 0.454486 -0.769157 0.202223
v 0.460215 -0.767792 0.222271
v 0.441333 -0.777603 0.186130
v 0.450669 -0.775315 0.203638
v 0.455925 -0.774081 0.222945
v -0.455925 -0.774081 0.222945
v -0.460215 -0.767792 0.222271
v -0.464382 -0.760130 0.221477
v -0.450669 -0.775315 0.203638
v -0.454486 -0.769157 0.202223
v -0.458269 -0.761584 0.200676
v -0.441333 -0.777603 0.186130
v -0.444840 -0.771437 0.183931
v -0.448201 -0.763905 0.181656
v 0.422494 -0.793859 0.214486
v 0.400125 -0.803324 0.223466
v 0.412327 -0.797520 0.207711
v 0.425004 -0.790594 0.196901
v 0.433455 -0.788220 0.210181
v 0.436319 -0.787794 0.225799
v 0.419689 -0.795689 0.226493
v -0.422494 -0.793859 0.214486
v -0.436319 -0.787794 0.225799
v -0.433455 -0.788220 0.210181
v -0.425004 -0.790594 0.196901
v -0.412327 -0.797520 0.207711
v -0.400125 -0.803324 0.223466
v -0.419689 -0.795689 0.226493
v 0.381936 -0.803802 0.174040
v 0.370337 -0.803694 0.160152
v 0.386608 -0.799633 0.163591
v 0.400472 -0.796608 0.172505
v 0.388915 -0.803291 0.184346
v 0.372406 -0.810078 0.195759
v 0.369411 -0.807910 0.176318
v -0.381936 -0.803802 0.174040
v -0.372406 -0.810078 0.195759
v -0.388915 -0.803291 0.184346
v -0.400472 -0.796608 0.172505
v -0.386608 -0.799633 0.163591
v -0.370337 -0.803694 0.160152
v -0.369411 -0.807910 0.176318
v 0.323853 -0.816225 0.174040
v 0.332785 -0.818486 0.195759
v 0.317069 -0.818515 0.184346
v 0.306274 -0.816470 0.172505
v 0.319555 -0.813932 0.163591
v 0.335171 -0.811240 0.160152
v 0.335849 -0.815120 0.176318
v -0.323853 -0.816225 0.174040
v -0.335171 -0.811240 0.160152
v -0.319555 -0.813932 0.163591
v -0.306274 -0.816470 0.172505
v -0.317069 -0.818515 0.184346
v -0.332785 -0.818486 0.195759
v -0.335849 -0.815120 0.176318
v 0.283407 -0.821614 0.214486
v 0.305082 -0.822395 0.223466
v 0.285677 -0.822149 0.226493
v 0.269525 -0.820418 0.225799
v 0.272964 -0.820097 0.210181
v 0.281878 -0.819599 0.196901
v 0.293704 -0.821579 0.207711
v -0.283407 -0.821615 0.214486
v -0.281878 -0.819599 0.196901
v -0.272964 -0.820097 0.210181
v -0.269525 -0.820418 0.225799
v -0.285677 -0.822149 0.226493
v -0.305082 -0.822395 0.223466
v -0.293704 -0.821579 0.207711
v 0.283407 -0.821615 0.272710
v 0.305082 -0.822395 0.263290
v 0.293704 -0.821579 0.279891
v 0.281878 -0.819599 0.291492
v 0.272964 -0.820097 0.277358
v 0.269525 -0.820418 0.260984
v 0.285677 -0.822149 0.260116
v -0.283407 -0.821615 0.272710
v -0.269525 -0.820418 0.260984
v -0.272964 -0.820097 0.277358
v -0.281878 -0.819599 0.291492
v -0.293704 -0.821579 0.279891
v -0.305082 -0.822395 0.263290
v -0.285677 -0.822149 0.260116
v 0.323853 -0.816225 0.315489
v 0.332785 -0.818486 0.292428
v 0.335849 -0.815120 0.312940
v 0.335171 -0.811240 0.330160
v 0.319555 -0.813932 0.326700
v 0.306274 -0.816470 0.317399
v 0.317069 -0.818515 0.304633
v -0.323853 -0.816225 0.315489
v -0.306274 -0.816470 0.317399
v -0.319555 -0.813932 0.326700
v -0.335171 -0.811240 0.330160
v -0.335849 -0.815120 0.312940
v -0.332785 -0.818486 0.292428
v -0.317069 -0.818515 0.304633
v 0.381936 -0.803802 0.315489
v 0.372406 -0.810078 0.292428
v 0.388915 -0.803291 0.304633
v 0.400472 -0.796608 0.317399
v 0.386608 -0.799633 0.326700
v 0.370337 -0.803694 0.330160
v 0.369411 -0.807910 0.312940
v -0.381936 -0.803802 0.315489
v -0.370337 -0.803694 0.330160
v -0.386608 -0.799633 0.326700
v -0.400472 -0.796608 0.317399
v -0.388915 -0.803291 0.304633
v -0.372406 -0.810078 0.292428
v -0.369411 -0.807910 0.312940
v 0.422494 -0.793859 0.272710
v 0.400125 -0.803324 0.263290
v 0.419689 -0.795689 0.260116
v 0.436319 -0.787794 0.260984
v 0.433455 -0.788220 0.277358
v 0.425004 -0.790594 0.291492
v 0.412327 -0.797520 0.279891
v -0.422494 -0.793859 0.272710
v -0.425004 -0.790594 0.291492
v -0.433455 -0.788220 0.277358
v -0.436319 -0.787794 0.260984
v -0.419689 -0.795689 0.260116
v -0.400125 -0.803324 0.263290
v -0.412327 -0.797520 0.279891
v 0.126597 -0.575705 -0.958315
v 0.122852 -0.596344 -0.951298
v 0.116619 -0.615138 -0.942075
v 0.085666 -0.579809 -0.962124
v 0.083466 -0.599620 -0.954895
v 0.079511 -0.617492 -0.945561
v 0.043213 -0.582655 -0.964735
v 0.042202 -0.601933 -0.957363
v 0.040285 -0.619205 -0.947939
v -0.040285 -0.619205 -0.947939
v -0.079511 -0.617492 -0.945561
v -0.116619 -0.615139 -0.942075
v -0.042202 -0.601933 -0.957363
v -0.083466 -0.599620 -0.954895
v -0.122852 -0.596344 -0.951298
v -0.043213 -0.582655 -0.964735
v -0.085666 -0.579809 -0.962124
v -0.126597 -0.575705 -0.958315
v 0.260152 -0.557540 -0.934429
v 0.245918 -0.583428 -0.928444
v 0.227775 -0.607704 -0.919051
v 0.232731 -0.561184 -0.942508
v 0.221273 -0.585592 -0.936290
v 0.206152 -0.608382 -0.927157
v 0.200862 -0.565827 -0.948684
v 0.192355 -0.588823 -0.942198
v 0.180434 -0.610151 -0.933130
v -0.180434 -0.610151 -0.933129
v -0.206152 -0.608382 -0.927157
v -0.227775 -0.607704 -0.919051
v -0.192355 -0.588823 -0.942198
v -0.221273 -0.585592 -0.936290
v -0.245918 -0.583428 -0.928444
v -0.200862 -0.565827 -0.948684
v -0.232731 -0.561184 -0.942508
v -0.260152 -0.557541 -0.934429
v 0.317641 -0.561170 -0.868047
v 0.299746 -0.592188 -0.863497
v 0.275691 -0.620954 -0.852021
v 0.310571 -0.557515 -0.891065
v 0.292562 -0.587538 -0.885708
v 0.269059 -0.615568 -0.874319
v 0.299068 -0.555537 -0.909402
v 0.281471 -0.584312 -0.903719
v 0.259049 -0.611291 -0.893003
v -0.259049 -0.611291 -0.893003
v -0.269059 -0.615568 -0.874319
v -0.275691 -0.620954 -0.852021
v -0.281471 -0.584313 -0.903719
v -0.292562 -0.587538 -0.885708
v -0.299746 -0.592188 -0.863497
v -0.299068 -0.555537 -0.909402
v -0.310571 -0.557515 -0.891065
v -0.317641 -0.561170 -0.868047
v 0.314565 -0.585480 -0.721084
v 0.298065 -0.617359 -0.726259
v 0.274302 -0.645651 -0.724433
v 0.318989 -0.579006 -0.766111
v 0.302226 -0.610938 -0.768521
v 0.278230 -0.639600 -0.763434
v 0.321276 -0.572374 -0.805748
v 0.304159 -0.604298 -0.805239
v 0.279977 -0.633308 -0.797026
v -0.279977 -0.633308 -0.797026
v -0.278230 -0.639600 -0.763434
v -0.274302 -0.645651 -0.724433
v -0.304159 -0.604298 -0.805239
v -0.302226 -0.610938 -0.768521
v -0.298065 -0.617359 -0.726259
v -0.321276 -0.572374 -0.805748
v -0.318989 -0.579006 -0.766111
v -0.314565 -0.585480 -0.721084
v 0.283204 -0.600207 -0.505141
v 0.266713 -0.633664 -0.512083
v 0.243570 -0.663210 -0.515161
v 0.292535 -0.598465 -0.559973
v 0.276076 -0.631304 -0.567773
v 0.252709 -0.660169 -0.570908
v 0.301016 -0.595481 -0.616295
v 0.284634 -0.627778 -0.624292
v 0.261167 -0.656126 -0.626786
v -0.261167 -0.656126 -0.626786
v -0.252709 -0.660169 -0.570908
v -0.243570 -0.663210 -0.515161
v -0.284634 -0.627778 -0.624292
v -0.276076 -0.631304 -0.567773
v -0.266713 -0.633664 -0.512083
v -0.301016 -0.595481 -0.616295
v -0.292535 -0.598465 -0.559973
v -0.283204 -0.600207 -0.505141
v 0.259213 -0.613969 -0.148137
v 0.306474 -0.603478 -0.132680
v 0.360857 -0.591431 -0.116783
v 0.245505 -0.656569 -0.131371
v 0.295484 -0.642072 -0.115736
v 0.351802 -0.626060 -0.100136
v 0.229286 -0.698827 -0.108470
v 0.284114 -0.678910 -0.093627
v 0.342588 -0.658705 -0.079175
v -0.342588 -0.658705 -0.079175
v -0.351802 -0.626060 -0.100136
v -0.360857 -0.591431 -0.116783
v -0.284114 -0.678910 -0.093627
v -0.295484 -0.642072 -0.115736
v -0.306474 -0.603478 -0.132680
v -0.229286 -0.698827 -0.108470
v -0.245505 -0.656568 -0.131371
v -0.259213 -0.613969 -0.148137
v 0.471764 -0.571639 -0.078483
v 0.523508 -0.564618 -0.054401
v 0.572749 -0.557540 -0.026500
v 0.465070 -0.600140 -0.062605
v 0.517541 -0.591207 -0.038876
v 0.566904 -0.583098 -0.011450
v 0.456547 -0.626980 -0.043710
v 0.508832 -0.616056 -0.020874
v 0.557504 -0.606791 0.005592
v -0.557504 -0.606791 0.005592
v -0.566904 -0.583098 -0.011450
v -0.572749 -0.557540 -0.026500
v -0.508832 -0.616056 -0.020874
v -0.517541 -0.591207 -0.038876
v -0.523508 -0.564618 -0.054401
v -0.456547 -0.626980 -0.043710
v -0.465070 -0.600140 -0.062605
v -0.471764 -0.571639 -0.078483
v 0.664183 -0.537508 0.042116
v 0.704900 -0.526583 0.083153
v 0.740162 -0.519659 0.128651
v 0.655844 -0.563850 0.055379
v 0.694146 -0.554169 0.094872
v 0.726792 -0.548226 0.138247
v 0.642913 -0.588387 0.069770
v 0.678591 -0.580122 0.107299
v 0.708533 -0.575264 0.148090
v -0.708533 -0.575264 0.148090
v -0.726792 -0.548226 0.138247
v -0.740162 -0.519659 0.128651
v -0.678591 -0.580122 0.107299
v -0.694146 -0.554169 0.094872
v -0.704900 -0.526583 0.083153
v -0.642913 -0.588387 0.069770
v -0.655844 -0.563850 0.055379
v -0.664183 -0.537508 0.042116
v 0.787920 -0.531252 0.232199
v 0.798724 -0.549505 0.286080
v 0.800689 -0.571228 0.336084
v 0.770510 -0.558610 0.235472
v 0.780457 -0.574741 0.285516
v 0.782500 -0.594219 0.331826
v 0.748142 -0.583947 0.237842
v 0.757215 -0.597343 0.283415
v 0.759364 -0.613854 0.325476
v -0.759364 -0.613854 0.325476
v -0.782500 -0.594219 0.331826
v -0.800689 -0.571228 0.336084
v -0.757215 -0.597343 0.283415
v -0.780457 -0.574741 0.285516
v -0.798724 -0.549505 0.286080
v -0.748142 -0.583947 0.237842
v -0.770510 -0.558610 0.235472
v -0.787920 -0.531252 0.232199
v 0.778099 -0.610220 0.409304
v 0.754016 -0.624983 0.432543
v 0.722040 -0.638209 0.451946
v 0.763165 -0.631045 0.399867
v 0.741747 -0.646203 0.421882
v 0.712343 -0.660329 0.440733
v 0.743595 -0.647189 0.387782
v 0.725155 -0.662240 0.408546
v 0.698742 -0.676863 0.426832
v -0.698742 -0.676863 0.426832
v -0.712343 -0.660329 0.440733
v -0.722040 -0.638209 0.451946
v -0.725155 -0.662240 0.408546
v -0.741747 -0.646203 0.421882
v -0.754016 -0.624983 0.432543
v -0.743595 -0.647188 0.387782
v -0.763165 -0.631045 0.399867
v -0.778098 -0.610220 0.409304
v 0.636786 -0.665453 0.495024
v 0.586847 -0.680243 0.521950
v 0.535694 -0.695042 0.551542
v 0.629675 -0.689327 0.483878
v 0.579671 -0.704603 0.510939
v 0.528203 -0.719656 0.540370
v 0.619811 -0.707061 0.469607
v 0.570420 -0.722637 0.496317
v 0.519314 -0.737787 0.524994
v -0.519314 -0.737787 0.524994
v -0.528203 -0.719656 0.540370
v -0.535694 -0.695042 0.551542
v -0.570420 -0.722637 0.496317
v -0.579671 -0.704603 0.510939
v -0.586847 -0.680243 0.521950
v -0.619811 -0.707061 0.469607
v -0.629675 -0.689327 0.483878
v -0.636786 -0.665453 0.495024
v 0.440483 -0.722113 0.614787
v 0.398312 -0.733693 0.644704
v 0.358700 -0.743898 0.669813
v 0.433646 -0.746694 0.601417
v 0.392802 -0.758063 0.629445
v 0.354979 -0.767978 0.652667
v 0.426568 -0.764485 0.582580
v 0.387505 -0.775486 0.608160
v 0.351881 -0.784968 0.629048
v -0.351881 -0.784968 0.629048
v -0.354979 -0.767978 0.652667
v -0.358700 -0.743898 0.669813
v -0.387505 -0.775486 0.608160
v -0.392802 -0.758064 0.629446
v -0.398312 -0.733693 0.644704
v -0.426568 -0.764485 0.582580
v -0.433646 -0.746694 0.601417
v -0.440483 -0.722112 0.614787
v 0.283584 -0.760068 0.694722
v 0.247733 -0.765914 0.691506
v 0.213745 -0.770149 0.677454
v 0.284098 -0.783473 0.675409
v 0.250315 -0.789002 0.672221
v 0.218104 -0.792974 0.658809
v 0.286030 -0.799607 0.649267
v 0.254714 -0.804795 0.646252
v 0.224654 -0.808528 0.633856
v -0.224654 -0.808528 0.633856
v -0.218104 -0.792974 0.658809
v -0.213745 -0.770149 0.677454
v -0.254714 -0.804795 0.646252
v -0.250315 -0.789002 0.672221
v -0.247733 -0.765914 0.691506
v -0.286030 -0.799607 0.649267
v -0.284098 -0.783473 0.675409
v -0.283584 -0.760068 0.694722
v 0.153614 -0.773497 0.616989
v 0.127584 -0.772888 0.575463
v 0.103645 -0.771227 0.532872
v 0.159927 -0.796065 0.600963
v 0.134016 -0.795417 0.561011
v 0.109789 -0.793681 0.519804
v 0.169039 -0.811542 0.580069
v 0.143475 -0.810998 0.542618
v 0.119148 -0.809345 0.503665
v -0.119148 -0.809345 0.503665
v -0.109789 -0.793681 0.519804
v -0.103645 -0.771227 0.532872
v -0.143475 -0.810998 0.542618
v -0.134016 -0.795417 0.561011
v -0.127584 -0.772888 0.575463
v -0.169039 -0.811542 0.580069
v -0.159927 -0.796065 0.600963
v -0.153614 -0.773497 0.616990
v 0.060089 -0.766247 0.463889
v 0.039660 -0.763777 0.442330
v 0.019713 -0.761951 0.429415
v 0.064916 -0.788178 0.451899
v 0.043345 -0.785332 0.429640
v 0.021715 -0.783223 0.415322
v 0.073217 -0.803622 0.437779
v 0.050286 -0.800524 0.414301
v 0.025995 -0.798232 0.396833
v -0.025995 -0.798232 0.396833
v -0.021715 -0.783223 0.415322
v -0.019713 -0.761951 0.429415
v -0.050286 -0.800524 0.414301
v -0.043345 -0.785332 0.429640
v -0.039660 -0.763777 0.442330
v -0.073217 -0.803622 0.437779
v -0.064916 -0.788178 0.451899
v -0.060089 -0.766247 0.463889
v 0.171880 -0.792760 0.440280
v 0.192617 -0.791687 0.462903
v 0.214255 -0.789744 0.482888
v 0.157925 -0.804509 0.454561
v 0.180050 -0.804287 0.481635
v 0.202964 -0.803100 0.506309
v 0.144009 -0.813700 0.469989
v 0.167295 -0.814335 0.501629
v 0.191341 -0.813921 0.531166
v -0.191341 -0.813921 0.531166
v -0.202964 -0.803100 0.506309
v -0.214255 -0.789744 0.482888
v -0.167295 -0.814335 0.501629
v -0.180050 -0.804287 0.481635
v -0.192617 -0.791687 0.462903
v -0.144009 -0.813700 0.469989
v -0.157925 -0.804509 0.454561
v -0.171880 -0.792760 0.440280
v 0.258312 -0.783951 0.510024
v 0.280574 -0.780254 0.516110
v 0.303423 -0.775992 0.517431
v 0.249869 -0.798228 0.540440
v 0.273790 -0.794607 0.548140
v 0.298363 -0.790146 0.549925
v 0.241152 -0.809970 0.572646
v 0.266925 -0.806411 0.582066
v 0.293475 -0.801761 0.584337
v -0.293475 -0.801761 0.584337
v -0.298363 -0.790146 0.549925
v -0.303423 -0.775992 0.517431
v -0.266925 -0.806411 0.582066
v -0.273790 -0.794607 0.548140
v -0.280574 -0.780254 0.516110
v -0.241152 -0.809970 0.572646
v -0.249869 -0.798228 0.540440
v -0.258312 -0.783951 0.510024
v 0.410883 -0.751021 0.481535
v 0.412867 -0.762019 0.507111
v 0.415865 -0.770963 0.533785
v 0.379982 -0.759018 0.495660
v 0.380001 -0.770993 0.523933
v 0.380931 -0.780765 0.553558
v 0.352436 -0.765590 0.506769
v 0.350732 -0.778497 0.537225
v 0.349737 -0.789045 0.569303
v -0.349737 -0.789045 0.569303
v -0.380931 -0.780765 0.553558
v -0.415865 -0.770963 0.533785
v -0.350732 -0.778497 0.537225
v -0.380001 -0.770993 0.523933
v -0.412867 -0.762018 0.507111
v -0.352435 -0.765590 0.506769
v -0.379982 -0.759018 0.495660
v -0.410883 -0.751021 0.481534
v 0.567166 -0.703113 0.408138
v 0.580716 -0.710935 0.422383
v 0.594568 -0.716815 0.437788
v 0.527620 -0.716353 0.427616
v 0.538025 -0.725023 0.444197
v 0.548949 -0.731751 0.461790
v 0.486047 -0.729384 0.446826
v 0.493289 -0.738755 0.466290
v 0.501312 -0.746198 0.486674
v -0.501312 -0.746198 0.486674
v -0.548949 -0.731751 0.461790
v -0.594568 -0.716815 0.437788
v -0.493289 -0.738755 0.466290
v -0.538025 -0.725023 0.444197
v -0.580717 -0.710935 0.422383
v -0.486047 -0.729384 0.446826
v -0.527620 -0.716353 0.427616
v -0.567166 -0.703113 0.408138
v 0.654067 -0.662663 0.333020
v 0.675643 -0.663289 0.345757
v 0.698384 -0.662495 0.359751
v 0.643401 -0.670576 0.352686
v 0.663761 -0.673547 0.365262
v 0.684889 -0.674997 0.379221
v 0.626187 -0.679836 0.370954
v 0.644834 -0.684847 0.383342
v 0.663906 -0.688152 0.397117
v -0.663906 -0.688152 0.397117
v -0.684889 -0.674997 0.379221
v -0.698384 -0.662495 0.359751
v -0.644834 -0.684847 0.383342
v -0.663761 -0.673547 0.365262
v -0.675643 -0.663289 0.345757
v -0.626187 -0.679836 0.370954
v -0.643401 -0.670576 0.352686
v -0.654067 -0.662663 0.333020
v 0.650250 -0.642930 0.224674
v 0.673216 -0.633639 0.230162
v 0.697841 -0.621635 0.235100
v 0.658324 -0.645608 0.255711
v 0.681257 -0.638526 0.263994
v 0.705936 -0.629150 0.272272
v 0.661193 -0.650070 0.284696
v 0.683964 -0.645514 0.295379
v 0.708434 -0.639121 0.306596
v -0.708434 -0.639121 0.306596
v -0.705936 -0.629150 0.272271
v -0.697841 -0.621635 0.235100
v -0.683964 -0.645514 0.295379
v -0.681257 -0.638526 0.263994
v -0.673216 -0.633639 0.230162
v -0.661193 -0.650070 0.284696
v -0.658324 -0.645608 0.255711
v -0.650250 -0.642930 0.224674
v 0.559658 -0.654746 0.099789
v 0.581810 -0.642340 0.096107
v 0.604591 -0.627732 0.090818
v 0.589765 -0.648813 0.129044
v 0.612651 -0.636410 0.127323
v 0.636421 -0.621469 0.124081
v 0.615710 -0.644559 0.160321
v 0.638761 -0.632581 0.160680
v 0.662999 -0.617768 0.159703
v -0.662999 -0.617768 0.159703
v -0.636421 -0.621469 0.124081
v -0.604591 -0.627732 0.090818
v -0.638761 -0.632581 0.160680
v -0.612651 -0.636410 0.127323
v -0.581810 -0.642340 0.096107
v -0.615710 -0.644559 0.160321
v -0.589765 -0.648814 0.129044
v -0.559658 -0.654746 0.099789
v 0.415753 -0.689222 0.021771
v 0.425393 -0.679479 0.008073
v 0.436008 -0.666934 -0.007219
v 0.455050 -0.678781 0.034089
v 0.469045 -0.667803 0.023512
v 0.483727 -0.654500 0.011338
v 0.491878 -0.669787 0.051535
v 0.509599 -0.658075 0.043580
v 0.527834 -0.644323 0.034008
v -0.527834 -0.644323 0.034008
v -0.483727 -0.654500 0.011338
v -0.436008 -0.666934 -0.007219
v -0.509599 -0.658075 0.043580
v -0.469045 -0.667803 0.023512
v -0.425393 -0.679479 0.008073
v -0.491878 -0.669787 0.051535
v -0.455050 -0.678781 0.034089
v -0.415753 -0.689222 0.021771
v 0.239974 -0.742625 0.027278
v 0.229550 -0.744577 -0.004290
v 0.219928 -0.743647 -0.040989
v 0.282990 -0.729975 0.018568
v 0.278078 -0.728331 -0.008243
v 0.274858 -0.722621 -0.037832
v 0.328492 -0.715603 0.014215
v 0.328677 -0.710543 -0.007676
v 0.330558 -0.701458 -0.031401
v -0.330558 -0.701458 -0.031401
v -0.274858 -0.722621 -0.037832
v -0.219928 -0.743647 -0.040989
v -0.328677 -0.710543 -0.007676
v -0.278078 -0.728331 -0.008243
v -0.229550 -0.744577 -0.004290
v -0.328492 -0.715603 0.014215
v -0.282990 -0.729975 0.018568
v -0.239974 -0.742625 0.027278
v 0.172920 -0.754910 0.055260
v 0.150390 -0.754552 0.073327
v 0.133407 -0.752516 0.093354
v 0.153008 -0.758875 0.022432
v 0.126433 -0.756531 0.044161
v 0.105127 -0.752075 0.068431
v 0.132206 -0.763034 -0.016053
v 0.101516 -0.758695 0.010807
v 0.073877 -0.751748 0.039385
v -0.073877 -0.751748 0.039385
v -0.105127 -0.752075 0.068431
v -0.133407 -0.752516 0.093354
v -0.101516 -0.758695 0.010807
v -0.126433 -0.756531 0.044161
v -0.150390 -0.754552 0.073327
v -0.132206 -0.763034 -0.016053
v -0.153008 -0.758875 0.022432
v -0.172920 -0.754910 0.055260
v 0.135161 -0.791620 0.392061
v 0.117409 -0.801684 0.401157
v 0.100198 -0.809350 0.411546
v 0.120120 -0.789401 0.367620
v 0.099575 -0.798777 0.376184
v 0.079196 -0.806142 0.386440
v 0.107899 -0.786288 0.342840
v 0.083961 -0.795070 0.351424
v 0.058496 -0.802663 0.362339
v -0.058496 -0.802663 0.362339
v -0.079196 -0.806142 0.386440
v -0.100198 -0.809350 0.411546
v -0.083961 -0.795070 0.351424
v -0.099575 -0.798777 0.376184
v -0.117409 -0.801684 0.401157
v -0.107899 -0.786288 0.342840
v -0.120120 -0.789401 0.367620
v -0.135161 -0.791620 0.392061
v 0.094189 -0.777825 0.291550
v 0.066202 -0.784060 0.297938
v 0.034464 -0.790107 0.305025
v 0.092507 -0.772846 0.265219
v 0.064185 -0.777106 0.269098
v 0.032864 -0.781171 0.272809
v 0.093243 -0.767715 0.238895
v 0.064539 -0.770069 0.240134
v 0.032985 -0.772455 0.241282
v -0.032985 -0.772455 0.241282
v -0.032864 -0.781171 0.272809
v -0.034464 -0.790107 0.305025
v -0.064539 -0.770069 0.240134
v -0.064185 -0.777106 0.269098
v -0.066202 -0.784060 0.297938
v -0.093243 -0.767715 0.238895
v -0.092507 -0.772846 0.265219
v -0.094189 -0.777825 0.291550
v 0.041480 -0.746591 0.108561
v 0.079132 -0.748782 0.123587
v 0.111281 -0.751483 0.138143
v 0.037570 -0.750555 0.144932
v 0.073018 -0.751911 0.153129
v 0.104334 -0.754009 0.162322
v 0.035370 -0.756738 0.178411
v 0.069031 -0.757001 0.182333
v 0.099287 -0.757918 0.187271
v -0.099287 -0.757918 0.187271
v -0.104334 -0.754009 0.162322
v -0.111281 -0.751482 0.138143
v -0.069031 -0.757001 0.182333
v -0.073018 -0.751911 0.153129
v -0.079132 -0.748782 0.123587
v -0.035370 -0.756738 0.178411
v -0.037570 -0.750555 0.144932
v -0.041480 -0.746591 0.108561
v 0.067863 -0.674774 -0.897353
v 0.046138 -0.673853 -0.900871
v 0.023338 -0.673350 -0.902912
v 0.081493 -0.662941 -0.908222
v 0.055613 -0.662659 -0.911699
v 0.028192 -0.662590 -0.913828
v 0.095278 -0.648602 -0.919807
v 0.065134 -0.649115 -0.923255
v 0.033052 -0.649591 -0.925476
v -0.033052 -0.649591 -0.925476
v -0.028192 -0.662590 -0.913828
v -0.023338 -0.673350 -0.902912
v -0.065134 -0.649115 -0.923255
v -0.055613 -0.662659 -0.911699
v -0.046138 -0.673853 -0.900871
v -0.095278 -0.648602 -0.919807
v -0.081493 -0.662941 -0.908222
v -0.067863 -0.674774 -0.897353
v 0.134292 -0.684070 -0.863997
v 0.121518 -0.680748 -0.876212
v 0.105976 -0.678146 -0.885409
v 0.157476 -0.669148 -0.878035
v 0.143155 -0.666501 -0.889113
v 0.125670 -0.664703 -0.897312
v 0.182193 -0.650973 -0.892810
v 0.165900 -0.649197 -0.902674
v 0.146063 -0.648391 -0.909876
v -0.146063 -0.648391 -0.909876
v -0.125670 -0.664703 -0.897312
v -0.105976 -0.678146 -0.885409
v -0.165900 -0.649197 -0.902674
v -0.143155 -0.666501 -0.889113
v -0.121518 -0.680748 -0.876212
v -0.182193 -0.650973 -0.892810
v -0.157476 -0.669148 -0.878035
v -0.134293 -0.684070 -0.863997
v 0.152426 -0.704664 -0.781486
v 0.153101 -0.698757 -0.805423
v 0.150329 -0.693153 -0.828175
v 0.183758 -0.688988 -0.798775
v 0.181429 -0.683162 -0.822323
v 0.176512 -0.677608 -0.844326
v 0.215999 -0.669671 -0.817602
v 0.211680 -0.663806 -0.840761
v 0.204833 -0.658403 -0.861737
v -0.204833 -0.658403 -0.861737
v -0.176512 -0.677608 -0.844326
v -0.150329 -0.693153 -0.828175
v -0.211680 -0.663806 -0.840761
v -0.181429 -0.683162 -0.822324
v -0.153101 -0.698757 -0.805423
v -0.215999 -0.669671 -0.817602
v -0.183758 -0.688988 -0.798775
v -0.152426 -0.704664 -0.781486
v 0.186637 -0.707030 -0.515521
v 0.156312 -0.721160 -0.514632
v 0.126264 -0.731093 -0.513535
v 0.194903 -0.703376 -0.570259
v 0.163971 -0.717679 -0.568682
v 0.133145 -0.727933 -0.566855
v 0.202785 -0.699076 -0.623618
v 0.171370 -0.713688 -0.620651
v 0.139869 -0.724370 -0.617568
v -0.139869 -0.724370 -0.617568
v -0.133145 -0.727933 -0.566855
v -0.126264 -0.731093 -0.513535
v -0.171370 -0.713688 -0.620651
v -0.163971 -0.717678 -0.568682
v -0.156312 -0.721160 -0.514632
v -0.202785 -0.699076 -0.623618
v -0.194903 -0.703376 -0.570259
v -0.186637 -0.707030 -0.515521
v 0.150301 -0.713157 -0.739526
v 0.184862 -0.698718 -0.753541
v 0.218739 -0.680671 -0.768942
v 0.150353 -0.715556 -0.719635
v 0.184159 -0.702409 -0.730225
v 0.217512 -0.685457 -0.742106
v 0.148864 -0.718036 -0.694642
v 0.181828 -0.705951 -0.702123
v 0.214454 -0.690012 -0.710415
v -0.214454 -0.690012 -0.710415
v -0.217512 -0.685457 -0.742106
v -0.218739 -0.680671 -0.768942
v -0.181828 -0.705951 -0.702123
v -0.184159 -0.702409 -0.730225
v -0.184862 -0.698718 -0.753541
v -0.148864 -0.718036 -0.694642
v -0.150353 -0.715556 -0.719635
v -0.150301 -0.713157 -0.739526
v 0.065085 -0.745006 -0.344418
v 0.042649 -0.746688 -0.350462
v 0.021101 -0.747290 -0.354771
v 0.064546 -0.744081 -0.377788
v 0.042190 -0.745845 -0.381135
v 0.020838 -0.746490 -0.383844
v 0.065154 -0.743908 -0.416863
v 0.042465 -0.745747 -0.418482
v 0.020941 -0.746424 -0.419946
v -0.020941 -0.746424 -0.419946
v -0.020838 -0.746490 -0.383844
v -0.021101 -0.747290 -0.354771
v -0.042465 -0.745748 -0.418482
v -0.042190 -0.745845 -0.381135
v -0.042649 -0.746688 -0.350462
v -0.065154 -0.743908 -0.416863
v -0.064546 -0.744081 -0.377788
v -0.065085 -0.745006 -0.344418
v 0.080303 -0.736083 -0.613088
v 0.075691 -0.738981 -0.563896
v 0.071045 -0.741600 -0.511962
v 0.052751 -0.738360 -0.612032
v 0.049554 -0.741123 -0.563076
v 0.046346 -0.743631 -0.511690
v 0.026140 -0.739199 -0.611542
v 0.024505 -0.741912 -0.562633
v 0.022868 -0.744380 -0.511619
v -0.022868 -0.744380 -0.511619
v -0.046346 -0.743631 -0.511690
v -0.071045 -0.741600 -0.511961
v -0.024505 -0.741912 -0.562633
v -0.049554 -0.741123 -0.563076
v -0.075691 -0.738981 -0.563896
v -0.026140 -0.739199 -0.611542
v -0.052751 -0.738360 -0.612032
v -0.080303 -0.736083 -0.613088
v 0.027740 -0.733385 -0.727459
v 0.055936 -0.732440 -0.725266
v 0.085166 -0.729669 -0.724953
v 0.028115 -0.734291 -0.710584
v 0.056704 -0.733286 -0.709154
v 0.086265 -0.730494 -0.709067
v 0.028053 -0.735301 -0.686734
v 0.056544 -0.734329 -0.686169
v 0.085916 -0.731681 -0.686613
v -0.085916 -0.731680 -0.686613
v -0.086265 -0.730494 -0.709067
v -0.085166 -0.729669 -0.724953
v -0.056544 -0.734329 -0.686169
v -0.056704 -0.733286 -0.709154
v -0.055936 -0.732440 -0.725266
v -0.028053 -0.735302 -0.686734
v -0.028115 -0.734291 -0.710584
v -0.027740 -0.733385 -0.727459
v 0.117014 -0.758940 -0.240188
v 0.115335 -0.768887 -0.238214
v 0.114745 -0.778830 -0.236537
v 0.110079 -0.757280 -0.256760
v 0.107932 -0.767214 -0.253500
v 0.107235 -0.776974 -0.250847
v 0.099327 -0.755562 -0.273271
v 0.096889 -0.765259 -0.267809
v 0.096176 -0.774717 -0.263848
v -0.096176 -0.774717 -0.263848
v -0.107235 -0.776974 -0.250847
v -0.114745 -0.778830 -0.236537
v -0.096889 -0.765259 -0.267809
v -0.107932 -0.767214 -0.253500
v -0.115335 -0.768887 -0.238214
v -0.099327 -0.755562 -0.273271
v -0.110079 -0.757280 -0.256760
v -0.117014 -0.758940 -0.240188
v 0.106794 -0.760000 -0.166920
v 0.106989 -0.766677 -0.167085
v 0.107510 -0.775254 -0.166594
v 0.115234 -0.760596 -0.184790
v 0.114855 -0.768273 -0.184421
v 0.114882 -0.777359 -0.183829
v 0.119661 -0.760698 -0.203920
v 0.118855 -0.769447 -0.203121
v 0.118597 -0.779031 -0.202376
v -0.118597 -0.779031 -0.202376
v -0.114882 -0.777359 -0.183829
v -0.107510 -0.775254 -0.166594
v -0.118855 -0.769447 -0.203121
v -0.114855 -0.768273 -0.184421
v -0.106989 -0.766677 -0.167085
v -0.119661 -0.760698 -0.203920
v -0.115234 -0.760596 -0.184790
v -0.106794 -0.760000 -0.166920
v 0.036932 -0.756297 -0.134821
v 0.044320 -0.763474 -0.137943
v 0.050168 -0.772026 -0.138231
v 0.057899 -0.756873 -0.135135
v 0.062276 -0.763376 -0.138042
v 0.066381 -0.771649 -0.138302
v 0.077552 -0.757914 -0.141003
v 0.079878 -0.763960 -0.143007
v 0.082400 -0.772087 -0.143001
v -0.082400 -0.772087 -0.143001
v -0.066381 -0.771649 -0.138302
v -0.050168 -0.772026 -0.138231
v -0.079878 -0.763960 -0.143007
v -0.062276 -0.763376 -0.138042
v -0.044320 -0.763474 -0.137943
v -0.077552 -0.757914 -0.141003
v -0.057899 -0.756873 -0.135135
v -0.036932 -0.756297 -0.134821
v 0.002502 -0.766082 -0.166231
v 0.004851 -0.771176 -0.167531
v 0.006904 -0.779284 -0.167832
v 0.005492 -0.762902 -0.160321
v 0.010488 -0.768974 -0.160480
v 0.014580 -0.777458 -0.160148
v 0.009863 -0.759518 -0.150519
v 0.017888 -0.766493 -0.151062
v 0.023826 -0.775232 -0.150750
v -0.023826 -0.775232 -0.150750
v -0.014580 -0.777458 -0.160148
v -0.006904 -0.779284 -0.167832
v -0.017888 -0.766493 -0.151062
v -0.010488 -0.768974 -0.160480
v -0.004851 -0.771176 -0.167531
v -0.009863 -0.759518 -0.150519
v -0.005492 -0.762902 -0.160321
v -0.002502 -0.766082 -0.166231
v 0.021929 -0.755181 -0.318573
v 0.043686 -0.754992 -0.312150
v 0.064937 -0.754573 -0.302267
v 0.022240 -0.762383 -0.309562
v 0.043889 -0.762474 -0.302908
v 0.064256 -0.762774 -0.293089
v 0.022407 -0.770541 -0.303797
v 0.044032 -0.770775 -0.297062
v 0.064079 -0.771417 -0.287371
v -0.064079 -0.771417 -0.287371
v -0.064256 -0.762774 -0.293089
v -0.064937 -0.754573 -0.302267
v -0.044032 -0.770775 -0.297062
v -0.043889 -0.762474 -0.302908
v -0.043686 -0.754992 -0.312150
v -0.022407 -0.770541 -0.303798
v -0.022240 -0.762383 -0.309562
v -0.021929 -0.755181 -0.318573
v 0.021942 -0.786055 -0.293658
v 0.043055 -0.786366 -0.287135
v 0.062520 -0.787214 -0.278003
v 0.021447 -0.792683 -0.286883
v 0.041939 -0.792963 -0.280865
v 0.060568 -0.793753 -0.272614
v 0.021108 -0.798809 -0.278541
v 0.040962 -0.798960 -0.273463
v 0.058383 -0.799439 -0.266828
v -0.058383 -0.799439 -0.266828
v -0.060568 -0.793753 -0.272614
v -0.062520 -0.787214 -0.278003
v -0.040962 -0.798960 -0.273463
v -0.041939 -0.792963 -0.280865
v -0.043055 -0.786366 -0.287135
v -0.021108 -0.798809 -0.278541
v -0.021447 -0.792683 -0.286883
v -0.021942 -0.786055 -0.293658
v 0.009862 -0.797687 -0.170132
v 0.011334 -0.805761 -0.174208
v 0.014043 -0.812732 -0.180529
v 0.020087 -0.795661 -0.162298
v 0.022556 -0.803512 -0.165962
v 0.026393 -0.810052 -0.170951
v 0.031055 -0.793169 -0.152906
v 0.033699 -0.800830 -0.156587
v 0.037043 -0.807039 -0.161376
v -0.037043 -0.807039 -0.161376
v -0.026393 -0.810052 -0.170951
v -0.014043 -0.812732 -0.180529
v -0.033699 -0.800830 -0.156587
v -0.022556 -0.803512 -0.165962
v -0.011334 -0.805761 -0.174208
v -0.031055 -0.793169 -0.152906
v -0.020087 -0.795661 -0.162298
v -0.009862 -0.797688 -0.170132
v 0.056793 -0.789535 -0.140554
v 0.058039 -0.797218 -0.144836
v 0.058278 -0.803762 -0.151051
v 0.070924 -0.789077 -0.140601
v 0.071031 -0.796838 -0.144960
v 0.070014 -0.803623 -0.151464
v 0.084505 -0.789535 -0.145137
v 0.083380 -0.797218 -0.149195
v 0.081167 -0.803762 -0.155131
v -0.081167 -0.803762 -0.155131
v -0.070014 -0.803623 -0.151464
v -0.058278 -0.803762 -0.151051
v -0.083380 -0.797218 -0.149195
v -0.071031 -0.796838 -0.144960
v -0.058039 -0.797218 -0.144836
v -0.084505 -0.789535 -0.145137
v -0.070924 -0.789077 -0.140601
v -0.056793 -0.789535 -0.140554
v 0.105711 -0.793161 -0.168004
v 0.102244 -0.800809 -0.170515
v 0.096781 -0.806995 -0.173407
v 0.112032 -0.795599 -0.184621
v 0.107679 -0.803347 -0.186123
v 0.100757 -0.809701 -0.187560
v 0.115192 -0.797483 -0.202287
v 0.110292 -0.805244 -0.202802
v 0.102432 -0.811628 -0.203083
v -0.102432 -0.811628 -0.203083
v -0.100757 -0.809701 -0.187560
v -0.096781 -0.806995 -0.173407
v -0.110292 -0.805244 -0.202802
v -0.107679 -0.803347 -0.186123
v -0.102244 -0.800809 -0.170515
v -0.115192 -0.797483 -0.202287
v -0.112032 -0.795599 -0.184621
v -0.105711 -0.793162 -0.168004
v 0.111247 -0.796869 -0.233554
v 0.106206 -0.804282 -0.232143
v 0.097978 -0.810324 -0.230836
v 0.104033 -0.794414 -0.245979
v 0.099407 -0.801514 -0.243606
v 0.091863 -0.807264 -0.241675
v 0.093438 -0.791489 -0.257100
v 0.089571 -0.798271 -0.253766
v 0.083467 -0.803727 -0.251095
v -0.083467 -0.803727 -0.251095
v -0.091863 -0.807264 -0.241675
v -0.097978 -0.810324 -0.230836
v -0.089571 -0.798271 -0.253766
v -0.099407 -0.801515 -0.243606
v -0.106206 -0.804282 -0.232143
v -0.093438 -0.791489 -0.257100
v -0.104033 -0.794414 -0.245979
v -0.111247 -0.796869 -0.233554
v 0.037953 -0.820196 -0.193794
v 0.057452 -0.820492 -0.197981
v 0.075689 -0.819260 -0.200912
v 0.046490 -0.817432 -0.180422
v 0.061994 -0.818119 -0.183869
v 0.077376 -0.817133 -0.186576
v 0.052951 -0.813674 -0.168717
v 0.065527 -0.814340 -0.171098
v 0.078144 -0.813637 -0.173666
v -0.078144 -0.813637 -0.173666
v -0.077376 -0.817132 -0.186576
v -0.075689 -0.819260 -0.200912
v -0.065527 -0.814340 -0.171098
v -0.061994 -0.818119 -0.183869
v -0.057452 -0.820492 -0.197981
v -0.052951 -0.813674 -0.168717
v -0.046490 -0.817432 -0.180422
v -0.037953 -0.820196 -0.193794
v 0.025397 -0.819424 -0.225599
v 0.023451 -0.815540 -0.241768
v 0.022068 -0.810409 -0.256090
v 0.048832 -0.818925 -0.227406
v 0.045519 -0.815105 -0.241289
v 0.042691 -0.810151 -0.253776
v 0.069250 -0.817525 -0.228676
v 0.064894 -0.813907 -0.240684
v 0.060470 -0.809389 -0.251282
v -0.060470 -0.809389 -0.251282
v -0.042691 -0.810151 -0.253776
v -0.022068 -0.810409 -0.256090
v -0.064894 -0.813907 -0.240684
v -0.045519 -0.815105 -0.241289
v -0.023451 -0.815540 -0.241768
v -0.069250 -0.817525 -0.228676
v -0.048832 -0.818925 -0.227406
v -0.025397 -0.819424 -0.225599
v 0.028178 -0.750296 -0.103080
v 0.054475 -0.753520 -0.109941
v 0.077761 -0.756701 -0.122691
v 0.029599 -0.750762 -0.072571
v 0.057840 -0.755838 -0.086147
v 0.083261 -0.760451 -0.105308
v 0.034107 -0.751247 -0.035036
v 0.065781 -0.758364 -0.056842
v 0.094728 -0.764050 -0.083290
v -0.094728 -0.764050 -0.083290
v -0.083261 -0.760451 -0.105308
v -0.077761 -0.756701 -0.122691
v -0.065781 -0.758364 -0.056842
v -0.057840 -0.755838 -0.086147
v -0.054475 -0.753520 -0.109941
v -0.034107 -0.751247 -0.035036
v -0.029599 -0.750762 -0.072571
v -0.028178 -0.750296 -0.103080
v 0.111427 -0.756624 -0.160339
v 0.121350 -0.752939 -0.182273
v 0.127334 -0.748310 -0.204478
v 0.118720 -0.757644 -0.153711
v 0.128620 -0.750233 -0.179667
v 0.135250 -0.742093 -0.204561
v 0.131222 -0.755248 -0.146649
v 0.139237 -0.743160 -0.177728
v 0.145801 -0.731513 -0.205390
v -0.145801 -0.731513 -0.205390
v -0.135250 -0.742093 -0.204561
v -0.127334 -0.748310 -0.204478
v -0.139237 -0.743160 -0.177728
v -0.128620 -0.750233 -0.179667
v -0.121350 -0.752939 -0.182273
v -0.131222 -0.755248 -0.146649
v -0.118720 -0.757644 -0.153711
v -0.111427 -0.756624 -0.160339
v 0.129144 -0.740452 -0.245249
v 0.125760 -0.738111 -0.264336
v 0.120290 -0.736623 -0.284861
v 0.140289 -0.730052 -0.248252
v 0.139633 -0.727148 -0.268207
v 0.137993 -0.725730 -0.289264
v 0.153924 -0.715930 -0.251390
v 0.155700 -0.712558 -0.271895
v 0.157018 -0.711173 -0.293158
v -0.157018 -0.711173 -0.293159
v -0.137993 -0.725730 -0.289264
v -0.120290 -0.736623 -0.284861
v -0.155700 -0.712558 -0.271895
v -0.139633 -0.727148 -0.268207
v -0.125760 -0.738111 -0.264336
v -0.153924 -0.715931 -0.251390
v -0.140289 -0.730052 -0.248252
v -0.129144 -0.740452 -0.245249
v 0.112929 -0.734954 -0.339859
v 0.113587 -0.734605 -0.375469
v 0.116034 -0.734304 -0.415992
v 0.137439 -0.725215 -0.342565
v 0.139840 -0.725219 -0.376985
v 0.143805 -0.724880 -0.416909
v 0.161867 -0.711184 -0.345359
v 0.166258 -0.711333 -0.378798
v 0.171906 -0.710973 -0.418007
v -0.171906 -0.710973 -0.418007
v -0.143805 -0.724880 -0.416909
v -0.116034 -0.734303 -0.415991
v -0.166258 -0.711333 -0.378798
v -0.139840 -0.725219 -0.376985
v -0.113587 -0.734605 -0.375469
v -0.161867 -0.711184 -0.345359
v -0.137439 -0.725215 -0.342565
v -0.112929 -0.734954 -0.339860
v 0.262869 -0.600443 -0.412056
v 0.252566 -0.599469 -0.375959
v 0.242816 -0.598315 -0.345664
v 0.246855 -0.634913 -0.416640
v 0.237081 -0.634213 -0.379429
v 0.227948 -0.633172 -0.348127
v 0.224979 -0.665773 -0.418576
v 0.216255 -0.665564 -0.380630
v 0.208306 -0.664892 -0.348595
v -0.208306 -0.664892 -0.348595
v -0.227948 -0.633172 -0.348127
v -0.242816 -0.598315 -0.345664
v -0.216255 -0.665564 -0.380630
v -0.237081 -0.634213 -0.379428
v -0.252566 -0.599469 -0.375959
v -0.224979 -0.665773 -0.418576
v -0.246855 -0.634913 -0.416640
v -0.262869 -0.600443 -0.412056
v 0.226775 -0.597160 -0.298249
v 0.220401 -0.597982 -0.278808
v 0.214412 -0.600270 -0.260526
v 0.213061 -0.631811 -0.299124
v 0.207096 -0.632599 -0.278907
v 0.201349 -0.635264 -0.259570
v 0.195725 -0.663922 -0.298381
v 0.190713 -0.664942 -0.277566
v 0.185715 -0.668136 -0.257390
v -0.185715 -0.668136 -0.257390
v -0.201349 -0.635264 -0.259570
v -0.214412 -0.600270 -0.260526
v -0.190713 -0.664942 -0.277566
v -0.207096 -0.632599 -0.278907
v -0.220401 -0.597982 -0.278808
v -0.195725 -0.663922 -0.298381
v -0.213061 -0.631811 -0.299124
v -0.226775 -0.597160 -0.298249
v 0.205555 -0.620622 -0.182965
v 0.190210 -0.664270 -0.171025
v 0.170742 -0.707492 -0.156243
v 0.199721 -0.616539 -0.202687
v 0.185647 -0.657297 -0.194688
v 0.169253 -0.696081 -0.185679
v 0.202123 -0.610413 -0.222694
v 0.188842 -0.648452 -0.217884
v 0.173724 -0.684178 -0.212408
v -0.173724 -0.684178 -0.212408
v -0.169253 -0.696081 -0.185679
v -0.170742 -0.707492 -0.156243
v -0.188842 -0.648452 -0.217884
v -0.185647 -0.657297 -0.194688
v -0.190210 -0.664270 -0.171025
v -0.202123 -0.610413 -0.222694
v -0.199721 -0.616539 -0.202687
v -0.205555 -0.620622 -0.182965
v 0.076139 -0.728344 -0.743630
v 0.051805 -0.729764 -0.744465
v 0.026156 -0.730114 -0.747591
v 0.070813 -0.726195 -0.748876
v 0.049291 -0.726772 -0.750197
v 0.025235 -0.726711 -0.753444
v 0.067458 -0.721614 -0.752877
v 0.047420 -0.721693 -0.754359
v 0.024440 -0.721338 -0.757518
v -0.024440 -0.721338 -0.757518
v -0.025235 -0.726711 -0.753444
v -0.026156 -0.730114 -0.747591
v -0.047420 -0.721693 -0.754359
v -0.049291 -0.726772 -0.750197
v -0.051805 -0.729764 -0.744465
v -0.067458 -0.721614 -0.752877
v -0.070813 -0.726195 -0.748876
v -0.076139 -0.728344 -0.743630
v 0.113133 -0.710949 -0.806772
v 0.113348 -0.716011 -0.785337
v 0.108385 -0.720994 -0.764853
v 0.103065 -0.712833 -0.802105
v 0.103148 -0.717433 -0.782484
v 0.098358 -0.721487 -0.764996
v 0.097014 -0.710319 -0.799874
v 0.097221 -0.714622 -0.781904
v 0.092787 -0.718159 -0.766444
v -0.092787 -0.718159 -0.766444
v -0.098358 -0.721487 -0.764996
v -0.108385 -0.720993 -0.764853
v -0.097221 -0.714622 -0.781904
v -0.103148 -0.717434 -0.782484
v -0.113348 -0.716011 -0.785337
v -0.097014 -0.710319 -0.799874
v -0.103065 -0.712833 -0.802105
v -0.113133 -0.710949 -0.806772
v 0.077058 -0.693443 -0.867235
v 0.089928 -0.697138 -0.856801
v 0.100696 -0.701373 -0.843408
v 0.069038 -0.694763 -0.861326
v 0.081109 -0.698744 -0.850769
v 0.091308 -0.703234 -0.837435
v 0.064128 -0.692147 -0.856801
v 0.075668 -0.696220 -0.846354
v 0.085504 -0.700801 -0.833359
v -0.085504 -0.700801 -0.833359
v -0.091308 -0.703234 -0.837435
v -0.100696 -0.701373 -0.843408
v -0.075667 -0.696220 -0.846354
v -0.081109 -0.698744 -0.850769
v -0.089928 -0.697138 -0.856801
v -0.064128 -0.692147 -0.856801
v -0.069038 -0.694763 -0.861326
v -0.077058 -0.693443 -0.867235
v 0.016140 -0.685748 -0.886105
v 0.032102 -0.686619 -0.884180
v 0.047708 -0.688153 -0.880598
v 0.014186 -0.686823 -0.880412
v 0.028283 -0.687642 -0.878513
v 0.042202 -0.689164 -0.874925
v 0.013019 -0.684532 -0.875848
v 0.025995 -0.685217 -0.873965
v 0.038888 -0.686598 -0.870392
v -0.038888 -0.686598 -0.870392
v -0.042202 -0.689164 -0.874925
v -0.047708 -0.688153 -0.880598
v -0.025995 -0.685217 -0.873965
v -0.028283 -0.687642 -0.878513
v -0.032102 -0.686619 -0.884180
v -0.013019 -0.684532 -0.875848
v -0.014186 -0.686823 -0.880412
v -0.016140 -0.685748 -0.886105
v 0.012022 -0.670454 -0.867761
v 0.024030 -0.670855 -0.865910
v 0.036013 -0.671832 -0.862434
v 0.012038 -0.660810 -0.862558
v 0.024038 -0.661125 -0.860708
v 0.035961 -0.661917 -0.857316
v 0.012533 -0.652085 -0.855125
v 0.024945 -0.652360 -0.853231
v 0.037117 -0.652994 -0.849950
v -0.037117 -0.652994 -0.849950
v -0.035961 -0.661917 -0.857316
v -0.036013 -0.671832 -0.862434
v -0.024945 -0.652360 -0.853231
v -0.024038 -0.661125 -0.860708
v -0.024030 -0.670855 -0.865911
v -0.012533 -0.652085 -0.855125
v -0.012038 -0.660810 -0.862558
v -0.012022 -0.670454 -0.867761
v 0.059727 -0.676441 -0.849388
v 0.070704 -0.680084 -0.839570
v 0.080150 -0.684316 -0.827634
v 0.059310 -0.665762 -0.844957
v 0.069962 -0.669020 -0.835803
v 0.079022 -0.673063 -0.824745
v 0.060159 -0.655963 -0.838818
v 0.070219 -0.658872 -0.830796
v 0.078469 -0.662996 -0.821152
v -0.078469 -0.662996 -0.821152
v -0.079022 -0.673063 -0.824745
v -0.080150 -0.684316 -0.827634
v -0.070219 -0.658872 -0.830796
v -0.069962 -0.669020 -0.835803
v -0.070704 -0.680084 -0.839570
v -0.060159 -0.655963 -0.838818
v -0.059310 -0.665762 -0.844956
v -0.059727 -0.676441 -0.849388
v 0.091565 -0.693308 -0.798067
v 0.092076 -0.697395 -0.782688
v 0.088142 -0.700724 -0.769697
v 0.090018 -0.681419 -0.797625
v 0.090552 -0.685093 -0.783635
v 0.086685 -0.688269 -0.771886
v 0.088201 -0.670146 -0.798036
v 0.088621 -0.672748 -0.785915
v 0.084699 -0.675429 -0.775801
v -0.084699 -0.675429 -0.775800
v -0.086685 -0.688269 -0.771886
v -0.088142 -0.700724 -0.769697
v -0.088621 -0.672748 -0.785915
v -0.090552 -0.685093 -0.783635
v -0.092076 -0.697395 -0.782688
v -0.088201 -0.670146 -0.798036
v -0.090018 -0.681419 -0.797625
v -0.091565 -0.693308 -0.798067
v 0.064429 -0.703586 -0.758777
v 0.045403 -0.703317 -0.760333
v 0.023437 -0.702693 -0.763242
v 0.063335 -0.691134 -0.762358
v 0.044627 -0.690842 -0.764052
v 0.023034 -0.690193 -0.766925
v 0.061664 -0.678165 -0.768149
v 0.043408 -0.677888 -0.770049
v 0.022394 -0.677262 -0.772895
v -0.022394 -0.677262 -0.772895
v -0.023034 -0.690193 -0.766926
v -0.023437 -0.702693 -0.763243
v -0.043408 -0.677888 -0.770049
v -0.044627 -0.690842 -0.764052
v -0.045403 -0.703317 -0.760333
v -0.061664 -0.678166 -0.768149
v -0.063335 -0.691134 -0.762358
v -0.064429 -0.703586 -0.758777
v 0.019535 -0.655379 -0.796401
v 0.017441 -0.648474 -0.812920
v 0.015352 -0.645231 -0.829687
v 0.037998 -0.655881 -0.793768
v 0.034058 -0.648895 -0.810489
v 0.030165 -0.645572 -0.827484
v 0.054314 -0.656194 -0.791295
v 0.049026 -0.649270 -0.807728
v 0.043900 -0.646007 -0.824502
v -0.043900 -0.646007 -0.824502
v -0.030165 -0.645572 -0.827484
v -0.015352 -0.645231 -0.829687
v -0.049026 -0.649270 -0.807728
v -0.034058 -0.648895 -0.810489
v -0.017441 -0.648475 -0.812920
v -0.054314 -0.656194 -0.791295
v -0.037998 -0.655881 -0.793768
v -0.019535 -0.655379 -0.796402
v 0.075754 -0.649704 -0.805564
v 0.076340 -0.654823 -0.792801
v 0.070737 -0.649150 -0.805147
v 0.066056 -0.647010 -0.818155
v 0.074048 -0.648984 -0.813838
v 0.080554 -0.653531 -0.807007
v 0.080645 -0.653775 -0.798307
v -0.075754 -0.649704 -0.805564
v -0.080554 -0.653531 -0.807007
v -0.074048 -0.648984 -0.813838
v -0.066056 -0.647010 -0.818155
v -0.070737 -0.649150 -0.805147
v -0.076340 -0.654823 -0.792801
v -0.080645 -0.653775 -0.798307
v 0.143547 -0.763171 0.196134
v 0.148871 -0.760990 0.177032
v 0.155533 -0.759197 0.159118
v 0.157359 -0.766766 0.199312
v 0.162228 -0.765038 0.181695
v 0.168374 -0.763530 0.165258
v 0.167373 -0.769523 0.201958
v 0.171613 -0.768085 0.185219
v 0.177152 -0.766841 0.169589
v -0.177152 -0.766841 0.169589
v -0.168374 -0.763530 0.165258
v -0.155533 -0.759197 0.159118
v -0.171613 -0.768085 0.185219
v -0.162228 -0.765038 0.181695
v -0.148871 -0.760990 0.177032
v -0.167373 -0.769523 0.201958
v -0.157359 -0.766766 0.199312
v -0.143547 -0.763171 0.196134
v 0.137308 -0.772052 0.282894
v 0.136141 -0.769976 0.259946
v 0.137008 -0.767788 0.237710
v 0.152699 -0.772762 0.280542
v 0.151299 -0.771481 0.258894
v 0.151751 -0.770073 0.238015
v 0.164823 -0.773937 0.279157
v 0.163060 -0.773103 0.258611
v 0.162997 -0.772119 0.238758
v -0.162997 -0.772119 0.238758
v -0.151751 -0.770073 0.238015
v -0.137008 -0.767788 0.237710
v -0.163060 -0.773103 0.258611
v -0.151299 -0.771481 0.258894
v -0.136141 -0.769976 0.259946
v -0.164823 -0.773937 0.279157
v -0.152699 -0.772762 0.280542
v -0.137308 -0.772052 0.282894
v 0.167196 -0.777932 0.375912
v 0.155830 -0.777169 0.353469
v 0.147021 -0.775778 0.330072
v 0.180270 -0.776196 0.368584
v 0.169922 -0.775872 0.347449
v 0.161893 -0.775050 0.325272
v 0.191425 -0.775851 0.361993
v 0.181695 -0.775786 0.342218
v 0.174045 -0.775336 0.321395
v -0.174045 -0.775336 0.321395
v -0.161893 -0.775050 0.325272
v -0.147021 -0.775778 0.330072
v -0.181695 -0.775786 0.342218
v -0.169922 -0.775872 0.347449
v -0.155830 -0.777169 0.353469
v -0.191425 -0.775851 0.361993
v -0.180270 -0.776196 0.368584
v -0.167196 -0.777932 0.375912
v 0.173098 -0.757509 0.126955
v 0.185638 -0.756855 0.112354
v 0.202787 -0.755070 0.098240
v 0.184499 -0.761840 0.135885
v 0.196018 -0.761037 0.122494
v 0.211890 -0.759213 0.109373
v 0.192207 -0.765680 0.141566
v 0.203183 -0.765174 0.128753
v 0.218380 -0.763685 0.116215
v -0.218380 -0.763685 0.116215
v -0.211890 -0.759213 0.109373
v -0.202787 -0.755070 0.098240
v -0.203183 -0.765174 0.128753
v -0.196018 -0.761037 0.122494
v -0.185638 -0.756855 0.112354
v -0.192207 -0.765680 0.141566
v -0.184499 -0.761840 0.135885
v -0.173098 -0.757509 0.126955
v 0.256754 -0.744467 0.070252
v 0.292430 -0.735689 0.057733
v 0.330424 -0.725861 0.048408
v 0.262411 -0.749455 0.082452
v 0.295980 -0.741570 0.069970
v 0.331746 -0.732760 0.060392
v 0.266785 -0.754770 0.090660
v 0.298920 -0.747381 0.078886
v 0.333130 -0.739084 0.069870
v -0.333130 -0.739084 0.069870
v -0.331746 -0.732760 0.060392
v -0.330424 -0.725861 0.048408
v -0.298920 -0.747381 0.078886
v -0.295980 -0.741570 0.069970
v -0.292430 -0.735689 0.057733
v -0.266785 -0.754770 0.090660
v -0.262411 -0.749455 0.082452
v -0.256754 -0.744467 0.070252
v 0.402813 -0.706982 0.045944
v 0.435261 -0.698735 0.053950
v 0.466136 -0.691045 0.067443
v 0.399723 -0.715692 0.056685
v 0.430122 -0.708052 0.063751
v 0.459096 -0.700722 0.076112
v 0.398026 -0.722988 0.066364
v 0.426976 -0.715726 0.072987
v 0.454528 -0.708627 0.084600
v -0.454528 -0.708627 0.084600
v -0.459096 -0.700722 0.076112
v -0.466136 -0.691045 0.067443
v -0.426976 -0.715726 0.072987
v -0.430122 -0.708052 0.063751
v -0.435261 -0.698735 0.053950
v -0.398026 -0.722988 0.066364
v -0.399723 -0.715692 0.056685
v -0.402813 -0.706982 0.045944
v 0.526121 -0.676530 0.108378
v 0.554357 -0.669994 0.134023
v 0.579276 -0.664588 0.161559
v 0.515841 -0.686092 0.114275
v 0.542769 -0.679145 0.138343
v 0.566589 -0.673215 0.164237
v 0.508402 -0.693816 0.120550
v 0.533932 -0.686506 0.143269
v 0.556480 -0.680160 0.167740
v -0.556480 -0.680160 0.167740
v -0.566589 -0.673215 0.164237
v -0.579276 -0.664588 0.161559
v -0.533932 -0.686506 0.143269
v -0.542769 -0.679145 0.138343
v -0.554357 -0.669994 0.134023
v -0.508402 -0.693816 0.120550
v -0.515841 -0.686092 0.114275
v -0.526121 -0.676530 0.108378
v 0.612730 -0.659093 0.217647
v 0.620481 -0.659149 0.244528
v 0.623344 -0.660621 0.269962
v 0.598486 -0.666694 0.217039
v 0.605804 -0.666280 0.242401
v 0.608500 -0.667240 0.266497
v 0.586524 -0.673038 0.217740
v 0.593341 -0.672466 0.241815
v 0.595822 -0.673268 0.264736
v -0.595822 -0.673268 0.264736
v -0.608500 -0.667240 0.266497
v -0.623344 -0.660621 0.269962
v -0.593341 -0.672466 0.241815
v -0.605804 -0.666280 0.242401
v -0.620480 -0.659148 0.244528
v -0.586524 -0.673038 0.217740
v -0.598486 -0.666694 0.217039
v -0.612730 -0.659093 0.217647
v 0.617768 -0.666475 0.314747
v 0.608951 -0.671036 0.334099
v 0.594492 -0.677376 0.352006
v 0.603480 -0.671721 0.309411
v 0.595435 -0.675520 0.328142
v 0.582106 -0.681247 0.345434
v 0.591231 -0.677164 0.305726
v 0.583837 -0.680589 0.323675
v 0.571462 -0.686053 0.340228
v -0.571462 -0.686053 0.340228
v -0.582105 -0.681247 0.345434
v -0.594492 -0.677376 0.352006
v -0.583837 -0.680589 0.323675
v -0.595435 -0.675520 0.328142
v -0.608951 -0.671036 0.334099
v -0.591231 -0.677164 0.305726
v -0.603481 -0.671721 0.309411
v -0.617768 -0.666475 0.314747
v 0.544154 -0.697265 0.385272
v 0.510111 -0.709850 0.400885
v 0.474097 -0.722285 0.415559
v 0.535142 -0.700921 0.376880
v 0.503174 -0.713776 0.391232
v 0.469253 -0.726371 0.404541
v 0.527328 -0.706003 0.370102
v 0.497092 -0.719273 0.383589
v 0.464918 -0.732152 0.396012
v -0.464918 -0.732152 0.396012
v -0.469253 -0.726371 0.404541
v -0.474097 -0.722285 0.415559
v -0.497092 -0.719273 0.383589
v -0.503174 -0.713776 0.391232
v -0.510111 -0.709850 0.400884
v -0.527328 -0.706003 0.370102
v -0.535142 -0.700921 0.376880
v -0.544155 -0.697265 0.385272
v 0.408100 -0.741018 0.441173
v 0.380539 -0.746649 0.451464
v 0.355854 -0.750792 0.459525
v 0.406775 -0.744041 0.427532
v 0.380547 -0.748450 0.436727
v 0.357026 -0.751268 0.443908
v 0.405413 -0.749066 0.417280
v 0.380332 -0.752444 0.425713
v 0.357817 -0.754118 0.432257
v -0.357817 -0.754118 0.432257
v -0.357026 -0.751268 0.443908
v -0.355854 -0.750792 0.459525
v -0.380332 -0.752445 0.425713
v -0.380547 -0.748450 0.436727
v -0.380539 -0.746649 0.451464
v -0.405413 -0.749066 0.417280
v -0.406775 -0.744041 0.427532
v -0.408100 -0.741018 0.441173
v 0.312272 -0.757862 0.467314
v 0.292229 -0.761521 0.466566
v 0.272769 -0.765158 0.462634
v 0.315633 -0.756463 0.450801
v 0.296719 -0.759735 0.450124
v 0.278425 -0.763206 0.446655
v 0.318307 -0.757677 0.438432
v 0.300365 -0.760589 0.437726
v 0.283095 -0.763852 0.434460
v -0.283095 -0.763852 0.434460
v -0.278425 -0.763206 0.446655
v -0.272769 -0.765158 0.462634
v -0.300365 -0.760589 0.437726
v -0.296719 -0.759735 0.450124
v -0.292229 -0.761521 0.466566
v -0.318307 -0.757677 0.438432
v -0.315633 -0.756463 0.450801
v -0.312272 -0.757862 0.467314
v 0.234088 -0.771872 0.445060
v 0.215112 -0.774616 0.431632
v 0.197209 -0.776671 0.415445
v 0.242208 -0.769770 0.431286
v 0.224508 -0.772454 0.419461
v 0.207876 -0.774518 0.404990
v 0.249153 -0.769965 0.420216
v 0.232652 -0.772358 0.409283
v 0.217169 -0.774183 0.395881
v -0.217169 -0.774183 0.395881
v -0.207876 -0.774518 0.404990
v -0.197209 -0.776671 0.415445
v -0.232652 -0.772358 0.409283
v -0.224508 -0.772454 0.419461
v -0.215112 -0.774616 0.431632
v -0.249153 -0.769965 0.420216
v -0.242208 -0.769770 0.431286
v -0.234088 -0.771872 0.445060
v 0.259708 -0.769803 0.403745
v 0.245279 -0.771178 0.393796
v 0.231686 -0.772048 0.381738
v 0.263631 -0.767892 0.397358
v 0.250078 -0.768633 0.387851
v 0.237253 -0.768880 0.376381
v 0.267003 -0.765171 0.391703
v 0.254262 -0.765228 0.382629
v 0.242130 -0.764796 0.371722
v -0.242130 -0.764796 0.371722
v -0.237253 -0.768880 0.376381
v -0.231686 -0.772048 0.381738
v -0.254262 -0.765228 0.382629
v -0.250078 -0.768633 0.387851
v -0.245279 -0.771178 0.393796
v -0.267003 -0.765171 0.391703
v -0.263631 -0.767892 0.397358
v -0.259708 -0.769803 0.403745
v 0.321767 -0.759738 0.420993
v 0.305369 -0.762258 0.420076
v 0.289764 -0.765129 0.416917
v 0.322744 -0.758851 0.414227
v 0.306966 -0.761366 0.413171
v 0.292043 -0.764085 0.410045
v 0.323415 -0.757111 0.408210
v 0.308197 -0.759701 0.407003
v 0.293894 -0.762287 0.403905
v -0.293894 -0.762287 0.403905
v -0.292043 -0.764085 0.410045
v -0.289764 -0.765129 0.416917
v -0.308197 -0.759701 0.407003
v -0.306966 -0.761366 0.413171
v -0.305369 -0.762258 0.420076
v -0.323415 -0.757111 0.408210
v -0.322744 -0.758851 0.414227
v -0.321767 -0.759738 0.420993
v 0.402420 -0.754423 0.403625
v 0.379201 -0.756933 0.410865
v 0.358302 -0.757619 0.416283
v 0.400777 -0.752839 0.398952
v 0.378337 -0.755547 0.405589
v 0.358093 -0.756445 0.410380
v 0.399073 -0.749425 0.395126
v 0.377350 -0.752596 0.401152
v 0.357702 -0.753999 0.405285
v -0.357702 -0.753999 0.405285
v -0.358093 -0.756445 0.410380
v -0.358302 -0.757619 0.416283
v -0.377350 -0.752596 0.401152
v -0.378337 -0.755547 0.405589
v -0.379201 -0.756933 0.410865
v -0.399073 -0.749425 0.395126
v -0.400777 -0.752839 0.398952
v -0.402420 -0.754423 0.403625
v 0.513751 -0.711004 0.360016
v 0.486329 -0.724760 0.372729
v 0.457033 -0.738007 0.384370
v 0.507488 -0.709318 0.356131
v 0.481286 -0.723002 0.368808
v 0.453258 -0.736228 0.380377
v 0.501426 -0.705845 0.352704
v 0.476370 -0.719322 0.365488
v 0.449544 -0.732437 0.377110
v -0.449544 -0.732437 0.377110
v -0.453258 -0.736228 0.380377
v -0.457033 -0.738007 0.384370
v -0.476370 -0.719322 0.365488
v -0.481286 -0.723002 0.368808
v -0.486329 -0.724760 0.372729
v -0.501426 -0.705845 0.352704
v -0.507488 -0.709319 0.356131
v -0.513751 -0.711004 0.360016
v 0.571037 -0.682263 0.300510
v 0.564512 -0.685371 0.316889
v 0.553496 -0.690643 0.332116
v 0.562354 -0.681022 0.298201
v 0.556064 -0.683994 0.313897
v 0.545492 -0.689153 0.328637
v 0.554231 -0.678181 0.295988
v 0.548095 -0.681019 0.311047
v 0.537868 -0.686054 0.325376
v -0.537868 -0.686054 0.325376
v -0.545492 -0.689153 0.328637
v -0.553496 -0.690643 0.332116
v -0.548095 -0.681019 0.311047
v -0.556064 -0.683994 0.313897
v -0.564512 -0.685371 0.316889
v -0.554231 -0.678181 0.295988
v -0.562354 -0.681022 0.298201
v -0.571037 -0.682263 0.300510
v 0.567060 -0.679015 0.220930
v 0.573023 -0.678281 0.242713
v 0.575134 -0.678916 0.263406
v 0.558683 -0.678563 0.222814
v 0.564358 -0.677646 0.243479
v 0.566351 -0.678062 0.263031
v 0.550836 -0.676685 0.224796
v 0.556283 -0.675536 0.244353
v 0.558188 -0.675668 0.262749
v -0.558188 -0.675668 0.262749
v -0.566351 -0.678062 0.263031
v -0.575134 -0.678916 0.263406
v -0.556283 -0.675536 0.244353
v -0.564358 -0.677646 0.243479
v -0.573024 -0.678281 0.242713
v -0.550836 -0.676685 0.224796
v -0.558683 -0.678563 0.222814
v -0.567060 -0.679016 0.220930
v 0.497187 -0.700882 0.131922
v 0.520173 -0.693317 0.152841
v 0.540370 -0.686651 0.175329
v 0.492068 -0.700290 0.136620
v 0.514001 -0.692868 0.157060
v 0.533254 -0.686295 0.178961
v 0.487104 -0.697993 0.140895
v 0.508077 -0.690826 0.161031
v 0.526488 -0.684451 0.182509
v -0.526488 -0.684452 0.182509
v -0.533254 -0.686295 0.178961
v -0.540370 -0.686652 0.175329
v -0.508077 -0.690826 0.161031
v -0.514001 -0.692868 0.157060
v -0.520173 -0.693317 0.152841
v -0.487104 -0.697993 0.140895
v -0.492068 -0.700290 0.136620
v -0.497187 -0.700882 0.131922
v 0.396082 -0.729294 0.082026
v 0.422863 -0.722466 0.088235
v 0.448196 -0.715672 0.098898
v 0.395131 -0.728108 0.088201
v 0.420902 -0.721442 0.094181
v 0.445213 -0.714787 0.104468
v 0.394164 -0.725120 0.093699
v 0.418946 -0.718598 0.099429
v 0.442264 -0.712077 0.109376
v -0.442264 -0.712077 0.109376
v -0.445213 -0.714787 0.104468
v -0.448196 -0.715672 0.098898
v -0.418946 -0.718598 0.099429
v -0.420902 -0.721442 0.094181
v -0.422863 -0.722466 0.088235
v -0.394164 -0.725121 0.093699
v -0.395131 -0.728108 0.088201
v -0.396082 -0.729294 0.082026
v 0.273520 -0.758846 0.101878
v 0.303680 -0.752077 0.091746
v 0.335671 -0.744347 0.084238
v 0.276439 -0.756524 0.106768
v 0.305745 -0.750085 0.097168
v 0.336761 -0.742675 0.090131
v 0.279191 -0.752359 0.111426
v 0.307688 -0.746267 0.102224
v 0.337772 -0.739199 0.095524
v -0.337772 -0.739199 0.095524
v -0.336761 -0.742675 0.090131
v -0.335671 -0.744348 0.084238
v -0.307688 -0.746267 0.102224
v -0.305745 -0.750085 0.097168
v -0.303680 -0.752077 0.091746
v -0.279191 -0.752359 0.111426
v -0.276439 -0.756524 0.106768
v -0.273520 -0.758846 0.101878
v 0.202645 -0.766693 0.149400
v 0.213114 -0.766988 0.137010
v 0.227673 -0.766306 0.125057
v 0.207091 -0.763293 0.153177
v 0.217367 -0.763835 0.140940
v 0.231670 -0.763400 0.129177
v 0.211277 -0.758256 0.156952
v 0.221375 -0.758972 0.144855
v 0.235439 -0.758712 0.133246
v -0.235439 -0.758712 0.133246
v -0.231670 -0.763400 0.129177
v -0.227673 -0.766306 0.125057
v -0.221375 -0.758972 0.144856
v -0.217367 -0.763835 0.140940
v -0.213114 -0.766988 0.137010
v -0.211277 -0.758256 0.156952
v -0.207091 -0.763293 0.153177
v -0.202645 -0.766693 0.149400
v 0.208399 -0.772775 0.351772
v 0.199142 -0.772785 0.334421
v 0.191603 -0.772595 0.316076
v 0.214743 -0.768829 0.348061
v 0.205499 -0.768714 0.331702
v 0.197862 -0.768472 0.314362
v 0.220219 -0.763845 0.344927
v 0.210899 -0.763539 0.329467
v 0.203107 -0.763172 0.313030
v -0.203107 -0.763172 0.313030
v -0.197862 -0.768472 0.314362
v -0.191603 -0.772595 0.316076
v -0.210899 -0.763539 0.329467
v -0.205499 -0.768714 0.331702
v -0.199142 -0.772785 0.334421
v -0.220219 -0.763845 0.344927
v -0.214743 -0.768829 0.348061
v -0.208399 -0.772775 0.351772
v 0.181958 -0.771699 0.278188
v 0.179752 -0.771019 0.259371
v 0.179063 -0.770190 0.241017
v 0.188126 -0.767375 0.278220
v 0.185964 -0.766527 0.260098
v 0.185282 -0.765567 0.242352
v 0.193341 -0.761692 0.278454
v 0.191336 -0.760580 0.260957
v 0.190798 -0.759409 0.243766
v -0.190798 -0.759409 0.243766
v -0.185282 -0.765567 0.242352
v -0.179063 -0.770190 0.241017
v -0.191336 -0.760580 0.260957
v -0.185964 -0.766527 0.260098
v -0.179752 -0.771019 0.259371
v -0.193341 -0.761692 0.278454
v -0.188126 -0.767375 0.278220
v -0.181958 -0.771699 0.278187
v 0.181552 -0.768137 0.206739
v 0.184648 -0.767141 0.191051
v 0.189096 -0.766449 0.176296
v 0.187385 -0.763613 0.209148
v 0.190094 -0.762858 0.193932
v 0.194130 -0.762469 0.179576
v 0.192756 -0.757491 0.211575
v 0.195159 -0.756989 0.196818
v 0.198841 -0.756913 0.182856
v -0.198841 -0.756913 0.182856
v -0.194130 -0.762469 0.179576
v -0.189096 -0.766449 0.176296
v -0.195159 -0.756989 0.196818
v -0.190094 -0.762858 0.193932
v -0.184648 -0.767141 0.191051
v -0.192756 -0.757491 0.211575
v -0.187385 -0.763614 0.209148
v -0.181552 -0.768137 0.206739
v 0.020032 -0.706410 0.441306
v 0.040333 -0.707706 0.453320
v 0.061134 -0.709482 0.474000
v 0.021432 -0.676115 0.442003
v 0.043606 -0.677093 0.453352
v 0.066963 -0.678240 0.473182
v 0.022694 -0.647612 0.443812
v 0.047364 -0.648048 0.453994
v 0.075530 -0.647801 0.472398
v -0.075530 -0.647801 0.472398
v -0.066963 -0.678240 0.473182
v -0.061134 -0.709482 0.474000
v -0.047364 -0.648048 0.453994
v -0.043606 -0.677093 0.453352
v -0.040333 -0.707706 0.453320
v -0.022694 -0.647612 0.443812
v -0.021432 -0.676115 0.442003
v -0.020032 -0.706410 0.441306
v 0.104637 -0.713524 0.542525
v 0.128121 -0.715075 0.585549
v 0.153734 -0.715653 0.627617
v 0.114151 -0.682001 0.540233
v 0.137575 -0.684231 0.582376
v 0.161895 -0.685644 0.623022
v 0.132380 -0.651203 0.537395
v 0.155421 -0.655281 0.577970
v 0.176506 -0.658865 0.615733
v -0.176506 -0.658865 0.615733
v -0.161895 -0.685644 0.623022
v -0.153734 -0.715653 0.627617
v -0.155421 -0.655281 0.577970
v -0.137575 -0.684231 0.582376
v -0.128121 -0.715075 0.585549
v -0.132380 -0.651203 0.537395
v -0.114151 -0.682001 0.540233
v -0.104637 -0.713524 0.542525
v 0.214589 -0.711863 0.688815
v 0.249844 -0.707245 0.702853
v 0.287237 -0.701113 0.705708
v 0.219938 -0.681972 0.681183
v 0.254262 -0.677066 0.694391
v 0.290529 -0.671392 0.697163
v 0.227319 -0.655750 0.666449
v 0.259993 -0.650146 0.678100
v 0.294015 -0.645693 0.681412
v -0.294015 -0.645693 0.681412
v -0.290529 -0.671392 0.697163
v -0.287237 -0.701113 0.705708
v -0.259993 -0.650146 0.678100
v -0.254262 -0.677066 0.694391
v -0.249844 -0.707244 0.702853
v -0.227319 -0.655750 0.666449
v -0.219938 -0.681972 0.681183
v -0.214589 -0.711863 0.688815
v 0.365328 -0.684526 0.678544
v 0.405971 -0.674155 0.651803
v 0.448624 -0.662487 0.620461
v 0.365189 -0.655426 0.670692
v 0.404027 -0.644554 0.644248
v 0.445522 -0.632118 0.613178
v 0.359276 -0.631473 0.657880
v 0.393710 -0.619286 0.632072
v 0.432625 -0.604769 0.601378
v -0.432625 -0.604769 0.601378
v -0.445522 -0.632118 0.613178
v -0.448624 -0.662487 0.620461
v -0.393710 -0.619286 0.632072
v -0.404027 -0.644554 0.644248
v -0.405971 -0.674155 0.651803
v -0.359276 -0.631473 0.657880
v -0.365189 -0.655426 0.670692
v -0.365328 -0.684526 0.678544
v 0.542314 -0.635631 0.556708
v 0.591806 -0.621264 0.528040
v 0.640266 -0.607241 0.502260
v 0.539147 -0.603778 0.551000
v 0.588823 -0.588971 0.523528
v 0.636669 -0.574796 0.498730
v 0.530438 -0.571179 0.541727
v 0.582531 -0.554945 0.516262
v 0.630426 -0.539991 0.492841
v -0.630426 -0.539991 0.492841
v -0.636669 -0.574796 0.498730
v -0.640266 -0.607241 0.502259
v -0.582531 -0.554945 0.516262
v -0.588823 -0.588971 0.523528
v -0.591806 -0.621264 0.528040
v -0.530438 -0.571179 0.541727
v -0.539147 -0.603778 0.551000
v -0.542314 -0.635631 0.556708
v 0.726052 -0.582796 0.460548
v 0.760152 -0.571276 0.440872
v 0.786729 -0.557905 0.416579
v 0.720637 -0.550918 0.458251
v 0.754218 -0.540036 0.438955
v 0.780577 -0.527439 0.415005
v 0.711857 -0.516285 0.453891
v 0.744358 -0.506105 0.435191
v 0.770089 -0.494339 0.411960
v -0.770088 -0.494339 0.411960
v -0.780577 -0.527439 0.415005
v -0.786729 -0.557905 0.416579
v -0.744358 -0.506105 0.435191
v -0.754218 -0.540036 0.438955
v -0.760152 -0.571276 0.440872
v -0.711857 -0.516285 0.453891
v -0.720637 -0.550918 0.458251
v -0.726052 -0.582796 0.460548
v 0.812683 -0.519265 0.338616
v 0.810922 -0.496565 0.285278
v 0.799363 -0.477150 0.227986
v 0.806980 -0.490434 0.337954
v 0.805776 -0.468363 0.285197
v 0.794852 -0.449253 0.228472
v 0.797316 -0.458531 0.337327
v 0.797502 -0.436530 0.286154
v 0.788298 -0.417026 0.230908
v -0.788298 -0.417026 0.230908
v -0.794852 -0.449253 0.228472
v -0.799363 -0.477150 0.227986
v -0.797502 -0.436530 0.286154
v -0.805776 -0.468363 0.285197
v -0.810922 -0.496565 0.285278
v -0.797316 -0.458531 0.337327
v -0.806980 -0.490434 0.337954
v -0.812683 -0.519265 0.338616
v 0.747521 -0.464456 0.119092
v 0.709635 -0.471695 0.071995
v 0.666743 -0.483262 0.029954
v 0.744099 -0.435669 0.120373
v 0.706635 -0.441973 0.073476
v 0.664181 -0.452787 0.031569
v 0.740964 -0.401055 0.124387
v 0.704870 -0.405775 0.077506
v 0.663459 -0.415367 0.035342
v -0.663459 -0.415367 0.035342
v -0.664181 -0.452787 0.031569
v -0.666743 -0.483262 0.029954
v -0.704870 -0.405775 0.077506
v -0.706635 -0.441973 0.073476
v -0.709635 -0.471695 0.071995
v -0.740964 -0.401055 0.124387
v -0.744099 -0.435669 0.120373
v -0.747521 -0.464455 0.119092
v 0.574726 -0.504654 -0.039350
v 0.527208 -0.511848 -0.067273
v 0.477916 -0.518098 -0.091453
v 0.573351 -0.474763 -0.037492
v 0.526385 -0.483498 -0.065442
v 0.477387 -0.491818 -0.089922
v 0.573428 -0.437863 -0.034327
v 0.525879 -0.448909 -0.062730
v 0.475307 -0.460992 -0.088113
v -0.475307 -0.460992 -0.088113
v -0.477387 -0.491818 -0.089922
v -0.477916 -0.518098 -0.091453
v -0.525879 -0.448909 -0.062730
v -0.526385 -0.483498 -0.065442
v -0.527208 -0.511848 -0.067273
v -0.573428 -0.437863 -0.034327
v -0.573351 -0.474762 -0.037492
v -0.574726 -0.504654 -0.039350
v 0.035786 -0.316508 -0.541938
v 0.038164 -0.302461 -0.511773
v 0.040901 -0.286036 -0.488005
v 0.070957 -0.320147 -0.535133
v 0.075328 -0.305132 -0.504039
v 0.080385 -0.287731 -0.479246
v 0.104898 -0.326467 -0.525455
v 0.110493 -0.310910 -0.493085
v 0.117032 -0.293045 -0.466852
v -0.117032 -0.293045 -0.466852
v -0.080385 -0.287731 -0.479246
v -0.040901 -0.286036 -0.488005
v -0.110493 -0.310910 -0.493085
v -0.075328 -0.305132 -0.504039
v -0.038164 -0.302461 -0.511773
v -0.104898 -0.326467 -0.525455
v -0.070957 -0.320147 -0.535133
v -0.035786 -0.316508 -0.541938
v 0.034374 -0.354165 -0.726097
v 0.033613 -0.344965 -0.673832
v 0.033451 -0.336885 -0.623966
v 0.068818 -0.357788 -0.719873
v 0.067244 -0.349264 -0.667792
v 0.066803 -0.341441 -0.618011
v 0.103402 -0.362724 -0.711016
v 0.100910 -0.355241 -0.659170
v 0.099958 -0.347995 -0.609490
v -0.099958 -0.347995 -0.609490
v -0.066803 -0.341441 -0.618011
v -0.033451 -0.336885 -0.623966
v -0.100910 -0.355241 -0.659170
v -0.067244 -0.349264 -0.667792
v -0.033613 -0.344965 -0.673832
v -0.103402 -0.362724 -0.711016
v -0.068818 -0.357788 -0.719873
v -0.034374 -0.354165 -0.726097
v 0.039419 -0.428530 -0.908193
v 0.038094 -0.404394 -0.870900
v 0.036766 -0.383379 -0.826907
v 0.078843 -0.427016 -0.902885
v 0.076236 -0.404232 -0.865092
v 0.073605 -0.384648 -0.820738
v 0.118274 -0.424577 -0.895366
v 0.114475 -0.403730 -0.856873
v 0.110590 -0.386199 -0.812003
v -0.110590 -0.386199 -0.812004
v -0.073605 -0.384648 -0.820738
v -0.036766 -0.383379 -0.826907
v -0.114475 -0.403730 -0.856873
v -0.076236 -0.404232 -0.865092
v -0.038094 -0.404394 -0.870900
v -0.118274 -0.424577 -0.895366
v -0.078843 -0.427016 -0.902885
v -0.039419 -0.428530 -0.908193
v 0.128366 -0.527559 -0.962783
v 0.086246 -0.532758 -0.967425
v 0.043324 -0.536281 -0.970628
v 0.127117 -0.500885 -0.957865
v 0.085181 -0.506168 -0.963125
v 0.042722 -0.509716 -0.966782
v 0.124833 -0.474029 -0.946004
v 0.083470 -0.478942 -0.951973
v 0.041810 -0.482207 -0.956154
v -0.041810 -0.482207 -0.956155
v -0.042722 -0.509716 -0.966782
v -0.043324 -0.536281 -0.970628
v -0.083470 -0.478942 -0.951973
v -0.085181 -0.506168 -0.963125
v -0.086246 -0.532758 -0.967425
v -0.124833 -0.474029 -0.946004
v -0.127117 -0.500885 -0.957865
v -0.128366 -0.527560 -0.962783
v 0.274822 -0.501707 -0.933580
v 0.244120 -0.507630 -0.943661
v 0.208369 -0.514367 -0.951180
v 0.274748 -0.474591 -0.925677
v 0.244266 -0.480405 -0.936729
v 0.208007 -0.487259 -0.944953
v 0.270342 -0.451182 -0.912228
v 0.241406 -0.455251 -0.923091
v 0.205537 -0.461176 -0.931663
v -0.205537 -0.461176 -0.931663
v -0.208007 -0.487259 -0.944953
v -0.208369 -0.514367 -0.951180
v -0.241406 -0.455251 -0.923091
v -0.244266 -0.480405 -0.936729
v -0.244120 -0.507630 -0.943661
v -0.270342 -0.451182 -0.912228
v -0.274748 -0.474591 -0.925677
v -0.274822 -0.501707 -0.933580
v 0.328474 -0.494848 -0.848295
v 0.324419 -0.493724 -0.877407
v 0.315037 -0.494487 -0.901159
v 0.320581 -0.462644 -0.827240
v 0.319113 -0.463197 -0.860920
v 0.312088 -0.465757 -0.888613
v 0.304873 -0.434378 -0.805785
v 0.306070 -0.437068 -0.843669
v 0.301895 -0.442115 -0.874370
v -0.301895 -0.442115 -0.874370
v -0.312088 -0.465757 -0.888613
v -0.315037 -0.494487 -0.901159
v -0.306070 -0.437068 -0.843669
v -0.319113 -0.463197 -0.860920
v -0.324419 -0.493724 -0.877407
v -0.304873 -0.434378 -0.805785
v -0.320581 -0.462644 -0.827240
v -0.328474 -0.494848 -0.848295
v 0.316893 -0.512927 -0.680394
v 0.322393 -0.507478 -0.728845
v 0.326481 -0.502167 -0.773595
v 0.302773 -0.475444 -0.648791
v 0.308946 -0.471083 -0.697937
v 0.314306 -0.467048 -0.744794
v 0.281495 -0.440752 -0.618008
v 0.288094 -0.437821 -0.667425
v 0.294539 -0.435342 -0.716013
v -0.294539 -0.435342 -0.716013
v -0.314306 -0.467048 -0.744794
v -0.326481 -0.502167 -0.773595
v -0.288094 -0.437821 -0.667425
v -0.308946 -0.471083 -0.697937
v -0.322393 -0.507478 -0.728845
v -0.281495 -0.440752 -0.618008
v -0.302773 -0.475444 -0.648791
v -0.316893 -0.512927 -0.680394
v 0.239541 -0.391969 -0.683927
v 0.207208 -0.380654 -0.683970
v 0.173080 -0.373456 -0.690727
v 0.232763 -0.390913 -0.633220
v 0.201257 -0.377797 -0.632792
v 0.168290 -0.368878 -0.639292
v 0.227031 -0.390136 -0.583736
v 0.196775 -0.374987 -0.583293
v 0.165219 -0.364182 -0.589762
v -0.165219 -0.364182 -0.589762
v -0.168290 -0.368878 -0.639291
v -0.173080 -0.373456 -0.690727
v -0.196775 -0.374987 -0.583293
v -0.201257 -0.377797 -0.632792
v -0.207208 -0.380654 -0.683970
v -0.227031 -0.390136 -0.583736
v -0.232763 -0.390913 -0.633220
v -0.239541 -0.391969 -0.683927
v 0.253815 -0.398873 -0.783201
v 0.259242 -0.406446 -0.827348
v 0.262230 -0.417576 -0.864183
v 0.220888 -0.391743 -0.784971
v 0.227200 -0.401816 -0.830694
v 0.232406 -0.415581 -0.870042
v 0.185012 -0.388776 -0.792137
v 0.191055 -0.401383 -0.838108
v 0.196647 -0.417597 -0.878001
v -0.196647 -0.417597 -0.878001
v -0.232406 -0.415581 -0.870042
v -0.262230 -0.417576 -0.864183
v -0.191055 -0.401383 -0.838108
v -0.227200 -0.401816 -0.830694
v -0.259242 -0.406446 -0.827348
v -0.185012 -0.388776 -0.792137
v -0.220888 -0.391743 -0.784971
v -0.253815 -0.398873 -0.783201
v 0.220289 -0.376673 -0.421236
v 0.220113 -0.381509 -0.455124
v 0.220761 -0.385672 -0.493797
v 0.199743 -0.346749 -0.427153
v 0.196649 -0.356177 -0.458635
v 0.194582 -0.364472 -0.495330
v 0.176641 -0.322132 -0.438531
v 0.171160 -0.335937 -0.468092
v 0.166803 -0.348094 -0.503241
v -0.166803 -0.348094 -0.503241
v -0.194582 -0.364472 -0.495330
v -0.220761 -0.385672 -0.493797
v -0.171160 -0.335937 -0.468092
v -0.196649 -0.356177 -0.458635
v -0.220113 -0.381509 -0.455124
v -0.176641 -0.322132 -0.438531
v -0.199743 -0.346749 -0.427153
v -0.220289 -0.376673 -0.421236
v 0.287594 -0.525443 -0.474669
v 0.295748 -0.523902 -0.524217
v 0.303355 -0.521412 -0.576477
v 0.276105 -0.486323 -0.454091
v 0.282979 -0.484751 -0.499498
v 0.289640 -0.482523 -0.548181
v 0.259188 -0.447670 -0.435559
v 0.264260 -0.446775 -0.476590
v 0.269497 -0.445450 -0.521430
v -0.269497 -0.445450 -0.521430
v -0.289640 -0.482523 -0.548180
v -0.303355 -0.521412 -0.576477
v -0.264260 -0.446775 -0.476590
v -0.282979 -0.484751 -0.499498
v -0.295748 -0.523902 -0.524217
v -0.259188 -0.447670 -0.435559
v -0.276105 -0.486324 -0.454091
v -0.287594 -0.525443 -0.474669
v 0.237384 -0.529496 -0.290581
v 0.237136 -0.496506 -0.283462
v 0.239326 -0.461138 -0.273781
v 0.231771 -0.532257 -0.272906
v 0.233118 -0.502304 -0.266116
v 0.238097 -0.472527 -0.255776
v 0.226598 -0.535728 -0.256624
v 0.229012 -0.508336 -0.250416
v 0.235452 -0.483149 -0.240267
v -0.235452 -0.483149 -0.240267
v -0.238097 -0.472527 -0.255776
v -0.239326 -0.461138 -0.273781
v -0.229012 -0.508336 -0.250416
v -0.233118 -0.502304 -0.266116
v -0.237136 -0.496506 -0.283462
v -0.226598 -0.535728 -0.256624
v -0.231771 -0.532257 -0.272906
v -0.237384 -0.529496 -0.290581
v 0.269695 -0.526505 -0.392095
v 0.261301 -0.488288 -0.379268
v 0.248620 -0.448979 -0.368915
v 0.260467 -0.526568 -0.360211
v 0.253903 -0.488991 -0.350128
v 0.243921 -0.449276 -0.342363
v 0.251717 -0.526790 -0.333335
v 0.247272 -0.489868 -0.324939
v 0.240883 -0.449324 -0.317899
v -0.240883 -0.449324 -0.317899
v -0.243921 -0.449276 -0.342363
v -0.248620 -0.448979 -0.368915
v -0.247272 -0.489868 -0.324939
v -0.253903 -0.488991 -0.350128
v -0.261301 -0.488288 -0.379268
v -0.251717 -0.526790 -0.333335
v -0.260467 -0.526568 -0.360211
v -0.269695 -0.526505 -0.392095
v 0.222480 -0.550508 -0.193343
v 0.215544 -0.548197 -0.209145
v 0.216591 -0.544272 -0.225063
v 0.227467 -0.527215 -0.192065
v 0.219944 -0.524375 -0.206557
v 0.220356 -0.519802 -0.221059
v 0.234766 -0.510525 -0.187621
v 0.227113 -0.506452 -0.200365
v 0.227415 -0.500329 -0.213199
v -0.227415 -0.500329 -0.213199
v -0.220356 -0.519802 -0.221059
v -0.216591 -0.544272 -0.225063
v -0.227113 -0.506452 -0.200365
v -0.219944 -0.524375 -0.206557
v -0.215544 -0.548197 -0.209145
v -0.234766 -0.510525 -0.187621
v -0.227467 -0.527215 -0.192065
v -0.222480 -0.550508 -0.193343
v 0.275272 -0.546262 -0.162702
v 0.278913 -0.524150 -0.162622
v 0.281024 -0.508457 -0.161126
v 0.320494 -0.539864 -0.147274
v 0.322432 -0.517925 -0.147040
v 0.320808 -0.501054 -0.146089
v 0.372427 -0.532195 -0.130785
v 0.373045 -0.509529 -0.130182
v 0.369020 -0.489370 -0.129611
v -0.369020 -0.489370 -0.129611
v -0.320808 -0.501054 -0.146089
v -0.281024 -0.508457 -0.161126
v -0.373045 -0.509529 -0.130182
v -0.322432 -0.517925 -0.147040
v -0.278913 -0.524150 -0.162622
v -0.372427 -0.532195 -0.130785
v -0.320494 -0.539864 -0.147274
v -0.275272 -0.546262 -0.162702
v 0.086173 0.719790 0.018757
v 0.168758 0.698267 0.018551
v 0.244164 0.669883 0.018661
v 0.084761 0.686613 -0.050654
v 0.165880 0.666301 -0.047906
v 0.239716 0.640067 -0.043164
v 0.083989 0.644898 -0.111578
v 0.164465 0.625923 -0.106184
v 0.237915 0.601801 -0.097118
v -0.237915 0.601801 -0.097118
v -0.239716 0.640067 -0.043164
v -0.244164 0.669883 0.018661
v -0.164465 0.625923 -0.106184
v -0.165880 0.666301 -0.047906
v -0.168758 0.698267 0.018551
v -0.083989 0.644898 -0.111578
v -0.084761 0.686613 -0.050654
v -0.086173 0.719790 0.018757
v 0.081511 0.533147 -0.216680
v 0.159959 0.516902 -0.207548
v 0.232282 0.496347 -0.192569
v 0.079115 0.461873 -0.262558
v 0.155384 0.447129 -0.252370
v 0.225960 0.428273 -0.235973
v 0.075993 0.379582 -0.303346
v 0.149389 0.366653 -0.292447
v 0.217589 0.349868 -0.275181
v -0.217589 0.349868 -0.275181
v -0.225960 0.428273 -0.235973
v -0.232282 0.496347 -0.192569
v -0.149389 0.366652 -0.292447
v -0.155384 0.447129 -0.252370
v -0.159959 0.516902 -0.207548
v -0.075993 0.379582 -0.303346
v -0.079115 0.461873 -0.262558
v -0.081511 0.533147 -0.216680
v 0.067885 0.181347 -0.367469
v 0.133898 0.173500 -0.355563
v 0.196168 0.162956 -0.336727
v 0.063319 0.074083 -0.390932
v 0.125203 0.068659 -0.378636
v 0.184224 0.060692 -0.358932
v 0.058861 -0.026792 -0.409563
v 0.116639 -0.030848 -0.397054
v 0.172343 -0.038835 -0.376722
v -0.172343 -0.038835 -0.376722
v -0.184224 0.060692 -0.358932
v -0.196168 0.162956 -0.336727
v -0.116639 -0.030848 -0.397054
v -0.125203 0.068659 -0.378636
v -0.133898 0.173500 -0.355563
v -0.058861 -0.026792 -0.409563
v -0.063319 0.074083 -0.390932
v -0.067885 0.181347 -0.367470
v 0.051460 -0.174029 -0.435519
v 0.101315 -0.176106 -0.423728
v 0.147479 -0.185200 -0.405707
v 0.048636 -0.216790 -0.445594
v 0.095147 -0.217911 -0.434554
v 0.137139 -0.224981 -0.418372
v 0.046140 -0.245992 -0.456349
v 0.090125 -0.246738 -0.445963
v 0.129769 -0.252465 -0.431061
v -0.129769 -0.252465 -0.431061
v -0.137139 -0.224981 -0.418372
v -0.147479 -0.185200 -0.405707
v -0.090125 -0.246738 -0.445963
v -0.095147 -0.217911 -0.434554
v -0.101315 -0.176106 -0.423728
v -0.046140 -0.245992 -0.456349
v -0.048636 -0.216790 -0.445594
v -0.051460 -0.174029 -0.435519
v 0.220833 -0.366803 -0.368885
v 0.206038 -0.327078 -0.380190
v 0.187562 -0.292582 -0.395938
v 0.222419 -0.361175 -0.348086
v 0.210631 -0.315757 -0.362224
v 0.194777 -0.274433 -0.380034
v 0.227616 -0.353099 -0.327467
v 0.219177 -0.301360 -0.344493
v 0.206850 -0.250685 -0.363683
v -0.206850 -0.250685 -0.363683
v -0.194777 -0.274433 -0.380034
v -0.187562 -0.292582 -0.395938
v -0.219177 -0.301360 -0.344493
v -0.210631 -0.315757 -0.362224
v -0.206038 -0.327078 -0.380190
v -0.227616 -0.353099 -0.327467
v -0.222419 -0.361175 -0.348086
v -0.220833 -0.366803 -0.368885
v 0.750318 -0.299979 0.136404
v 0.719022 -0.299859 0.086418
v 0.680202 -0.306181 0.040077
v 0.763536 -0.235887 0.143906
v 0.735134 -0.232339 0.090335
v 0.697631 -0.235614 0.039390
v 0.778508 -0.170746 0.153173
v 0.752898 -0.163059 0.095121
v 0.716894 -0.161000 0.038067
v -0.716894 -0.161000 0.038067
v -0.697631 -0.235614 0.039390
v -0.680202 -0.306181 0.040077
v -0.752898 -0.163059 0.095121
v -0.735134 -0.232339 0.090335
v -0.719022 -0.299859 0.086418
v -0.778508 -0.170746 0.153173
v -0.763536 -0.235887 0.143906
v -0.750318 -0.299979 0.136404
v 0.104484 0.762097 0.396425
v 0.204827 0.739690 0.383702
v 0.296888 0.709203 0.365568
v 0.098965 0.769452 0.291673
v 0.194060 0.746737 0.281515
v 0.281418 0.715709 0.267114
v 0.093440 0.762621 0.191018
v 0.183246 0.739856 0.184119
v 0.265787 0.708894 0.174374
v -0.265787 0.708894 0.174374
v -0.281418 0.715709 0.267114
v -0.296888 0.709203 0.365568
v -0.183246 0.739856 0.184118
v -0.194060 0.746737 0.281515
v -0.204827 0.739690 0.383702
v -0.093440 0.762621 0.191018
v -0.098965 0.769452 0.291673
v -0.104484 0.762097 0.396425
v 0.112723 -0.174840 0.882919
v 0.221269 -0.166550 0.873585
v 0.321463 -0.151997 0.857933
v 0.112629 -0.092645 0.912842
v 0.221100 -0.086985 0.903198
v 0.321255 -0.075939 0.886902
v 0.112594 -0.005451 0.930115
v 0.221038 -0.002767 0.920299
v 0.321178 0.004267 0.903588
v -0.321178 0.004267 0.903588
v -0.321255 -0.075939 0.886902
v -0.321463 -0.151997 0.857933
v -0.221038 -0.002767 0.920299
v -0.221100 -0.086985 0.903198
v -0.221269 -0.166550 0.873585
v -0.112594 -0.005451 0.930115
v -0.112629 -0.092645 0.912842
v -0.112723 -0.174840 0.882919
v 0.112594 0.181736 0.931474
v 0.221037 0.176673 0.921964
v 0.321175 0.173344 0.905368
v 0.112628 0.278721 0.914778
v 0.221093 0.269185 0.905528
v 0.321232 0.259863 0.889213
v 0.112720 0.374690 0.883864
v 0.221246 0.360935 0.874581
v 0.321386 0.345826 0.858275
v -0.321386 0.345826 0.858275
v -0.321232 0.259863 0.889213
v -0.321175 0.173344 0.905368
v -0.221246 0.360935 0.874581
v -0.221093 0.269185 0.905528
v -0.221037 0.176673 0.921964
v -0.112720 0.374690 0.883864
v -0.112628 0.278721 0.914778
v -0.112594 0.181736 0.931474
v 0.113097 0.553196 0.771835
v 0.221855 0.533698 0.760596
v 0.321933 0.509877 0.742346
v 0.112871 0.629406 0.692004
v 0.221324 0.608568 0.679193
v 0.320942 0.582125 0.659413
v 0.111677 0.691945 0.600527
v 0.218916 0.670386 0.586549
v 0.317278 0.642140 0.565812
v -0.317278 0.642140 0.565812
v -0.320942 0.582125 0.659413
v -0.321933 0.509877 0.742346
v -0.218916 0.670386 0.586549
v -0.221324 0.608568 0.679193
v -0.221855 0.533698 0.760596
v -0.111677 0.691945 0.600527
v -0.112871 0.629406 0.692004
v -0.113097 0.553196 0.771835
v 0.689360 -0.438602 0.446783
v 0.719594 -0.430670 0.429434
v 0.744623 -0.420794 0.408027
v 0.678355 -0.395578 0.449054
v 0.707960 -0.389194 0.431959
v 0.733344 -0.380419 0.411070
v 0.669410 -0.349852 0.459303
v 0.698942 -0.345083 0.441677
v 0.725128 -0.337554 0.420504
v -0.725128 -0.337554 0.420504
v -0.733344 -0.380419 0.411070
v -0.744623 -0.420794 0.408027
v -0.698942 -0.345083 0.441677
v -0.707960 -0.389194 0.431959
v -0.719594 -0.430670 0.429434
v -0.669410 -0.349852 0.459303
v -0.678355 -0.395578 0.449054
v -0.689360 -0.438602 0.446783
v 0.662904 -0.250583 0.514655
v 0.694470 -0.248590 0.492232
v 0.723415 -0.244086 0.466625
v 0.665129 -0.197250 0.556605
v 0.698558 -0.196350 0.530250
v 0.729163 -0.193589 0.500807
v 0.668985 -0.141634 0.600224
v 0.704339 -0.141760 0.569819
v 0.736462 -0.140812 0.536369
v -0.736462 -0.140812 0.536369
v -0.729163 -0.193589 0.500807
v -0.723415 -0.244086 0.466625
v -0.704338 -0.141760 0.569819
v -0.698558 -0.196350 0.530250
v -0.694470 -0.248590 0.492232
v -0.668985 -0.141634 0.600224
v -0.665129 -0.197250 0.556605
v -0.662904 -0.250583 0.514655
v 0.675357 -0.024175 0.668549
v 0.713253 -0.026558 0.632404
v 0.747022 -0.029183 0.593159
v 0.676643 0.037039 0.687767
v 0.714939 0.033369 0.650316
v 0.748739 0.029094 0.609701
v 0.677099 0.099278 0.697681
v 0.715425 0.094279 0.659571
v 0.748914 0.088501 0.618249
v -0.748914 0.088500 0.618250
v -0.748739 0.029094 0.609701
v -0.747022 -0.029183 0.593159
v -0.715424 0.094279 0.659571
v -0.714939 0.033369 0.650316
v -0.713253 -0.026558 0.632404
v -0.677099 0.099278 0.697681
v -0.676643 0.037039 0.687767
v -0.675357 -0.024175 0.668549
v 0.677051 0.224636 0.692276
v 0.714971 0.216963 0.653621
v 0.747331 0.208640 0.611924
v 0.676594 0.285362 0.675686
v 0.713998 0.275835 0.637622
v 0.745142 0.265635 0.597395
v 0.675431 0.342333 0.647222
v 0.711970 0.329973 0.611147
v 0.741117 0.316384 0.575150
v -0.741117 0.316384 0.575150
v -0.745142 0.265635 0.597395
v -0.747331 0.208640 0.611924
v -0.711971 0.329973 0.611147
v -0.713998 0.275835 0.637622
v -0.714971 0.216963 0.653621
v -0.675431 0.342333 0.647222
v -0.676594 0.285362 0.675687
v -0.677051 0.224636 0.692276
v 0.728124 0.436577 0.365898
v 0.692002 0.471489 0.380083
v 0.653545 0.501375 0.400761
v 0.734016 0.415872 0.434546
v 0.701191 0.447765 0.452734
v 0.663771 0.473937 0.477455
v 0.736026 0.390218 0.494869
v 0.706280 0.416558 0.517998
v 0.669868 0.437839 0.546946
v -0.669868 0.437839 0.546946
v -0.663771 0.473937 0.477455
v -0.653546 0.501375 0.400761
v -0.706280 0.416558 0.517998
v -0.701191 0.447765 0.452734
v -0.692002 0.471489 0.380083
v -0.736026 0.390218 0.494869
v -0.734016 0.415872 0.434546
v -0.728124 0.436577 0.365898
v 0.471078 0.589262 0.512315
v 0.477437 0.537848 0.604185
v 0.480086 0.475763 0.686712
v 0.526368 0.568408 0.482972
v 0.534071 0.523393 0.571838
v 0.537827 0.468303 0.652007
v 0.572489 0.548421 0.453707
v 0.581388 0.510093 0.538729
v 0.586224 0.462186 0.615653
v -0.586224 0.462186 0.615653
v -0.537827 0.468303 0.652007
v -0.480086 0.475763 0.686712
v -0.581388 0.510093 0.538729
v -0.534071 0.523393 0.571838
v -0.477437 0.537848 0.604185
v -0.572489 0.548421 0.453707
v -0.526368 0.568408 0.482972
v -0.471078 0.589262 0.512315
v 0.481054 0.335182 0.802455
v 0.481186 0.261557 0.833048
v 0.481235 0.187004 0.849051
v 0.540129 0.340717 0.765086
v 0.540524 0.272485 0.795315
v 0.540669 0.202701 0.811486
v 0.589910 0.347045 0.724985
v 0.590579 0.283448 0.754755
v 0.590826 0.217547 0.771149
v -0.590826 0.217547 0.771149
v -0.540669 0.202701 0.811486
v -0.481235 0.187004 0.849051
v -0.590579 0.283448 0.754755
v -0.540524 0.272485 0.795315
v -0.481186 0.261557 0.833048
v -0.589910 0.347045 0.724985
v -0.540129 0.340717 0.765086
v -0.481055 0.335182 0.802455
v 0.481247 0.038498 0.848776
v 0.481286 -0.033547 0.834013
v 0.481392 -0.102706 0.807697
v 0.540686 0.062311 0.812793
v 0.540660 -0.006395 0.799425
v 0.540587 -0.072853 0.774989
v 0.590842 0.083704 0.774154
v 0.590710 0.017756 0.762192
v 0.590350 -0.046506 0.739709
v -0.590350 -0.046506 0.739709
v -0.540587 -0.072853 0.774989
v -0.481392 -0.102706 0.807698
v -0.590710 0.017756 0.762192
v -0.540660 -0.006395 0.799425
v -0.481286 -0.033547 0.834013
v -0.590842 0.083704 0.774154
v -0.540686 0.062311 0.812793
v -0.481247 0.038498 0.848775
v 0.482017 -0.228300 0.715913
v 0.483081 -0.283902 0.657473
v 0.485300 -0.334953 0.601540
v 0.540322 -0.195465 0.688624
v 0.540738 -0.250960 0.633409
v 0.542323 -0.302889 0.580555
v 0.588661 -0.167100 0.659360
v 0.588090 -0.222875 0.607799
v 0.588809 -0.275849 0.558330
v -0.588809 -0.275849 0.558330
v -0.542323 -0.302889 0.580555
v -0.485300 -0.334953 0.601540
v -0.588090 -0.222875 0.607799
v -0.540738 -0.250960 0.633409
v -0.483081 -0.283902 0.657473
v -0.588661 -0.167100 0.659360
v -0.540322 -0.195465 0.688624
v -0.482017 -0.228300 0.715913
v 0.509685 -0.501598 0.520805
v 0.566244 -0.480709 0.502028
v 0.613631 -0.462443 0.482221
v 0.502091 -0.464126 0.518727
v 0.558380 -0.440154 0.501942
v 0.604939 -0.419587 0.483467
v 0.495012 -0.424471 0.529517
v 0.551273 -0.397187 0.512669
v 0.597298 -0.374149 0.494289
v -0.597298 -0.374149 0.494289
v -0.604939 -0.419587 0.483467
v -0.613631 -0.462443 0.482221
v -0.551273 -0.397187 0.512669
v -0.558380 -0.440154 0.501942
v -0.566244 -0.480709 0.502028
v -0.495012 -0.424471 0.529517
v -0.502091 -0.464126 0.518727
v -0.509686 -0.501598 0.520805
v 0.116830 -0.449866 0.646463
v 0.227264 -0.426757 0.643849
v 0.327624 -0.399055 0.634656
v 0.114186 -0.388664 0.714584
v 0.223789 -0.371260 0.707947
v 0.324321 -0.346883 0.695813
v 0.113272 -0.322614 0.781122
v 0.222246 -0.309079 0.772732
v 0.322636 -0.288076 0.758855
v -0.322636 -0.288076 0.758855
v -0.324321 -0.346883 0.695813
v -0.327624 -0.399055 0.634656
v -0.222246 -0.309079 0.772732
v -0.223789 -0.371260 0.707947
v -0.227264 -0.426757 0.643849
v -0.113272 -0.322614 0.781122
v -0.114186 -0.388664 0.714584
v -0.116830 -0.449866 0.646463
v 0.218876 -0.602679 0.549402
v 0.228254 -0.611767 0.583364
v 0.233241 -0.621770 0.616784
v 0.282949 -0.588562 0.562984
v 0.279077 -0.600035 0.594032
v 0.273165 -0.612319 0.625943
v 0.347847 -0.581755 0.575663
v 0.329324 -0.596174 0.605715
v 0.312444 -0.609798 0.634798
v -0.312444 -0.609798 0.634798
v -0.273165 -0.612319 0.625943
v -0.233241 -0.621770 0.616784
v -0.329324 -0.596174 0.605715
v -0.279076 -0.600035 0.594031
v -0.228254 -0.611767 0.583364
v -0.347847 -0.581755 0.575663
v -0.282949 -0.588562 0.562984
v -0.218876 -0.602679 0.549402
v 0.195215 -0.575937 0.516906
v 0.275995 -0.557838 0.529242
v 0.360595 -0.540384 0.535892
v 0.178627 -0.557205 0.525753
v 0.264055 -0.535880 0.533733
v 0.352080 -0.513109 0.535732
v 0.153487 -0.534590 0.547852
v 0.248797 -0.508675 0.553204
v 0.342121 -0.481540 0.551197
v -0.342121 -0.481540 0.551197
v -0.352080 -0.513109 0.535732
v -0.360594 -0.540384 0.535892
v -0.248797 -0.508675 0.553204
v -0.264055 -0.535880 0.533733
v -0.275995 -0.557838 0.529242
v -0.153487 -0.534590 0.547852
v -0.178627 -0.557205 0.525753
v -0.195215 -0.575937 0.516906
v 0.043831 -0.594812 0.482234
v 0.022004 -0.605822 0.464381
v 0.046790 -0.605584 0.469802
v 0.078777 -0.601433 0.483024
v 0.064494 -0.587520 0.495603
v 0.037140 -0.577306 0.508850
v 0.024270 -0.591779 0.484518
v -0.043831 -0.594812 0.482234
v -0.037140 -0.577306 0.508850
v -0.064494 -0.587519 0.495603
v -0.078777 -0.601433 0.483024
v -0.046790 -0.605584 0.469802
v -0.022004 -0.605822 0.464381
v -0.024270 -0.591779 0.484518
v 0.778136 -0.382056 0.340349
v 0.785030 -0.354781 0.293679
v 0.783540 -0.328733 0.242153
v 0.772222 -0.338016 0.346355
v 0.783878 -0.305827 0.301693
v 0.787635 -0.274126 0.251564
v 0.769552 -0.291967 0.357109
v 0.785692 -0.255163 0.313640
v 0.794287 -0.218110 0.264129
v -0.794287 -0.218110 0.264129
v -0.787635 -0.274126 0.251564
v -0.783539 -0.328733 0.242153
v -0.785692 -0.255163 0.313640
v -0.783878 -0.305827 0.301693
v -0.785030 -0.354781 0.293679
v -0.769552 -0.291967 0.357109
v -0.772222 -0.338016 0.346355
v -0.778136 -0.382056 0.340349
v 0.809307 -0.118463 0.300195
v 0.815876 -0.075800 0.321832
v 0.821310 -0.033931 0.343119
v 0.796147 -0.159737 0.352045
v 0.803067 -0.115901 0.376510
v 0.809458 -0.072402 0.401027
v 0.775473 -0.199433 0.397367
v 0.782601 -0.153565 0.424766
v 0.790041 -0.106942 0.452716
v -0.790041 -0.106942 0.452716
v -0.809458 -0.072402 0.401027
v -0.821311 -0.033931 0.343119
v -0.782601 -0.153565 0.424766
v -0.803067 -0.115901 0.376510
v -0.815876 -0.075800 0.321832
v -0.775473 -0.199433 0.397367
v -0.796147 -0.159737 0.352045
v -0.809307 -0.118463 0.300195
v 0.825393 0.049781 0.383696
v 0.823511 0.092397 0.397657
v 0.820137 0.138064 0.403443
v 0.815009 0.017670 0.441288
v 0.813537 0.065614 0.453482
v 0.810263 0.116062 0.458873
v 0.798408 -0.008556 0.497332
v 0.798234 0.043806 0.510329
v 0.796169 0.098128 0.516571
v -0.796169 0.098128 0.516571
v -0.810263 0.116062 0.458873
v -0.820137 0.138064 0.403443
v -0.798234 0.043806 0.510329
v -0.813537 0.065614 0.453482
v -0.823511 0.092397 0.397657
v -0.798408 -0.008556 0.497332
v -0.815009 0.017670 0.441288
v -0.825393 0.049781 0.383696
v 0.782873 0.346002 0.374597
v 0.779509 0.330761 0.430775
v 0.773405 0.316213 0.486520
v 0.798455 0.293234 0.389293
v 0.792182 0.278844 0.441368
v 0.783327 0.266438 0.497882
v 0.808677 0.239723 0.398949
v 0.800300 0.224045 0.451408
v 0.789282 0.211303 0.508930
v -0.789282 0.211303 0.508930
v -0.783327 0.266438 0.497882
v -0.773405 0.316213 0.486520
v -0.800300 0.224045 0.451408
v -0.792182 0.278844 0.441368
v -0.779509 0.330761 0.430775
v -0.808677 0.239723 0.398949
v -0.798455 0.293234 0.389293
v -0.782872 0.346002 0.374597
v 0.274809 -0.046925 -0.311732
v 0.288727 0.047310 -0.299506
v 0.302791 0.142544 -0.281752
v 0.321888 -0.047182 -0.271407
v 0.335332 0.042816 -0.263090
v 0.348100 0.134552 -0.248892
v 0.369358 -0.052087 -0.229992
v 0.381452 0.038028 -0.225888
v 0.391595 0.127667 -0.215663
v -0.391595 0.127667 -0.215663
v -0.348100 0.134552 -0.248892
v -0.302791 0.142544 -0.281752
v -0.381452 0.038028 -0.225888
v -0.335332 0.042816 -0.263090
v -0.288727 0.047310 -0.299506
v -0.369358 -0.052087 -0.229992
v -0.321888 -0.047182 -0.271407
v -0.274809 -0.046925 -0.311732
v 0.607276 -0.023358 -0.090809
v 0.546617 -0.037058 -0.121497
v 0.483180 -0.048947 -0.153804
v 0.592453 0.045715 -0.106813
v 0.539466 0.039594 -0.131719
v 0.483944 0.035693 -0.159357
v 0.581032 0.112519 -0.115023
v 0.533039 0.114346 -0.134507
v 0.483882 0.117484 -0.157458
v -0.483882 0.117484 -0.157458
v -0.483944 0.035693 -0.159357
v -0.483180 -0.048947 -0.153804
v -0.533039 0.114346 -0.134507
v -0.539466 0.039594 -0.131719
v -0.546617 -0.037058 -0.121497
v -0.581032 0.112519 -0.115023
v -0.592453 0.045715 -0.106813
v -0.607276 -0.023358 -0.090809
v 0.586840 -0.328996 -0.036947
v 0.534383 -0.343950 -0.068100
v 0.478746 -0.361864 -0.096626
v 0.599628 -0.256899 -0.044991
v 0.542417 -0.273223 -0.078372
v 0.482936 -0.292929 -0.108940
v 0.612160 -0.177785 -0.056436
v 0.548786 -0.195697 -0.092062
v 0.483453 -0.216875 -0.125364
v -0.483453 -0.216875 -0.125364
v -0.482936 -0.292929 -0.108940
v -0.478746 -0.361864 -0.096626
v -0.548786 -0.195697 -0.092062
v -0.542417 -0.273223 -0.078372
v -0.534383 -0.343950 -0.068100
v -0.612160 -0.177785 -0.056436
v -0.599628 -0.256899 -0.044991
v -0.586840 -0.328996 -0.036947
v 0.367863 -0.397402 -0.152945
v 0.319855 -0.415288 -0.180282
v 0.279922 -0.436280 -0.204897
v 0.369451 -0.345916 -0.166837
v 0.320816 -0.377783 -0.194374
v 0.280737 -0.410209 -0.219587
v 0.364014 -0.290538 -0.186023
v 0.316502 -0.337477 -0.212666
v 0.277563 -0.381234 -0.237963
v -0.277563 -0.381234 -0.237963
v -0.280737 -0.410209 -0.219587
v -0.279922 -0.436280 -0.204897
v -0.316502 -0.337477 -0.212666
v -0.320816 -0.377783 -0.194374
v -0.319855 -0.415288 -0.180282
v -0.364014 -0.290538 -0.186023
v -0.369451 -0.345916 -0.166837
v -0.367863 -0.397402 -0.152945
v 0.280628 -0.242705 -0.279938
v 0.263741 -0.307586 -0.281386
v 0.258215 -0.261490 -0.300340
v 0.258492 -0.204998 -0.312310
v 0.292142 -0.197765 -0.278699
v 0.323292 -0.209734 -0.244283
v 0.293051 -0.265902 -0.259902
v -0.280628 -0.242705 -0.279938
v -0.323292 -0.209734 -0.244283
v -0.292142 -0.197765 -0.278699
v -0.258492 -0.204998 -0.312310
v -0.258215 -0.261490 -0.300340
v -0.263741 -0.307586 -0.281386
v -0.293051 -0.265902 -0.259902
v 0.286245 -0.477755 -0.166731
v 0.329629 -0.466320 -0.148798
v 0.299200 -0.481588 -0.157014
v 0.270378 -0.490874 -0.168634
v 0.263875 -0.483906 -0.177584
v 0.267477 -0.473545 -0.185190
v 0.298501 -0.466715 -0.167105
v -0.286245 -0.477755 -0.166732
v -0.267477 -0.473545 -0.185190
v -0.263875 -0.483906 -0.177584
v -0.270378 -0.490874 -0.168634
v -0.299200 -0.481588 -0.157014
v -0.329629 -0.466319 -0.148798
v -0.298501 -0.466715 -0.167105
v 0.692775 0.462116 0.218516
v 0.665565 0.461237 0.146895
v 0.638551 0.446509 0.079842
v 0.654384 0.495094 0.229084
v 0.627542 0.492076 0.156363
v 0.599760 0.475901 0.087645
v 0.615430 0.527339 0.243363
v 0.588368 0.523995 0.167552
v 0.559102 0.507728 0.094459
v -0.559102 0.507728 0.094459
v -0.599761 0.475901 0.087645
v -0.638550 0.446509 0.079842
v -0.588368 0.523995 0.167552
v -0.627542 0.492076 0.156363
v -0.665565 0.461237 0.146895
v -0.615430 0.527339 0.243363
v -0.654384 0.495094 0.229084
v -0.692775 0.462116 0.218516
v 0.440983 0.645278 0.322786
v 0.493000 0.616118 0.301151
v 0.536723 0.587467 0.280184
v 0.418715 0.649858 0.233461
v 0.468543 0.618937 0.215902
v 0.510561 0.587785 0.197913
v 0.395672 0.643756 0.151494
v 0.442538 0.612215 0.137612
v 0.481603 0.578215 0.120321
v -0.481603 0.578215 0.120321
v -0.510561 0.587785 0.197913
v -0.536723 0.587467 0.280184
v -0.442538 0.612215 0.137612
v -0.468543 0.618937 0.215902
v -0.493000 0.616118 0.301151
v -0.395672 0.643756 0.151494
v -0.418715 0.649858 0.233461
v -0.440983 0.645278 0.322786
v 0.575289 0.247740 -0.097754
v 0.532830 0.261857 -0.106124
v 0.491219 0.275513 -0.120069
v 0.581919 0.313046 -0.069905
v 0.541211 0.331983 -0.073111
v 0.500773 0.350338 -0.082600
v 0.595189 0.370780 -0.030372
v 0.555034 0.394427 -0.028930
v 0.513784 0.418670 -0.033766
v -0.513784 0.418670 -0.033766
v -0.500773 0.350338 -0.082600
v -0.491219 0.275513 -0.120069
v -0.555034 0.394427 -0.028930
v -0.541211 0.331983 -0.073111
v -0.532830 0.261857 -0.106124
v -0.595189 0.370780 -0.030372
v -0.581919 0.313046 -0.069905
v -0.575289 0.247740 -0.097754
v 0.328973 0.319451 -0.224805
v 0.339710 0.395887 -0.186735
v 0.347512 0.462569 -0.145889
v 0.372717 0.308325 -0.195080
v 0.383582 0.385386 -0.156565
v 0.391558 0.453554 -0.114780
v 0.412374 0.298311 -0.165818
v 0.423076 0.376474 -0.126052
v 0.431793 0.447799 -0.080075
v -0.431793 0.447799 -0.080075
v -0.391558 0.453554 -0.114780
v -0.347512 0.462569 -0.145889
v -0.423076 0.376474 -0.126052
v -0.383582 0.385386 -0.156565
v -0.339710 0.395887 -0.186735
v -0.412374 0.298311 -0.165818
v -0.372717 0.308325 -0.195080
v -0.328973 0.319451 -0.224805
v 0.380666 0.579610 -0.019135
v 0.359712 0.615129 0.020256
v 0.396617 0.589082 0.015303
v 0.420836 0.555477 -0.003223
v 0.389123 0.553463 -0.042062
v 0.350658 0.561798 -0.067161
v 0.351137 0.593517 -0.027460
v -0.380666 0.579610 -0.019135
v -0.350658 0.561798 -0.067161
v -0.389123 0.553463 -0.042062
v -0.420836 0.555477 -0.003223
v -0.396617 0.589082 0.015303
v -0.359712 0.615129 0.020256
v -0.351137 0.593517 -0.027460
v 0.995878 0.299999 0.435194
v 0.962316 0.280463 0.420638
v 0.932683 0.263605 0.404531
v 0.996854 0.289358 0.425100
v 0.965332 0.270264 0.411116
v 0.937472 0.253855 0.395641
v 0.997903 0.285903 0.411879
v 0.968348 0.267267 0.398639
v 0.942188 0.251323 0.383930
v -0.942188 0.251323 0.383930
v -0.937472 0.253855 0.395641
v -0.932683 0.263605 0.404531
v -0.968348 0.267267 0.398639
v -0.965332 0.270264 0.411116
v -0.962316 0.280463 0.420638
v -0.997903 0.285903 0.411879
v -0.996854 0.289358 0.425100
v -0.995878 0.299999 0.435194
v 1.076035 0.344786 0.457942
v 1.072719 0.333634 0.446886
v 1.069535 0.329297 0.432408
v 1.120387 0.367514 0.463189
v 1.114977 0.356411 0.451860
v 1.109668 0.351728 0.437047
v 1.164182 0.387878 0.460997
v 1.156726 0.377063 0.449688
v 1.149311 0.372194 0.434918
v -1.149311 0.372194 0.434918
v -1.109668 0.351728 0.437047
v -1.069535 0.329297 0.432408
v -1.156726 0.377062 0.449688
v -1.114977 0.356411 0.451860
v -1.072719 0.333634 0.446886
v -1.164182 0.387878 0.460997
v -1.120387 0.367514 0.463189
v -1.076034 0.344786 0.457942
v 1.239617 0.414120 0.424614
v 1.228252 0.404650 0.414684
v 1.216751 0.400164 0.401659
v 1.267413 0.419670 0.389846
v 1.254327 0.411092 0.381304
v 1.241017 0.407092 0.370010
v 1.286965 0.422203 0.346476
v 1.272487 0.414422 0.339678
v 1.257728 0.410903 0.330556
v -1.257728 0.410903 0.330556
v -1.241017 0.407092 0.370010
v -1.216751 0.400164 0.401659
v -1.272487 0.414422 0.339678
v -1.254327 0.411092 0.381304
v -1.228252 0.404650 0.414684
v -1.286965 0.422203 0.346476
v -1.267413 0.419670 0.389846
v -1.239617 0.414120 0.424614
v 1.296922 0.424354 0.242187
v 1.281174 0.417171 0.239575
v 1.265205 0.414010 0.235668
v 1.286304 0.423938 0.186055
v 1.270840 0.416484 0.185703
v 1.255264 0.413150 0.184608
v 1.265399 0.420435 0.130898
v 1.250873 0.412470 0.132797
v 1.236360 0.408860 0.134491
v -1.236360 0.408860 0.134491
v -1.255264 0.413150 0.184608
v -1.265204 0.414010 0.235668
v -1.250873 0.412470 0.132797
v -1.270840 0.416484 0.185703
v -1.281174 0.417171 0.239575
v -1.265400 0.420435 0.130898
v -1.286304 0.423937 0.186055
v -1.296922 0.424354 0.242187
v 1.193618 0.397646 0.034078
v 1.182993 0.388406 0.040102
v 1.172566 0.384366 0.046832
v 1.145067 0.376818 -0.004793
v 1.137224 0.367038 0.002981
v 1.129650 0.363016 0.011806
v 1.090882 0.349823 -0.037104
v 1.086109 0.339710 -0.027839
v 1.081716 0.335942 -0.017243
v -1.081716 0.335942 -0.017243
v -1.129650 0.363016 0.011806
v -1.172566 0.384366 0.046832
v -1.086109 0.339710 -0.027839
v -1.137224 0.367038 0.002981
v -1.182993 0.388406 0.040102
v -1.090882 0.349822 -0.037104
v -1.145067 0.376818 -0.004793
v -1.193618 0.397646 0.034078
v 0.974284 0.278824 -0.082004
v 0.975729 0.269040 -0.070650
v 0.978044 0.266697 -0.057591
v 0.915773 0.240102 -0.095134
v 0.920197 0.230876 -0.083160
v 0.925887 0.229584 -0.069341
v 0.859431 0.205775 -0.102787
v 0.866785 0.197106 -0.090406
v 0.875871 0.196865 -0.076016
v -0.875871 0.196865 -0.076016
v -0.925887 0.229584 -0.069341
v -0.978044 0.266697 -0.057591
v -0.866785 0.197106 -0.090406
v -0.920197 0.230876 -0.083160
v -0.975729 0.269040 -0.070650
v -0.859431 0.205775 -0.102787
v -0.915773 0.240102 -0.095134
v -0.974284 0.278824 -0.082004
v 0.985079 0.279343 -0.032363
v 0.989341 0.291660 -0.021990
v 0.993558 0.306073 -0.013505
v 0.939484 0.244709 -0.042680
v 0.946455 0.258128 -0.031742
v 0.952821 0.273485 -0.022761
v 0.896148 0.214467 -0.048475
v 0.905894 0.228975 -0.037348
v 0.914481 0.245239 -0.028257
v -0.914482 0.245239 -0.028257
v -0.952821 0.273485 -0.022761
v -0.993558 0.306073 -0.013505
v -0.905894 0.228975 -0.037348
v -0.946455 0.258128 -0.031742
v -0.989341 0.291660 -0.021990
v -0.896148 0.214467 -0.048475
v -0.939484 0.244709 -0.042680
v -0.985079 0.279343 -0.032363
v 1.156399 0.390044 0.059493
v 1.151653 0.398214 0.064489
v 1.149088 0.408489 0.068319
v 1.118496 0.369838 0.028689
v 1.115618 0.378893 0.035506
v 1.114413 0.390124 0.040892
v 1.076238 0.344331 0.003139
v 1.075519 0.354424 0.011440
v 1.075910 0.366735 0.018103
v -1.075910 0.366735 0.018103
v -1.114413 0.390124 0.040892
v -1.149088 0.408489 0.068319
v -1.075519 0.354424 0.011440
v -1.115618 0.378893 0.035506
v -1.151653 0.398214 0.064489
v -1.076238 0.344331 0.003139
v -1.118496 0.369838 0.028689
v -1.156399 0.390044 0.059493
v 1.239073 0.418957 0.225574
v 1.230598 0.426049 0.220161
v 1.225276 0.435130 0.215005
v 1.229937 0.417935 0.180673
v 1.221788 0.424981 0.178141
v 1.216732 0.434001 0.175488
v 1.212986 0.413596 0.136593
v 1.205573 0.420759 0.136854
v 1.201070 0.429912 0.136615
v -1.201070 0.429912 0.136615
v -1.216732 0.434001 0.175488
v -1.225276 0.435130 0.215005
v -1.205573 0.420759 0.136854
v -1.221788 0.424981 0.178141
v -1.230598 0.426049 0.220161
v -1.212986 0.413596 0.136593
v -1.229937 0.417935 0.180673
v -1.239073 0.418957 0.225574
v 1.198102 0.405010 0.371473
v 1.192188 0.412993 0.356550
v 1.188604 0.423262 0.343003
v 1.219243 0.411898 0.343645
v 1.212216 0.419515 0.330539
v 1.207839 0.429329 0.318614
v 1.233494 0.415845 0.308976
v 1.225617 0.423230 0.298141
v 1.220655 0.432722 0.288227
v -1.220655 0.432722 0.288227
v -1.207839 0.429329 0.318614
v -1.188604 0.423262 0.343003
v -1.225617 0.423230 0.298141
v -1.212216 0.419515 0.330539
v -1.192187 0.412993 0.356550
v -1.233494 0.415845 0.308976
v -1.219243 0.411898 0.343645
v -1.198102 0.405010 0.371473
v 1.065571 0.338310 0.398975
v 1.065236 0.349465 0.382484
v 1.065922 0.363043 0.367498
v 1.101959 0.359289 0.402880
v 1.100179 0.369537 0.386047
v 1.099742 0.382212 0.370771
v 1.137860 0.378430 0.400862
v 1.134634 0.387764 0.384087
v 1.133073 0.399504 0.368875
v -1.133073 0.399504 0.368875
v -1.099742 0.382212 0.370771
v -1.065922 0.363042 0.367498
v -1.134634 0.387764 0.384088
v -1.100179 0.369537 0.386047
v -1.065236 0.349465 0.382484
v -1.137860 0.378430 0.400862
v -1.101959 0.359289 0.402880
v -1.065571 0.338310 0.398975
v 1.001182 0.297296 0.381265
v 0.974942 0.279432 0.369690
v 0.951734 0.264076 0.356652
v 1.003551 0.309731 0.366099
v 0.978533 0.292145 0.355309
v 0.956469 0.276863 0.343060
v 1.006274 0.324528 0.352259
v 0.982149 0.307162 0.342154
v 0.960939 0.291873 0.330602
v -0.960939 0.291873 0.330602
v -0.956469 0.276863 0.343060
v -0.951734 0.264076 0.356652
v -0.982149 0.307162 0.342154
v -0.978533 0.292145 0.355309
v -0.974942 0.279432 0.369690
v -1.006274 0.324528 0.352259
v -1.003552 0.309731 0.366099
v -1.001182 0.297296 0.381265
v 0.691575 0.022667 -0.039097
v 0.670994 0.068013 -0.063361
v 0.659405 0.111299 -0.078711
v 0.710702 0.050534 -0.020423
v 0.693917 0.083945 -0.044363
v 0.685880 0.116304 -0.059626
v 0.721316 0.075334 -0.004799
v 0.709049 0.101153 -0.027166
v 0.705505 0.127400 -0.040747
v -0.705505 0.127400 -0.040747
v -0.685880 0.116304 -0.059626
v -0.659405 0.111299 -0.078711
v -0.709049 0.101153 -0.027166
v -0.693917 0.083945 -0.044363
v -0.670994 0.068013 -0.063361
v -0.721316 0.075334 -0.004799
v -0.710702 0.050534 -0.020423
v -0.691575 0.022667 -0.039097
v 0.684443 0.159418 -0.094778
v 0.718691 0.164068 -0.100092
v 0.759871 0.168729 -0.104150
v 0.707091 0.151763 -0.079022
v 0.736002 0.155783 -0.086328
v 0.773235 0.160437 -0.091260
v 0.729224 0.155823 -0.060841
v 0.755329 0.157986 -0.069895
v 0.789202 0.161716 -0.075845
v -0.789202 0.161716 -0.075845
v -0.773235 0.160437 -0.091260
v -0.759871 0.168729 -0.104150
v -0.755329 0.157986 -0.069895
v -0.736002 0.155783 -0.086328
v -0.718691 0.164068 -0.100092
v -0.729224 0.155823 -0.060841
v -0.707091 0.151763 -0.079022
v -0.684443 0.159418 -0.094778
v 0.801418 -0.061873 0.179644
v 0.780092 -0.048415 0.115053
v 0.750932 -0.036492 0.052536
v 0.807020 -0.020267 0.195305
v 0.786423 -0.006842 0.128939
v 0.760463 0.005240 0.067260
v 0.809505 0.018041 0.209058
v 0.788260 0.029058 0.140942
v 0.763844 0.039531 0.079760
v -0.763844 0.039531 0.079760
v -0.760463 0.005240 0.067260
v -0.750932 -0.036492 0.052536
v -0.788260 0.029058 0.140942
v -0.786423 -0.006842 0.128939
v -0.780092 -0.048415 0.115053
v -0.809505 0.018041 0.209058
v -0.807020 -0.020267 0.195305
v -0.801418 -0.061873 0.179644
v 0.847848 0.217040 0.340597
v 0.855147 0.212295 0.329063
v 0.861805 0.214623 0.317191
v 0.863858 0.229498 0.353097
v 0.871194 0.221652 0.344740
v 0.878248 0.221427 0.334240
v 0.883553 0.239404 0.369355
v 0.890518 0.230384 0.361710
v 0.897330 0.228908 0.351344
v -0.897330 0.228908 0.351344
v -0.878248 0.221427 0.334240
v -0.861806 0.214623 0.317191
v -0.890518 0.230384 0.361710
v -0.871194 0.221652 0.344740
v -0.855147 0.212295 0.329063
v -0.883553 0.239404 0.369355
v -0.863858 0.229498 0.353097
v -0.847848 0.217040 0.340597
v 0.822833 0.183787 -0.047851
v 0.838092 0.200494 -0.037686
v 0.851095 0.218607 -0.029844
v 0.794796 0.183192 -0.042109
v 0.812724 0.201427 -0.033223
v 0.827872 0.220616 -0.026763
v 0.773053 0.186952 -0.033223
v 0.793512 0.207394 -0.026256
v 0.810702 0.227777 -0.021578
v -0.810702 0.227777 -0.021578
v -0.827872 0.220616 -0.026763
v -0.851095 0.218607 -0.029844
v -0.793512 0.207394 -0.026256
v -0.812724 0.201427 -0.033223
v -0.838092 0.200494 -0.037686
v -0.773053 0.186952 -0.033223
v -0.794796 0.183192 -0.042109
v -0.822833 0.183787 -0.047851
v 0.797610 0.249396 0.014616
v 0.777250 0.229971 0.017740
v 0.757271 0.209058 0.022094
v 0.795253 0.246162 0.003432
v 0.775182 0.225624 0.004718
v 0.754879 0.203892 0.006092
v 0.795308 0.242057 -0.006315
v 0.775676 0.220866 -0.006997
v 0.754473 0.198366 -0.008372
v -0.754473 0.198366 -0.008372
v -0.754879 0.203892 0.006092
v -0.757271 0.209058 0.022094
v -0.775676 0.220866 -0.006997
v -0.775182 0.225624 0.004718
v -0.777250 0.229971 0.017740
v -0.795308 0.242057 -0.006315
v -0.795253 0.246162 0.003432
v -0.797610 0.249396 0.014616
v 0.777467 0.258525 0.079285
v 0.772795 0.244439 0.068294
v 0.767118 0.229757 0.054802
v 0.788472 0.263928 0.071190
v 0.786391 0.253464 0.059641
v 0.783646 0.243634 0.046069
v 0.801625 0.270643 0.065737
v 0.802262 0.263720 0.054365
v 0.801986 0.257723 0.040976
v -0.801986 0.257723 0.040976
v -0.783646 0.243634 0.046069
v -0.767118 0.229757 0.054802
v -0.802262 0.263720 0.054365
v -0.786391 0.253464 0.059641
v -0.772795 0.244439 0.068294
v -0.801625 0.270643 0.065737
v -0.788472 0.263928 0.071190
v -0.777467 0.258525 0.079285
v 0.803199 0.253885 0.153684
v 0.796325 0.236401 0.155721
v 0.790853 0.216068 0.159639
v 0.787853 0.253255 0.130426
v 0.780888 0.235181 0.128708
v 0.774828 0.214180 0.127828
v 0.776646 0.253338 0.109040
v 0.769575 0.235257 0.103264
v 0.762306 0.214232 0.096676
v -0.762306 0.214232 0.096676
v -0.774828 0.214180 0.127828
v -0.790853 0.216068 0.159639
v -0.769575 0.235257 0.103264
v -0.780888 0.235181 0.128708
v -0.796325 0.236401 0.155721
v -0.776646 0.253338 0.109040
v -0.787853 0.253255 0.130426
v -0.803199 0.253885 0.153684
v 0.847959 0.226178 0.257344
v 0.835101 0.223679 0.237512
v 0.821875 0.221234 0.215200
v 0.855649 0.240518 0.246369
v 0.842017 0.239614 0.226902
v 0.827984 0.238878 0.205623
v 0.863533 0.254749 0.237212
v 0.849630 0.254496 0.218508
v 0.835240 0.254593 0.198512
v -0.835240 0.254593 0.198512
v -0.827984 0.238878 0.205623
v -0.821875 0.221234 0.215200
v -0.849630 0.254496 0.218508
v -0.842017 0.239614 0.226902
v -0.835101 0.223679 0.237512
v -0.863533 0.254749 0.237212
v -0.855649 0.240518 0.246369
v -0.847959 0.226178 0.257344
v 0.911182 0.242707 0.326914
v 0.893075 0.236416 0.310563
v 0.876476 0.232073 0.293441
v 0.917992 0.255208 0.314705
v 0.900696 0.248793 0.298872
v 0.884590 0.244595 0.282130
v 0.924180 0.269678 0.303513
v 0.907676 0.262899 0.288225
v 0.892182 0.258454 0.271985
v -0.892182 0.258454 0.271985
v -0.884590 0.244595 0.282130
v -0.876476 0.232073 0.293441
v -0.907676 0.262899 0.288225
v -0.900696 0.248793 0.298872
v -0.893075 0.236416 0.310563
v -0.924180 0.269678 0.303513
v -0.917992 0.255208 0.314705
v -0.911182 0.242707 0.326914
v 0.827237 0.119539 0.292173
v 0.822865 0.150835 0.264278
v 0.819331 0.177834 0.243456
v 0.830148 0.144891 0.312437
v 0.829524 0.167210 0.285890
v 0.828993 0.187651 0.265974
v 0.832105 0.172566 0.324164
v 0.835320 0.184646 0.301504
v 0.837998 0.197817 0.284160
v -0.837998 0.197817 0.284160
v -0.828993 0.187651 0.265974
v -0.819331 0.177834 0.243456
v -0.835320 0.184646 0.301504
v -0.829524 0.167210 0.285890
v -0.822865 0.150835 0.264278
v -0.832105 0.172566 0.324164
v -0.830148 0.144891 0.312438
v -0.827237 0.119539 0.292173
v 0.802925 0.095338 0.204708
v 0.781737 0.096506 0.146459
v 0.760132 0.100683 0.092550
v 0.796020 0.131696 0.189731
v 0.776391 0.129827 0.140687
v 0.756947 0.131025 0.093106
v 0.790622 0.164044 0.176458
v 0.772415 0.161257 0.134106
v 0.755212 0.161058 0.091721
v -0.755212 0.161058 0.091721
v -0.756947 0.131025 0.093106
v -0.760132 0.100683 0.092550
v -0.772415 0.161257 0.134106
v -0.776391 0.129827 0.140687
v -0.781737 0.096506 0.146459
v -0.790622 0.164044 0.176458
v -0.796020 0.131696 0.189731
v -0.802926 0.095338 0.204708
v 0.726315 0.144003 0.010103
v 0.728848 0.118510 0.018248
v 0.723190 0.133116 0.000581
v 0.725218 0.152636 -0.007272
v 0.729016 0.160035 0.008257
v 0.733529 0.162324 0.027315
v 0.730481 0.139423 0.025032
v -0.726315 0.144003 0.010103
v -0.733529 0.162324 0.027315
v -0.729016 0.160035 0.008257
v -0.725218 0.152636 -0.007272
v -0.723190 0.133116 0.000581
v -0.728848 0.118510 0.018248
v -0.730481 0.139423 0.025032
v 0.933236 0.299424 0.286821
v 0.917535 0.291965 0.272533
v 0.902769 0.286848 0.257346
v 0.936948 0.313122 0.280752
v 0.921217 0.305545 0.266846
v 0.906453 0.300232 0.252085
v 0.941724 0.325632 0.274560
v 0.925866 0.318093 0.260914
v 0.910990 0.312656 0.246459
v -0.910990 0.312656 0.246459
v -0.906453 0.300232 0.252085
v -0.902769 0.286848 0.257346
v -0.925866 0.318093 0.260914
v -0.921217 0.305545 0.266846
v -0.917535 0.291966 0.272533
v -0.941724 0.325632 0.274560
v -0.936948 0.313122 0.280752
v -0.933236 0.299424 0.286821
v 0.875012 0.282302 0.224980
v 0.861252 0.282027 0.207885
v 0.846889 0.282397 0.190057
v 0.878816 0.295138 0.220692
v 0.865167 0.294576 0.204173
v 0.850927 0.294716 0.187028
v 0.883234 0.306895 0.215791
v 0.869590 0.305874 0.199713
v 0.855399 0.305566 0.183093
v -0.855399 0.305566 0.183093
v -0.850927 0.294716 0.187028
v -0.846889 0.282397 0.190057
v -0.869590 0.305874 0.199713
v -0.865167 0.294576 0.204173
v -0.861252 0.282027 0.207885
v -0.883234 0.306895 0.215791
v -0.878816 0.295138 0.220692
v -0.875012 0.282302 0.224980
v 0.814800 0.283108 0.152028
v 0.799241 0.283134 0.133112
v 0.787407 0.283186 0.116024
v 0.819066 0.295289 0.150831
v 0.803637 0.295256 0.133104
v 0.791939 0.295054 0.117325
v 0.823783 0.305509 0.148331
v 0.808678 0.305112 0.131727
v 0.797490 0.304296 0.117502
v -0.797490 0.304296 0.117502
v -0.791939 0.295054 0.117325
v -0.787406 0.283186 0.116024
v -0.808678 0.305112 0.131727
v -0.803637 0.295256 0.133104
v -0.799241 0.283134 0.133112
v -0.823783 0.305509 0.148331
v -0.819066 0.295289 0.150831
v -0.814800 0.283108 0.152028
v 0.784506 0.284323 0.092170
v 0.792762 0.285639 0.084892
v 0.803455 0.287264 0.078486
v 0.788458 0.295397 0.095173
v 0.796292 0.296048 0.087965
v 0.807150 0.296676 0.081125
v 0.794164 0.304342 0.097937
v 0.801642 0.305231 0.090804
v 0.812458 0.305748 0.083551
v -0.812458 0.305748 0.083551
v -0.807150 0.296676 0.081125
v -0.803455 0.287264 0.078486
v -0.801642 0.305231 0.090804
v -0.796292 0.296048 0.087965
v -0.792762 0.285639 0.084892
v -0.794164 0.304342 0.097937
v -0.788458 0.295397 0.095173
v -0.784506 0.284323 0.092170
v 0.821301 0.287268 0.061682
v 0.826507 0.285613 0.049660
v 0.829258 0.284189 0.036175
v 0.827289 0.296766 0.062137
v 0.833621 0.296281 0.049341
v 0.837058 0.295813 0.035676
v 0.833421 0.306054 0.063529
v 0.840288 0.306029 0.050499
v 0.844078 0.305841 0.036870
v -0.844077 0.305841 0.036870
v -0.837058 0.295813 0.035676
v -0.829259 0.284189 0.036175
v -0.840288 0.306029 0.050499
v -0.833621 0.296281 0.049341
v -0.826507 0.285613 0.049660
v -0.833421 0.306054 0.063529
v -0.827289 0.296766 0.062137
v -0.821301 0.287268 0.061682
v 0.826483 0.282192 0.011399
v 0.823010 0.280589 0.001844
v 0.821228 0.277347 -0.005865
v 0.834378 0.294797 0.011268
v 0.830491 0.293275 0.002020
v 0.828165 0.289964 -0.005199
v 0.841299 0.304517 0.012498
v 0.837071 0.302426 0.003223
v 0.834328 0.298488 -0.003767
v -0.834328 0.298488 -0.003767
v -0.828165 0.289964 -0.005199
v -0.821229 0.277347 -0.005865
v -0.837071 0.302426 0.003223
v -0.830492 0.293275 0.002020
v -0.823010 0.280589 0.001844
v -0.841299 0.304517 0.012498
v -0.834378 0.294797 0.011268
v -0.826483 0.282192 0.011399
v 0.831933 0.263097 -0.016217
v 0.846607 0.255358 -0.018924
v 0.867344 0.252528 -0.019913
v 0.837386 0.276451 -0.014064
v 0.851281 0.269400 -0.015924
v 0.871403 0.266909 -0.016156
v 0.842043 0.286732 -0.011125
v 0.855188 0.281399 -0.012038
v 0.874814 0.279842 -0.011380
v -0.874814 0.279842 -0.011380
v -0.871403 0.266909 -0.016156
v -0.867344 0.252528 -0.019913
v -0.855188 0.281399 -0.012038
v -0.851281 0.269400 -0.015924
v -0.846607 0.255358 -0.018924
v -0.842043 0.286732 -0.011125
v -0.837386 0.276451 -0.014064
v -0.831933 0.263097 -0.016217
v 1.012405 0.354822 0.331812
v 0.989037 0.337803 0.322583
v 0.968511 0.322499 0.311968
v 1.016129 0.367936 0.324744
v 0.992867 0.351240 0.315682
v 0.972333 0.336137 0.305289
v 1.020838 0.378647 0.318082
v 0.997838 0.362608 0.309037
v 0.977332 0.348046 0.298733
v -0.977332 0.348046 0.298733
v -0.972333 0.336137 0.305289
v -0.968511 0.322499 0.311968
v -0.997838 0.362608 0.309037
v -0.992867 0.351240 0.315682
v -0.989037 0.337803 0.322583
v -1.020838 0.378647 0.318082
v -1.016129 0.367936 0.324744
v -1.012405 0.354822 0.331812
v 1.134552 0.424789 0.346821
v 1.102515 0.409049 0.348576
v 1.069979 0.391361 0.345637
v 1.136089 0.435353 0.339557
v 1.104784 0.420414 0.341302
v 1.072915 0.403438 0.338394
v 1.136285 0.442361 0.333006
v 1.106514 0.428610 0.334872
v 1.075999 0.412608 0.331920
v -1.075999 0.412608 0.331920
v -1.072914 0.403438 0.338394
v -1.069979 0.391361 0.345637
v -1.106514 0.428610 0.334872
v -1.104784 0.420414 0.341302
v -1.102515 0.409049 0.348576
v -1.136285 0.442361 0.333006
v -1.136089 0.435353 0.339557
v -1.134552 0.424789 0.346821
v 1.218951 0.454169 0.273710
v 1.206547 0.451367 0.301290
v 1.187983 0.446082 0.323377
v 1.219064 0.462875 0.268855
v 1.206761 0.460324 0.295466
v 1.188438 0.455387 0.316788
v 1.215802 0.467194 0.264420
v 1.203885 0.464942 0.289968
v 1.186211 0.460487 0.310558
v -1.186211 0.460487 0.310558
v -1.188438 0.455387 0.316788
v -1.187983 0.446082 0.323377
v -1.203885 0.464942 0.289968
v -1.206761 0.460324 0.295466
v -1.206547 0.451367 0.301290
v -1.215803 0.467194 0.264420
v -1.219064 0.462875 0.268855
v -1.218951 0.454169 0.273710
v 1.200169 0.450227 0.134944
v 1.215300 0.454223 0.170656
v 1.223516 0.455624 0.206889
v 1.200405 0.458225 0.134716
v 1.215461 0.462250 0.169271
v 1.223630 0.463848 0.204314
v 1.196820 0.461880 0.136399
v 1.211787 0.465897 0.169351
v 1.220002 0.467679 0.202757
v -1.220002 0.467679 0.202757
v -1.223630 0.463848 0.204314
v -1.223516 0.455624 0.206889
v -1.211787 0.465897 0.169351
v -1.215461 0.462250 0.169271
v -1.215300 0.454223 0.170656
v -1.196820 0.461880 0.136399
v -1.200405 0.458225 0.134716
v -1.200169 0.450227 0.134944
v 1.078967 0.392720 0.025975
v 1.116149 0.414149 0.046884
v 1.149758 0.430749 0.072109
v 1.079896 0.403458 0.029284
v 1.116811 0.423876 0.049503
v 1.150232 0.439604 0.073908
v 1.078462 0.410541 0.035151
v 1.114590 0.429645 0.054721
v 1.147370 0.444306 0.078217
v -1.147370 0.444306 0.078217
v -1.150232 0.439604 0.073908
v -1.149758 0.430749 0.072109
v -1.114590 0.429645 0.054721
v -1.116811 0.423876 0.049503
v -1.116149 0.414149 0.046884
v -1.078462 0.410541 0.035151
v -1.079896 0.403458 0.029284
v -1.078967 0.392720 0.025975
v 0.925768 0.277175 -0.016376
v 0.961704 0.304282 -0.011134
v 1.000210 0.335541 -0.002743
v 0.928712 0.291201 -0.011816
v 0.964054 0.317739 -0.006595
v 1.001994 0.348229 0.001550
v 0.930987 0.303688 -0.005754
v 0.965462 0.329166 -0.000230
v 1.002437 0.358282 0.007985
v -1.002437 0.358282 0.007985
v -1.001994 0.348229 0.001550
v -1.000210 0.335541 -0.002743
v -0.965462 0.329166 -0.000230
v -0.964054 0.317739 -0.006595
v -0.961704 0.304282 -0.011134
v -0.930987 0.303688 -0.005754
v -0.928712 0.291201 -0.011816
v -0.925768 0.277175 -0.016376
v 0.853259 0.320119 0.072298
v 0.860947 0.320299 0.059383
v 0.865485 0.319713 0.045960
v 0.867799 0.324629 0.080379
v 0.876095 0.324995 0.067440
v 0.881274 0.324206 0.053978
v 0.884172 0.328444 0.090558
v 0.893130 0.329147 0.077537
v 0.899087 0.328407 0.063924
v -0.899087 0.328407 0.063924
v -0.881274 0.324207 0.053978
v -0.865485 0.319713 0.045960
v -0.893131 0.329147 0.077537
v -0.876095 0.324995 0.067440
v -0.860947 0.320299 0.059383
v -0.884172 0.328444 0.090558
v -0.867799 0.324629 0.080379
v -0.853259 0.320119 0.072298
v 0.918342 0.337072 0.115884
v 0.928492 0.339107 0.102576
v 0.936253 0.339885 0.088315
v 0.934980 0.342413 0.130334
v 0.945608 0.345351 0.116869
v 0.954358 0.347515 0.102193
v 0.951135 0.348114 0.145491
v 0.962189 0.351919 0.131905
v 0.971993 0.355558 0.116865
v -0.971993 0.355558 0.116865
v -0.954358 0.347515 0.102193
v -0.936253 0.339885 0.088315
v -0.962189 0.351919 0.131905
v -0.945608 0.345350 0.116869
v -0.928492 0.339107 0.102576
v -0.951135 0.348114 0.145491
v -0.934980 0.342413 0.130334
v -0.918342 0.337072 0.115884
v 0.981667 0.359483 0.176457
v 0.993510 0.364341 0.162858
v 1.005614 0.370178 0.147576
v 0.996287 0.364852 0.191475
v 1.008433 0.369771 0.177975
v 1.021632 0.376125 0.162883
v 1.010906 0.369983 0.205621
v 1.023188 0.374683 0.192232
v 1.037247 0.381226 0.177519
v -1.037247 0.381226 0.177519
v -1.021632 0.376125 0.162883
v -1.005614 0.370178 0.147576
v -1.023188 0.374683 0.192232
v -1.008433 0.369771 0.177975
v -0.993510 0.364341 0.162858
v -1.010906 0.369983 0.205621
v -0.996287 0.364852 0.191475
v -0.981667 0.359483 0.176457
v 1.041539 0.379699 0.229782
v 1.053282 0.383251 0.216484
v 1.067717 0.389415 0.203007
v 1.058434 0.385482 0.240083
v 1.069495 0.388269 0.226727
v 1.083079 0.393876 0.213983
v 1.077099 0.393422 0.250071
v 1.087375 0.395494 0.236531
v 1.099168 0.400188 0.224302
v -1.099168 0.400188 0.224302
v -1.083079 0.393876 0.213983
v -1.067717 0.389415 0.203007
v -1.087375 0.395494 0.236531
v -1.069495 0.388269 0.226727
v -1.053282 0.383251 0.216484
v -1.077099 0.393422 0.250071
v -1.058434 0.385482 0.240083
v -1.041540 0.379699 0.229782
v 1.034853 0.390244 0.300843
v 1.013747 0.377112 0.291478
v 0.994174 0.365180 0.281067
v 1.044505 0.391893 0.289553
v 1.024601 0.380605 0.279867
v 1.005830 0.370523 0.269325
v 1.055593 0.392506 0.277161
v 1.036353 0.382693 0.267091
v 1.018283 0.374362 0.256443
v -1.018283 0.374362 0.256443
v -1.005830 0.370523 0.269325
v -0.994174 0.365180 0.281067
v -1.036353 0.382693 0.267091
v -1.024601 0.380605 0.279867
v -1.013747 0.377112 0.291478
v -1.055593 0.392506 0.277161
v -1.044505 0.391893 0.289553
v -1.034853 0.390244 0.300843
v 0.928312 0.333528 0.228952
v 0.941241 0.341806 0.216674
v 0.955312 0.348785 0.203234
v 0.943332 0.339103 0.243304
v 0.956207 0.347409 0.231191
v 0.970166 0.354366 0.217964
v 0.959150 0.346116 0.256906
v 0.971768 0.353983 0.244961
v 0.985390 0.360445 0.231926
v -0.985390 0.360445 0.231926
v -0.970166 0.354366 0.217964
v -0.955312 0.348785 0.203234
v -0.971768 0.353983 0.244961
v -0.956207 0.347409 0.231191
v -0.941242 0.341806 0.216674
v -0.959150 0.346116 0.256906
v -0.943332 0.339103 0.243304
v -0.928312 0.333528 0.228952
v 0.899630 0.325879 0.198808
v 0.885354 0.323413 0.183305
v 0.870648 0.321602 0.167629
v 0.911903 0.333026 0.186391
v 0.897041 0.329664 0.171058
v 0.881791 0.326903 0.155842
v 0.925379 0.338936 0.172691
v 0.909927 0.334685 0.157463
v 0.894102 0.330965 0.142634
v -0.894103 0.330965 0.142634
v -0.881791 0.326903 0.155842
v -0.870648 0.321602 0.167629
v -0.909927 0.334685 0.157463
v -0.897041 0.329664 0.171058
v -0.885354 0.323413 0.183305
v -0.925379 0.338936 0.172691
v -0.911904 0.333026 0.186391
v -0.899630 0.325879 0.198808
v 0.831608 0.318822 0.094263
v 0.845636 0.322503 0.103737
v 0.861419 0.325242 0.115338
v 0.820429 0.317495 0.103021
v 0.834039 0.320677 0.113681
v 0.849654 0.322819 0.126606
v 0.811282 0.315010 0.110461
v 0.823709 0.317567 0.122067
v 0.838929 0.319105 0.136289
v -0.838929 0.319105 0.136289
v -0.849654 0.322819 0.126606
v -0.861419 0.325242 0.115338
v -0.823709 0.317567 0.122067
v -0.834039 0.320677 0.113681
v -0.845635 0.322503 0.103737
v -0.811282 0.315010 0.110461
v -0.820429 0.317495 0.103021
v -0.831608 0.318822 0.094263
v 0.851581 0.302880 -0.000037
v 0.866012 0.301769 0.002559
v 0.885501 0.302597 0.006446
v 0.857117 0.309710 0.008986
v 0.872938 0.310290 0.013695
v 0.892506 0.312235 0.019731
v 0.862691 0.314731 0.020094
v 0.879078 0.317028 0.026539
v 0.898319 0.320048 0.034501
v -0.898318 0.320048 0.034501
v -0.892506 0.312235 0.019731
v -0.885501 0.302597 0.006446
v -0.879078 0.317028 0.026539
v -0.872938 0.310290 0.013695
v -0.866012 0.301769 0.002559
v -0.862691 0.314731 0.020094
v -0.857117 0.309710 0.008986
v -0.851581 0.302880 -0.000037
v 0.998446 0.367108 0.035486
v 0.993936 0.366166 0.056185
v 0.987928 0.363156 0.078290
v 0.966802 0.344057 0.025651
v 0.966475 0.347510 0.044935
v 0.964687 0.348914 0.065583
v 0.936815 0.323558 0.017839
v 0.939995 0.330712 0.035294
v 0.941761 0.335871 0.054098
v -0.941761 0.335871 0.054098
v -0.964687 0.348914 0.065583
v -0.987928 0.363156 0.078290
v -0.939995 0.330712 0.035294
v -0.966475 0.347510 0.044935
v -0.993936 0.366166 0.056185
v -0.936815 0.323558 0.017839
v -0.966802 0.344057 0.025651
v -0.998446 0.367108 0.035486
v 1.121943 0.434069 0.101706
v 1.100163 0.420357 0.120464
v 1.076620 0.404949 0.140888
v 1.093733 0.422702 0.081086
v 1.075690 0.411055 0.101729
v 1.055949 0.397582 0.123964
v 1.062965 0.407922 0.063060
v 1.049275 0.399072 0.084585
v 1.033966 0.388275 0.107636
v -1.033966 0.388275 0.107636
v -1.055949 0.397582 0.123964
v -1.076620 0.404949 0.140888
v -1.049275 0.399072 0.084585
v -1.075691 0.411055 0.101729
v -1.100163 0.420357 0.120464
v -1.062965 0.407922 0.063060
v -1.093733 0.422702 0.081086
v -1.121943 0.434069 0.101706
v 1.189146 0.453897 0.202795
v 1.163522 0.438278 0.204741
v 1.137266 0.422079 0.208433
v 1.180462 0.451887 0.176138
v 1.154072 0.435866 0.183041
v 1.126305 0.418655 0.191829
v 1.166086 0.448219 0.149800
v 1.139990 0.432339 0.161482
v 1.112170 0.414980 0.175002
v -1.112170 0.414980 0.175002
v -1.126305 0.418655 0.191829
v -1.137266 0.422079 0.208433
v -1.139990 0.432339 0.161482
v -1.154072 0.435866 0.183041
v -1.163522 0.438278 0.204741
v -1.166086 0.448219 0.149800
v -1.180462 0.451887 0.176138
v -1.189146 0.453897 0.202795
v 1.164485 0.450372 0.293824
v 1.144613 0.436178 0.282921
v 1.121487 0.419851 0.271524
v 1.178412 0.453051 0.275289
v 1.156218 0.437955 0.265839
v 1.131703 0.421267 0.256048
v 1.187826 0.454397 0.253310
v 1.164309 0.439180 0.246676
v 1.139664 0.423178 0.240251
v -1.139664 0.423178 0.240251
v -1.131703 0.421267 0.256048
v -1.121487 0.419851 0.271524
v -1.164309 0.439180 0.246676
v -1.156218 0.437955 0.265839
v -1.144613 0.436178 0.282920
v -1.187826 0.454397 0.253310
v -1.178412 0.453051 0.275289
v -1.164486 0.450372 0.293824
v 1.102712 0.426885 0.311813
v 1.081666 0.418455 0.316222
v 1.086751 0.417375 0.306714
v 1.097088 0.417734 0.296993
v 1.115150 0.430413 0.306772
v 1.126966 0.439761 0.316697
v 1.105167 0.430796 0.319522
v -1.102712 0.426885 0.311813
v -1.126966 0.439761 0.316697
v -1.115151 0.430413 0.306772
v -1.097088 0.417734 0.296993
v -1.086751 0.417375 0.306714
v -1.081666 0.418455 0.316222
v -1.105167 0.430796 0.319522
v 0.974106 0.324641 -0.092537
v 0.912179 0.287332 -0.105998
v 0.852845 0.254415 -0.113281
v 0.975195 0.356955 -0.083624
v 0.913177 0.321604 -0.096832
v 0.854105 0.290633 -0.103556
v 0.976795 0.389271 -0.056821
v 0.915778 0.356350 -0.069707
v 0.858081 0.327772 -0.076146
v -0.858081 0.327772 -0.076146
v -0.854105 0.290633 -0.103556
v -0.852845 0.254415 -0.113281
v -0.915778 0.356350 -0.069707
v -0.913178 0.321604 -0.096832
v -0.912179 0.287332 -0.105998
v -0.976795 0.389271 -0.056821
v -0.975195 0.356955 -0.083624
v -0.974106 0.324641 -0.092537
v 1.211259 0.432847 0.028014
v 1.158277 0.415234 -0.012242
v 1.099301 0.391277 -0.045790
v 1.216639 0.455992 0.034654
v 1.162332 0.440722 -0.004612
v 1.102012 0.419178 -0.037489
v 1.218943 0.478709 0.055358
v 1.164036 0.465673 0.018684
v 1.103229 0.446542 -0.012408
v -1.103229 0.446542 -0.012408
v -1.102012 0.419178 -0.037489
v -1.099301 0.391277 -0.045790
v -1.164036 0.465673 0.018684
v -1.162332 0.440722 -0.004612
v -1.158277 0.415234 -0.012242
v -1.218943 0.478709 0.055358
v -1.216639 0.455992 0.034654
v -1.211259 0.432847 0.028014
v 1.321150 0.451032 0.242338
v 1.310633 0.451572 0.184643
v 1.288778 0.449967 0.127897
v 1.327143 0.468240 0.241578
v 1.317280 0.469587 0.186125
v 1.295598 0.469285 0.131434
v 1.328186 0.484936 0.243583
v 1.319453 0.487431 0.193652
v 1.298376 0.488463 0.144078
v -1.298376 0.488463 0.144078
v -1.295598 0.469285 0.131434
v -1.288778 0.449967 0.127897
v -1.319453 0.487430 0.193652
v -1.317280 0.469587 0.186125
v -1.310633 0.451572 0.184643
v -1.328186 0.484936 0.243583
v -1.327143 0.468240 0.241578
v -1.321150 0.451032 0.242338
v 1.257298 0.448438 0.429744
v 1.287454 0.450842 0.394070
v 1.308903 0.450754 0.349510
v 1.263105 0.470368 0.420961
v 1.293320 0.470767 0.387019
v 1.314474 0.468967 0.344388
v 1.267773 0.491447 0.401087
v 1.296938 0.489956 0.371498
v 1.316399 0.486339 0.333718
v -1.316399 0.486339 0.333718
v -1.314474 0.468967 0.344388
v -1.308903 0.450754 0.349510
v -1.296937 0.489956 0.371498
v -1.293320 0.470767 0.387019
v -1.287454 0.450842 0.394069
v -1.267773 0.491447 0.401087
v -1.263104 0.470368 0.420961
v -1.257298 0.448438 0.429744
v 1.081127 0.389277 0.463259
v 1.129024 0.410355 0.468825
v 1.176106 0.428343 0.466798
v 1.082942 0.418753 0.450631
v 1.132316 0.438396 0.456662
v 1.180581 0.454501 0.455424
v 1.084962 0.447315 0.420806
v 1.135841 0.465463 0.428075
v 1.185113 0.479627 0.428850
v -1.185113 0.479627 0.428850
v -1.180581 0.454501 0.455424
v -1.176106 0.428343 0.466798
v -1.135841 0.465463 0.428075
v -1.132316 0.438396 0.456662
v -1.129024 0.410355 0.468825
v -1.084962 0.447315 0.420806
v -1.082942 0.418753 0.450631
v -1.081127 0.389277 0.463259
v 0.922472 0.307449 0.408382
v 0.955680 0.324796 0.425073
v 0.993179 0.345009 0.439941
v 0.916630 0.337184 0.396200
v 0.951796 0.354672 0.412666
v 0.991315 0.375237 0.427279
v 0.909880 0.365417 0.366915
v 0.947383 0.383230 0.382659
v 0.989242 0.404370 0.396860
v -0.989242 0.404370 0.396860
v -0.991315 0.375237 0.427279
v -0.993179 0.345009 0.439941
v -0.947383 0.383230 0.382659
v -0.951796 0.354672 0.412665
v -0.955680 0.324796 0.425073
v -0.909880 0.365417 0.366915
v -0.916630 0.337184 0.396200
v -0.922472 0.307449 0.408382
v 0.984910 0.440539 0.262298
v 0.982781 0.442910 0.167336
v 0.980704 0.434855 0.072980
v 0.936620 0.416948 0.249032
v 0.930637 0.417382 0.154439
v 0.924857 0.407049 0.060304
v 0.892565 0.397165 0.236572
v 0.882602 0.395858 0.144198
v 0.872935 0.383402 0.052087
v -0.872935 0.383402 0.052087
v -0.924857 0.407049 0.060304
v -0.980704 0.434855 0.072980
v -0.882602 0.395858 0.144198
v -0.930637 0.417382 0.154439
v -0.982781 0.442910 0.167336
v -0.892565 0.397165 0.236572
v -0.936620 0.416948 0.249032
v -0.984910 0.440539 0.262298
v 1.091644 0.484426 0.291187
v 1.146266 0.500464 0.304857
v 1.197476 0.511798 0.315426
v 1.096002 0.488706 0.200426
v 1.152805 0.504459 0.218970
v 1.205173 0.515181 0.236869
v 1.099951 0.483536 0.110528
v 1.158807 0.499621 0.134126
v 1.212494 0.510285 0.159633
v -1.212493 0.510285 0.159633
v -1.205173 0.515181 0.236869
v -1.197476 0.511798 0.315426
v -1.158807 0.499621 0.134126
v -1.152805 0.504459 0.218970
v -1.146266 0.500464 0.304857
v -1.099951 0.483536 0.110528
v -1.096002 0.488706 0.200426
v -1.091644 0.484426 0.291187
v 1.300265 0.518747 0.271792
v 1.276856 0.518871 0.319015
v 1.301219 0.515448 0.306307
v 1.316386 0.509003 0.280059
v 1.309715 0.513942 0.243027
v 1.290331 0.516637 0.212897
v 1.282496 0.521574 0.264670
v -1.300265 0.518747 0.271792
v -1.290331 0.516637 0.212897
v -1.309715 0.513942 0.243027
v -1.316386 0.509003 0.280059
v -1.301219 0.515447 0.306307
v -1.276856 0.518871 0.319015
v -1.282496 0.521574 0.264670
v 0.803619 0.354250 0.313695
v 0.819211 0.311194 0.338686
v 0.830609 0.268388 0.349629
v 0.824101 0.349740 0.317072
v 0.837139 0.314129 0.343399
v 0.847455 0.277770 0.355493
v 0.848445 0.348528 0.331194
v 0.859360 0.317529 0.358581
v 0.868405 0.285191 0.370887
v -0.868405 0.285191 0.370887
v -0.847455 0.277770 0.355493
v -0.830609 0.268388 0.349629
v -0.859360 0.317529 0.358581
v -0.837139 0.314129 0.343399
v -0.819211 0.311194 0.338686
v -0.848445 0.348528 0.331194
v -0.824101 0.349740 0.317072
v -0.803619 0.354250 0.313695
v 0.759332 0.407522 0.206383
v 0.788211 0.391413 0.207277
v 0.818891 0.383380 0.214279
v 0.734549 0.408950 0.133630
v 0.767063 0.391162 0.131054
v 0.801364 0.381685 0.132181
v 0.710821 0.395790 0.062427
v 0.746438 0.377461 0.054859
v 0.784173 0.367546 0.049835
v -0.784173 0.367546 0.049835
v -0.801364 0.381685 0.132181
v -0.818891 0.383380 0.214279
v -0.746438 0.377461 0.054859
v -0.767063 0.391162 0.131054
v -0.788211 0.391413 0.207277
v -0.710821 0.395790 0.062427
v -0.734549 0.408950 0.133630
v -0.759332 0.407522 0.206383
v 0.659679 0.227434 -0.098270
v 0.663207 0.278821 -0.079646
v 0.673743 0.327896 -0.047145
v 0.702205 0.222394 -0.104642
v 0.705187 0.267168 -0.089275
v 0.714167 0.312157 -0.058956
v 0.747717 0.222006 -0.111063
v 0.750103 0.262771 -0.098308
v 0.757403 0.304700 -0.069480
v -0.757402 0.304700 -0.069480
v -0.714167 0.312157 -0.058956
v -0.673743 0.327896 -0.047145
v -0.750103 0.262771 -0.098308
v -0.705187 0.267168 -0.089275
v -0.663207 0.278821 -0.079646
v -0.747717 0.222006 -0.111062
v -0.702205 0.222394 -0.104642
v -0.659679 0.227434 -0.098270
f 3523 3524 3527 3526
f 3524 3525 3528 3527
f 3526 3527 3530 3529
f 3527 3528 3531 3530
f 47 511 3523 510
f 511 512 3524 3523
f 512 513 3525 3524
f 513 1 514 3525
f 3525 514 515 3528
f 3528 515 516 3531
f 3531 516 3 517
f 3530 3531 517 518
f 3529 3530 518 519
f 508 3529 519 45
f 509 3526 3529 508
f 510 3523 3526 509
f 3532 3533 3536 3535
f 3533 3534 3537 3536
f 3535 3536 3539 3538
f 3536 3537 3540 3539
f 4 523 3532 522
f 523 524 3533 3532
f 524 525 3534 3533
f 525 2 526 3534
f 3534 526 527 3537
f 3537 527 528 3540
f 3540 528 48 529
f 3539 3540 529 530
f 3538 3539 530 531
f 520 3538 531 46
f 521 3535 3538 520
f 522 3532 3535 521
f 3541 3542 3545 3544
f 3542 3543 3546 3545
f 3544 3545 3548 3547
f 3545 3546 3549 3548
f 45 519 3541 534
f 519 518 3542 3541
f 518 517 3543 3542
f 517 3 535 3543
f 3543 535 536 3546
f 3546 536 537 3549
f 3549 537 5 538
f 3548 3549 538 539
f 3547 3548 539 540
f 532 3547 540 43
f 533 3544 3547 532
f 534 3541 3544 533
f 3550 3551 3554 3553
f 3551 3552 3555 3554
f 3553 3554 3557 3556
f 3554 3555 3558 3557
f 6 544 3550 543
f 544 545 3551 3550
f 545 546 3552 3551
f 546 4 522 3552
f 3552 522 521 3555
f 3555 521 520 3558
f 3558 520 46 547
f 3557 3558 547 548
f 3556 3557 548 549
f 541 3556 549 44
f 542 3553 3556 541
f 543 3550 3553 542
f 3559 3560 3563 3562
f 3560 3561 3564 3563
f 3562 3563 3566 3565
f 3563 3564 3567 3566
f 3 550 3559 535
f 550 551 3560 3559
f 551 552 3561 3560
f 552 9 553 3561
f 3561 553 554 3564
f 3564 554 555 3567
f 3567 555 7 556
f 3566 3567 556 557
f 3565 3566 557 558
f 537 3565 558 5
f 536 3562 3565 537
f 535 3559 3562 536
f 3568 3569 3572 3571
f 3569 3570 3573 3572
f 3571 3572 3575 3574
f 3572 3573 3576 3575
f 8 562 3568 561
f 562 563 3569 3568
f 563 564 3570 3569
f 564 10 565 3570
f 3570 565 566 3573
f 3573 566 567 3576
f 3576 567 4 546
f 3575 3576 546 545
f 3574 3575 545 544
f 559 3574 544 6
f 560 3571 3574 559
f 561 3568 3571 560
f 3577 3578 3581 3580
f 3578 3579 3582 3581
f 3580 3581 3584 3583
f 3581 3582 3585 3584
f 1 568 3577 514
f 568 569 3578 3577
f 569 570 3579 3578
f 570 11 571 3579
f 3579 571 572 3582
f 3582 572 573 3585
f 3585 573 9 552
f 3584 3585 552 551
f 3583 3584 551 550
f 516 3583 550 3
f 515 3580 3583 516
f 514 3577 3580 515
f 3586 3587 3590 3589
f 3587 3588 3591 3590
f 3589 3590 3593 3592
f 3590 3591 3594 3593
f 10 574 3586 565
f 574 575 3587 3586
f 575 576 3588 3587
f 576 12 577 3588
f 3588 577 578 3591
f 3591 578 579 3594
f 3594 579 2 525
f 3593 3594 525 524
f 3592 3593 524 523
f 567 3592 523 4
f 566 3589 3592 567
f 565 3586 3589 566
f 3595 3596 3599 3598
f 3596 3597 3600 3599
f 3598 3599 3602 3601
f 3599 3600 3603 3602
f 11 580 3595 571
f 580 581 3596 3595
f 581 582 3597 3596
f 582 13 583 3597
f 3597 583 584 3600
f 3600 584 585 3603
f 3603 585 15 586
f 3602 3603 586 587
f 3601 3602 587 588
f 573 3601 588 9
f 572 3598 3601 573
f 571 3595 3598 572
f 3604 3605 3608 3607
f 3605 3606 3609 3608
f 3607 3608 3611 3610
f 3608 3609 3612 3611
f 16 592 3604 591
f 592 593 3605 3604
f 593 594 3606 3605
f 594 14 595 3606
f 3606 595 596 3609
f 3609 596 597 3612
f 3612 597 12 576
f 3611 3612 576 575
f 3610 3611 575 574
f 589 3610 574 10
f 590 3607 3610 589
f 591 3604 3607 590
f 3613 3614 3617 3616
f 3614 3615 3618 3617
f 3616 3617 3620 3619
f 3617 3618 3621 3620
f 9 588 3613 553
f 588 587 3614 3613
f 587 586 3615 3614
f 586 15 598 3615
f 3615 598 599 3618
f 3618 599 600 3621
f 3621 600 17 601
f 3620 3621 601 602
f 3619 3620 602 603
f 555 3619 603 7
f 554 3616 3619 555
f 553 3613 3616 554
f 3622 3623 3626 3625
f 3623 3624 3627 3626
f 3625 3626 3629 3628
f 3626 3627 3630 3629
f 18 607 3622 606
f 607 608 3623 3622
f 608 609 3624 3623
f 609 16 591 3624
f 3624 591 590 3627
f 3627 590 589 3630
f 3630 589 10 564
f 3629 3630 564 563
f 3628 3629 563 562
f 604 3628 562 8
f 605 3625 3628 604
f 606 3622 3625 605
f 3631 3632 3635 3634
f 3632 3633 3636 3635
f 3634 3635 3638 3637
f 3635 3636 3639 3638
f 15 610 3631 598
f 610 611 3632 3631
f 611 612 3633 3632
f 612 21 613 3633
f 3633 613 614 3636
f 3636 614 615 3639
f 3639 615 19 616
f 3638 3639 616 617
f 3637 3638 617 618
f 600 3637 618 17
f 599 3634 3637 600
f 598 3631 3634 599
f 3640 3641 3644 3643
f 3641 3642 3645 3644
f 3643 3644 3647 3646
f 3644 3645 3648 3647
f 20 622 3640 621
f 622 623 3641 3640
f 623 624 3642 3641
f 624 22 625 3642
f 3642 625 626 3645
f 3645 626 627 3648
f 3648 627 16 609
f 3647 3648 609 608
f 3646 3647 608 607
f 619 3646 607 18
f 620 3643 3646 619
f 621 3640 3643 620
f 3649 3650 3653 3652
f 3650 3651 3654 3653
f 3652 3653 3656 3655
f 3653 3654 3657 3656
f 13 628 3649 583
f 628 629 3650 3649
f 629 630 3651 3650
f 630 23 631 3651
f 3651 631 632 3654
f 3654 632 633 3657
f 3657 633 21 612
f 3656 3657 612 611
f 3655 3656 611 610
f 585 3655 610 15
f 584 3652 3655 585
f 583 3649 3652 584
f 3658 3659 3662 3661
f 3659 3660 3663 3662
f 3661 3662 3665 3664
f 3662 3663 3666 3665
f 22 634 3658 625
f 634 635 3659 3658
f 635 636 3660 3659
f 636 24 637 3660
f 3660 637 638 3663
f 3663 638 639 3666
f 3666 639 14 594
f 3665 3666 594 593
f 3664 3665 593 592
f 627 3664 592 16
f 626 3661 3664 627
f 625 3658 3661 626
f 3667 3668 3671 3670
f 3668 3669 3672 3671
f 3670 3671 3674 3673
f 3671 3672 3675 3674
f 23 640 3667 631
f 640 641 3668 3667
f 641 642 3669 3668
f 642 25 643 3669
f 3669 643 644 3672
f 3672 644 645 3675
f 3675 645 27 646
f 3674 3675 646 647
f 3673 3674 647 648
f 633 3673 648 21
f 632 3670 3673 633
f 631 3667 3670 632
f 3676 3677 3680 3679
f 3677 3678 3681 3680
f 3679 3680 3683 3682
f 3680 3681 3684 3683
f 28 652 3676 651
f 652 653 3677 3676
f 653 654 3678 3677
f 654 26 655 3678
f 3678 655 656 3681
f 3681 656 657 3684
f 3684 657 24 636
f 3683 3684 636 635
f 3682 3683 635 634
f 649 3682 634 22
f 650 3679 3682 649
f 651 3676 3679 650
f 3685 3686 3689 3688
f 3686 3687 3690 3689
f 3688 3689 3692 3691
f 3689 3690 3693 3692
f 21 648 3685 613
f 648 647 3686 3685
f 647 646 3687 3686
f 646 27 658 3687
f 3687 658 659 3690
f 3690 659 660 3693
f 3693 660 29 661
f 3692 3693 661 662
f 3691 3692 662 663
f 615 3691 663 19
f 614 3688 3691 615
f 613 3685 3688 614
f 3694 3695 3698 3697
f 3695 3696 3699 3698
f 3697 3698 3701 3700
f 3698 3699 3702 3701
f 30 667 3694 666
f 667 668 3695 3694
f 668 669 3696 3695
f 669 28 651 3696
f 3696 651 650 3699
f 3699 650 649 3702
f 3702 649 22 624
f 3701 3702 624 623
f 3700 3701 623 622
f 664 3700 622 20
f 665 3697 3700 664
f 666 3694 3697 665
f 3703 3704 3707 3706
f 3704 3705 3708 3707
f 3706 3707 3710 3709
f 3707 3708 3711 3710
f 27 670 3703 658
f 670 671 3704 3703
f 671 672 3705 3704
f 672 33 673 3705
f 3705 673 674 3708
f 3708 674 675 3711
f 3711 675 31 676
f 3710 3711 676 677
f 3709 3710 677 678
f 660 3709 678 29
f 659 3706 3709 660
f 658 3703 3706 659
f 3712 3713 3716 3715
f 3713 3714 3717 3716
f 3715 3716 3719 3718
f 3716 3717 3720 3719
f 32 682 3712 681
f 682 683 3713 3712
f 683 684 3714 3713
f 684 34 685 3714
f 3714 685 686 3717
f 3717 686 687 3720
f 3720 687 28 669
f 3719 3720 669 668
f 3718 3719 668 667
f 679 3718 667 30
f 680 3715 3718 679
f 681 3712 3715 680
f 3721 3722 3725 3724
f 3722 3723 3726 3725
f 3724 3725 3728 3727
f 3725 3726 3729 3728
f 25 688 3721 643
f 688 689 3722 3721
f 689 690 3723 3722
f 690 35 691 3723
f 3723 691 692 3726
f 3726 692 693 3729
f 3729 693 33 672
f 3728 3729 672 671
f 3727 3728 671 670
f 645 3727 670 27
f 644 3724 3727 645
f 643 3721 3724 644
f 3730 3731 3734 3733
f 3731 3732 3735 3734
f 3733 3734 3737 3736
f 3734 3735 3738 3737
f 34 694 3730 685
f 694 695 3731 3730
f 695 696 3732 3731
f 696 36 697 3732
f 3732 697 698 3735
f 3735 698 699 3738
f 3738 699 26 654
f 3737 3738 654 653
f 3736 3737 653 652
f 687 3736 652 28
f 686 3733 3736 687
f 685 3730 3733 686
f 3739 3740 3743 3742
f 3740 3741 3744 3743
f 3742 3743 3746 3745
f 3743 3744 3747 3746
f 35 700 3739 691
f 700 701 3740 3739
f 701 702 3741 3740
f 702 37 703 3741
f 3741 703 704 3744
f 3744 704 705 3747
f 3747 705 39 706
f 3746 3747 706 707
f 3745 3746 707 708
f 693 3745 708 33
f 692 3742 3745 693
f 691 3739 3742 692
f 3748 3749 3752 3751
f 3749 3750 3753 3752
f 3751 3752 3755 3754
f 3752 3753 3756 3755
f 40 712 3748 711
f 712 713 3749 3748
f 713 714 3750 3749
f 714 38 715 3750
f 3750 715 716 3753
f 3753 716 717 3756
f 3756 717 36 696
f 3755 3756 696 695
f 3754 3755 695 694
f 709 3754 694 34
f 710 3751 3754 709
f 711 3748 3751 710
f 3757 3758 3761 3760
f 3758 3759 3762 3761
f 3760 3761 3764 3763
f 3761 3762 3765 3764
f 33 708 3757 673
f 708 707 3758 3757
f 707 706 3759 3758
f 706 39 718 3759
f 3759 718 719 3762
f 3762 719 720 3765
f 3765 720 41 721
f 3764 3765 721 722
f 3763 3764 722 723
f 675 3763 723 31
f 674 3760 3763 675
f 673 3757 3760 674
f 3766 3767 3770 3769
f 3767 3768 3771 3770
f 3769 3770 3773 3772
f 3770 3771 3774 3773
f 42 727 3766 726
f 727 728 3767 3766
f 728 729 3768 3767
f 729 40 711 3768
f 3768 711 710 3771
f 3771 710 709 3774
f 3774 709 34 684
f 3773 3774 684 683
f 3772 3773 683 682
f 724 3772 682 32
f 725 3769 3772 724
f 726 3766 3769 725
f 3775 3776 3779 3778
f 3776 3777 3780 3779
f 3778 3779 3782 3781
f 3779 3780 3783 3782
f 39 730 3775 718
f 730 731 3776 3775
f 731 732 3777 3776
f 732 45 534 3777
f 3777 534 533 3780
f 3780 533 532 3783
f 3783 532 43 733
f 3782 3783 733 734
f 3781 3782 734 735
f 720 3781 735 41
f 719 3778 3781 720
f 718 3775 3778 719
f 3784 3785 3788 3787
f 3785 3786 3789 3788
f 3787 3788 3791 3790
f 3788 3789 3792 3791
f 44 549 3784 738
f 549 548 3785 3784
f 548 547 3786 3785
f 547 46 739 3786
f 3786 739 740 3789
f 3789 740 741 3792
f 3792 741 40 729
f 3791 3792 729 728
f 3790 3791 728 727
f 736 3790 727 42
f 737 3787 3790 736
f 738 3784 3787 737
f 3793 3794 3797 3796
f 3794 3795 3798 3797
f 3796 3797 3800 3799
f 3797 3798 3801 3800
f 37 742 3793 703
f 742 743 3794 3793
f 743 744 3795 3794
f 744 47 510 3795
f 3795 510 509 3798
f 3798 509 508 3801
f 3801 508 45 732
f 3800 3801 732 731
f 3799 3800 731 730
f 705 3799 730 39
f 704 3796 3799 705
f 703 3793 3796 704
f 3802 3803 3806 3805
f 3803 3804 3807 3806
f 3805 3806 3809 3808
f 3806 3807 3810 3809
f 46 531 3802 739
f 531 530 3803 3802
f 530 529 3804 3803
f 529 48 745 3804
f 3804 745 746 3807
f 3807 746 747 3810
f 3810 747 38 714
f 3809 3810 714 713
f 3808 3809 713 712
f 741 3808 712 40
f 740 3805 3808 741
f 739 3802 3805 740
f 3811 3812 3815 3814
f 3812 3813 3816 3815
f 3814 3815 3818 3817
f 3815 3816 3819 3818
f 47 744 3811 750
f 744 743 3812 3811
f 743 742 3813 3812
f 742 37 751 3813
f 3813 751 752 3816
f 3816 752 753 3819
f 3819 753 51 754
f 3818 3819 754 755
f 3817 3818 755 756
f 748 3817 756 49
f 749 3814 3817 748
f 750 3811 3814 749
f 3820 3821 3824 3823
f 3821 3822 3825 3824
f 3823 3824 3827 3826
f 3824 3825 3828 3827
f 52 760 3820 759
f 760 761 3821 3820
f 761 762 3822 3821
f 762 38 747 3822
f 3822 747 746 3825
f 3825 746 745 3828
f 3828 745 48 763
f 3827 3828 763 764
f 3826 3827 764 765
f 757 3826 765 50
f 758 3823 3826 757
f 759 3820 3823 758
f 3829 3830 3833 3832
f 3830 3831 3834 3833
f 3832 3833 3836 3835
f 3833 3834 3837 3836
f 37 702 3829 751
f 702 701 3830 3829
f 701 700 3831 3830
f 700 35 766 3831
f 3831 766 767 3834
f 3834 767 768 3837
f 3837 768 53 769
f 3836 3837 769 770
f 3835 3836 770 771
f 753 3835 771 51
f 752 3832 3835 753
f 751 3829 3832 752
f 3838 3839 3842 3841
f 3839 3840 3843 3842
f 3841 3842 3845 3844
f 3842 3843 3846 3845
f 54 775 3838 774
f 775 776 3839 3838
f 776 777 3840 3839
f 777 36 717 3840
f 3840 717 716 3843
f 3843 716 715 3846
f 3846 715 38 762
f 3845 3846 762 761
f 3844 3845 761 760
f 772 3844 760 52
f 773 3841 3844 772
f 774 3838 3841 773
f 3847 3848 3851 3850
f 3848 3849 3852 3851
f 3850 3851 3854 3853
f 3851 3852 3855 3854
f 35 690 3847 766
f 690 689 3848 3847
f 689 688 3849 3848
f 688 25 778 3849
f 3849 778 779 3852
f 3852 779 780 3855
f 3855 780 55 781
f 3854 3855 781 782
f 3853 3854 782 783
f 768 3853 783 53
f 767 3850 3853 768
f 766 3847 3850 767
f 3856 3857 3860 3859
f 3857 3858 3861 3860
f 3859 3860 3863 3862
f 3860 3861 3864 3863
f 56 787 3856 786
f 787 788 3857 3856
f 788 789 3858 3857
f 789 26 699 3858
f 3858 699 698 3861
f 3861 698 697 3864
f 3864 697 36 777
f 3863 3864 777 776
f 3862 3863 776 775
f 784 3862 775 54
f 785 3859 3862 784
f 786 3856 3859 785
f 3865 3866 3869 3868
f 3866 3867 3870 3869
f 3868 3869 3872 3871
f 3869 3870 3873 3872
f 25 642 3865 778
f 642 641 3866 3865
f 641 640 3867 3866
f 640 23 790 3867
f 3867 790 791 3870
f 3870 791 792 3873
f 3873 792 57 793
f 3872 3873 793 794
f 3871 3872 794 795
f 780 3871 795 55
f 779 3868 3871 780
f 778 3865 3868 779
f 3874 3875 3878 3877
f 3875 3876 3879 3878
f 3877 3878 3881 3880
f 3878 3879 3882 3881
f 58 799 3874 798
f 799 800 3875 3874
f 800 801 3876 3875
f 801 24 657 3876
f 3876 657 656 3879
f 3879 656 655 3882
f 3882 655 26 789
f 3881 3882 789 788
f 3880 3881 788 787
f 796 3880 787 56
f 797 3877 3880 796
f 798 3874 3877 797
f 3883 3884 3887 3886
f 3884 3885 3888 3887
f 3886 3887 3890 3889
f 3887 3888 3891 3890
f 23 630 3883 790
f 630 629 3884 3883
f 629 628 3885 3884
f 628 13 802 3885
f 3885 802 803 3888
f 3888 803 804 3891
f 3891 804 59 805
f 3890 3891 805 806
f 3889 3890 806 807
f 792 3889 807 57
f 791 3886 3889 792
f 790 3883 3886 791
f 3892 3893 3896 3895
f 3893 3894 3897 3896
f 3895 3896 3899 3898
f 3896 3897 3900 3899
f 60 811 3892 810
f 811 812 3893 3892
f 812 813 3894 3893
f 813 14 639 3894
f 3894 639 638 3897
f 3897 638 637 3900
f 3900 637 24 801
f 3899 3900 801 800
f 3898 3899 800 799
f 808 3898 799 58
f 809 3895 3898 808
f 810 3892 3895 809
f 3901 3902 3905 3904
f 3902 3903 3906 3905
f 3904 3905 3908 3907
f 3905 3906 3909 3908
f 13 582 3901 802
f 582 581 3902 3901
f 581 580 3903 3902
f 580 11 814 3903
f 3903 814 815 3906
f 3906 815 816 3909
f 3909 816 63 817
f 3908 3909 817 818
f 3907 3908 818 819
f 804 3907 819 59
f 803 3904 3907 804
f 802 3901 3904 803
f 3910 3911 3914 3913
f 3911 3912 3915 3914
f 3913 3914 3917 3916
f 3914 3915 3918 3917
f 64 823 3910 822
f 823 824 3911 3910
f 824 825 3912 3911
f 825 12 597 3912
f 3912 597 596 3915
f 3915 596 595 3918
f 3918 595 14 813
f 3917 3918 813 812
f 3916 3917 812 811
f 820 3916 811 60
f 821 3913 3916 820
f 822 3910 3913 821
f 3919 3920 3923 3922
f 3920 3921 3924 3923
f 3922 3923 3926 3925
f 3923 3924 3927 3926
f 11 570 3919 814
f 570 569 3920 3919
f 569 568 3921 3920
f 568 1 826 3921
f 3921 826 827 3924
f 3924 827 828 3927
f 3927 828 65 829
f 3926 3927 829 830
f 3925 3926 830 831
f 816 3925 831 63
f 815 3922 3925 816
f 814 3919 3922 815
f 3928 3929 3932 3931
f 3929 3930 3933 3932
f 3931 3932 3935 3934
f 3932 3933 3936 3935
f 66 835 3928 834
f 835 836 3929 3928
f 836 837 3930 3929
f 837 2 579 3930
f 3930 579 578 3933
f 3933 578 577 3936
f 3936 577 12 825
f 3935 3936 825 824
f 3934 3935 824 823
f 832 3934 823 64
f 833 3931 3934 832
f 834 3928 3931 833
f 3937 3938 3941 3940
f 3938 3939 3942 3941
f 3940 3941 3944 3943
f 3941 3942 3945 3944
f 1 513 3937 826
f 513 512 3938 3937
f 512 511 3939 3938
f 511 47 750 3939
f 3939 750 749 3942
f 3942 749 748 3945
f 3945 748 49 838
f 3944 3945 838 839
f 3943 3944 839 840
f 828 3943 840 65
f 827 3940 3943 828
f 826 3937 3940 827
f 3946 3947 3950 3949
f 3947 3948 3951 3950
f 3949 3950 3953 3952
f 3950 3951 3954 3953
f 50 765 3946 843
f 765 764 3947 3946
f 764 763 3948 3947
f 763 48 528 3948
f 3948 528 527 3951
f 3951 527 526 3954
f 3954 526 2 837
f 3953 3954 837 836
f 3952 3953 836 835
f 841 3952 835 66
f 842 3949 3952 841
f 843 3946 3949 842
f 3956 3957 3955 3961
f 3958 3959 3955 3957
f 3960 3961 3955 3959
f 61 847 3956 846
f 847 848 3957 3956
f 846 3956 3961 845
f 65 840 3958 849
f 840 839 3959 3958
f 849 3958 3957 848
f 49 844 3960 838
f 844 845 3961 3960
f 838 3960 3959 839
f 3963 3964 3962 3968
f 3965 3966 3962 3964
f 3967 3968 3962 3966
f 50 843 3963 852
f 843 842 3964 3963
f 852 3963 3968 851
f 66 853 3965 841
f 853 854 3966 3965
f 841 3965 3964 842
f 62 850 3967 855
f 850 851 3968 3967
f 855 3967 3966 854
f 3970 3971 3969 3975
f 3972 3973 3969 3971
f 3974 3975 3969 3973
f 63 831 3970 858
f 831 830 3971 3970
f 858 3970 3975 857
f 65 849 3972 829
f 849 848 3973 3972
f 829 3972 3971 830
f 61 856 3974 847
f 856 857 3975 3974
f 847 3974 3973 848
f 3977 3978 3976 3982
f 3979 3980 3976 3978
f 3981 3982 3976 3980
f 62 855 3977 861
f 855 854 3978 3977
f 861 3977 3982 860
f 66 834 3979 853
f 834 833 3980 3979
f 853 3979 3978 854
f 64 859 3981 832
f 859 860 3982 3981
f 832 3981 3980 833
f 3984 3985 3983 3989
f 3986 3987 3983 3985
f 3988 3989 3983 3987
f 61 862 3984 856
f 862 863 3985 3984
f 856 3984 3989 857
f 59 819 3986 864
f 819 818 3987 3986
f 864 3986 3985 863
f 63 858 3988 817
f 858 857 3989 3988
f 817 3988 3987 818
f 3991 3992 3990 3996
f 3993 3994 3990 3992
f 3995 3996 3990 3994
f 64 822 3991 859
f 822 821 3992 3991
f 859 3991 3996 860
f 60 865 3993 820
f 865 866 3994 3993
f 820 3993 3992 821
f 62 861 3995 867
f 861 860 3996 3995
f 867 3995 3994 866
f 3998 3999 3997 4003
f 4000 4001 3997 3999
f 4002 4003 3997 4001
f 61 868 3998 862
f 868 869 3999 3998
f 862 3998 4003 863
f 57 807 4000 870
f 807 806 4001 4000
f 870 4000 3999 869
f 59 864 4002 805
f 864 863 4003 4002
f 805 4002 4001 806
f 4005 4006 4004 4010
f 4007 4008 4004 4006
f 4009 4010 4004 4008
f 60 810 4005 865
f 810 809 4006 4005
f 865 4005 4010 866
f 58 871 4007 808
f 871 872 4008 4007
f 808 4007 4006 809
f 62 867 4009 873
f 867 866 4010 4009
f 873 4009 4008 872
f 4012 4013 4011 4017
f 4014 4015 4011 4013
f 4016 4017 4011 4015
f 61 874 4012 868
f 874 875 4013 4012
f 868 4012 4017 869
f 55 795 4014 876
f 795 794 4015 4014
f 876 4014 4013 875
f 57 870 4016 793
f 870 869 4017 4016
f 793 4016 4015 794
f 4019 4020 4018 4024
f 4021 4022 4018 4020
f 4023 4024 4018 4022
f 58 798 4019 871
f 798 797 4020 4019
f 871 4019 4024 872
f 56 877 4021 796
f 877 878 4022 4021
f 796 4021 4020 797
f 62 873 4023 879
f 873 872 4024 4023
f 879 4023 4022 878
f 4026 4027 4025 4031
f 4028 4029 4025 4027
f 4030 4031 4025 4029
f 61 880 4026 874
f 880 881 4027 4026
f 874 4026 4031 875
f 53 783 4028 882
f 783 782 4029 4028
f 882 4028 4027 881
f 55 876 4030 781
f 876 875 4031 4030
f 781 4030 4029 782
f 4033 4034 4032 4038
f 4035 4036 4032 4034
f 4037 4038 4032 4036
f 56 786 4033 877
f 786 785 4034 4033
f 877 4033 4038 878
f 54 883 4035 784
f 883 884 4036 4035
f 784 4035 4034 785
f 62 879 4037 885
f 879 878 4038 4037
f 885 4037 4036 884
f 4040 4041 4039 4045
f 4042 4043 4039 4041
f 4044 4045 4039 4043
f 61 886 4040 880
f 886 887 4041 4040
f 880 4040 4045 881
f 51 771 4042 888
f 771 770 4043 4042
f 888 4042 4041 887
f 53 882 4044 769
f 882 881 4045 4044
f 769 4044 4043 770
f 4047 4048 4046 4052
f 4049 4050 4046 4048
f 4051 4052 4046 4050
f 54 774 4047 883
f 774 773 4048 4047
f 883 4047 4052 884
f 52 889 4049 772
f 889 890 4050 4049
f 772 4049 4048 773
f 62 885 4051 891
f 885 884 4052 4051
f 891 4051 4050 890
f 4054 4055 4053 4059
f 4056 4057 4053 4055
f 4058 4059 4053 4057
f 61 846 4054 886
f 846 845 4055 4054
f 886 4054 4059 887
f 49 756 4056 844
f 756 755 4057 4056
f 844 4056 4055 845
f 51 888 4058 754
f 888 887 4059 4058
f 754 4058 4057 755
f 4061 4062 4060 4066
f 4063 4064 4060 4062
f 4065 4066 4060 4064
f 52 759 4061 889
f 759 758 4062 4061
f 889 4061 4066 890
f 50 852 4063 757
f 852 851 4064 4063
f 757 4063 4062 758
f 62 891 4065 850
f 891 890 4066 4065
f 850 4065 4064 851
f 4067 4068 4071 4070
f 4068 4069 4072 4071
f 4070 4071 4074 4073
f 4071 4072 4075 4074
f 89 895 4067 894
f 895 896 4068 4067
f 896 897 4069 4068
f 897 174 898 4069
f 4069 898 899 4072
f 4072 899 900 4075
f 4075 900 176 901
f 4074 4075 901 902
f 4073 4074 902 903
f 892 4073 903 91
f 893 4070 4073 892
f 894 4067 4070 893
f 4076 4077 4080 4079
f 4077 4078 4081 4080
f 4079 4080 4083 4082
f 4080 4081 4084 4083
f 176 904 4076 901
f 904 905 4077 4076
f 905 906 4078 4077
f 906 175 907 4078
f 4078 907 908 4081
f 4081 908 909 4084
f 4084 909 90 910
f 4083 4084 910 911
f 4082 4083 911 912
f 903 4082 912 91
f 902 4079 4082 903
f 901 4076 4079 902
f 4085 4086 4089 4088
f 4086 4087 4090 4089
f 4088 4089 4092 4091
f 4089 4090 4093 4092
f 87 916 4085 915
f 916 917 4086 4085
f 917 918 4087 4086
f 918 172 919 4087
f 4087 919 920 4090
f 4090 920 921 4093
f 4093 921 174 897
f 4092 4093 897 896
f 4091 4092 896 895
f 913 4091 895 89
f 914 4088 4091 913
f 915 4085 4088 914
f 4094 4095 4098 4097
f 4095 4096 4099 4098
f 4097 4098 4101 4100
f 4098 4099 4102 4101
f 175 922 4094 907
f 922 923 4095 4094
f 923 924 4096 4095
f 924 173 925 4096
f 4096 925 926 4099
f 4099 926 927 4102
f 4102 927 88 928
f 4101 4102 928 929
f 4100 4101 929 930
f 909 4100 930 90
f 908 4097 4100 909
f 907 4094 4097 908
f 4103 4104 4107 4106
f 4104 4105 4108 4107
f 4106 4107 4110 4109
f 4107 4108 4111 4110
f 85 934 4103 933
f 934 935 4104 4103
f 935 936 4105 4104
f 936 170 937 4105
f 4105 937 938 4108
f 4108 938 939 4111
f 4111 939 172 918
f 4110 4111 918 917
f 4109 4110 917 916
f 931 4109 916 87
f 932 4106 4109 931
f 933 4103 4106 932
f 4112 4113 4116 4115
f 4113 4114 4117 4116
f 4115 4116 4119 4118
f 4116 4117 4120 4119
f 173 940 4112 925
f 940 941 4113 4112
f 941 942 4114 4113
f 942 171 943 4114
f 4114 943 944 4117
f 4117 944 945 4120
f 4120 945 86 946
f 4119 4120 946 947
f 4118 4119 947 948
f 927 4118 948 88
f 926 4115 4118 927
f 925 4112 4115 926
f 4121 4122 4125 4124
f 4122 4123 4126 4125
f 4124 4125 4128 4127
f 4125 4126 4129 4128
f 83 952 4121 951
f 952 953 4122 4121
f 953 954 4123 4122
f 954 168 955 4123
f 4123 955 956 4126
f 4126 956 957 4129
f 4129 957 170 936
f 4128 4129 936 935
f 4127 4128 935 934
f 949 4127 934 85
f 950 4124 4127 949
f 951 4121 4124 950
f 4130 4131 4134 4133
f 4131 4132 4135 4134
f 4133 4134 4137 4136
f 4134 4135 4138 4137
f 171 958 4130 943
f 958 959 4131 4130
f 959 960 4132 4131
f 960 169 961 4132
f 4132 961 962 4135
f 4135 962 963 4138
f 4138 963 84 964
f 4137 4138 964 965
f 4136 4137 965 966
f 945 4136 966 86
f 944 4133 4136 945
f 943 4130 4133 944
f 4139 4140 4143 4142
f 4140 4141 4144 4143
f 4142 4143 4146 4145
f 4143 4144 4147 4146
f 81 970 4139 969
f 970 971 4140 4139
f 971 972 4141 4140
f 972 166 973 4141
f 4141 973 974 4144
f 4144 974 975 4147
f 4147 975 168 954
f 4146 4147 954 953
f 4145 4146 953 952
f 967 4145 952 83
f 968 4142 4145 967
f 969 4139 4142 968
f 4148 4149 4152 4151
f 4149 4150 4153 4152
f 4151 4152 4155 4154
f 4152 4153 4156 4155
f 169 976 4148 961
f 976 977 4149 4148
f 977 978 4150 4149
f 978 167 979 4150
f 4150 979 980 4153
f 4153 980 981 4156
f 4156 981 82 982
f 4155 4156 982 983
f 4154 4155 983 984
f 963 4154 984 84
f 962 4151 4154 963
f 961 4148 4151 962
f 4157 4158 4161 4160
f 4158 4159 4162 4161
f 4160 4161 4164 4163
f 4161 4162 4165 4164
f 79 988 4157 987
f 988 989 4158 4157
f 989 990 4159 4158
f 990 92 991 4159
f 4159 991 992 4162
f 4162 992 993 4165
f 4165 993 146 994
f 4164 4165 994 995
f 4163 4164 995 996
f 985 4163 996 164
f 986 4160 4163 985
f 987 4157 4160 986
f 4166 4167 4170 4169
f 4167 4168 4171 4170
f 4169 4170 4173 4172
f 4170 4171 4174 4173
f 147 1000 4166 999
f 1000 1001 4167 4166
f 1001 1002 4168 4167
f 1002 93 1003 4168
f 4168 1003 1004 4171
f 4171 1004 1005 4174
f 4174 1005 80 1006
f 4173 4174 1006 1007
f 4172 4173 1007 1008
f 997 4172 1008 165
f 998 4169 4172 997
f 999 4166 4169 998
f 4175 4176 4179 4178
f 4176 4177 4180 4179
f 4178 4179 4182 4181
f 4179 4180 4183 4182
f 92 1009 4175 991
f 1009 1010 4176 4175
f 1010 1011 4177 4176
f 1011 94 1012 4177
f 4177 1012 1013 4180
f 4180 1013 1014 4183
f 4183 1014 148 1015
f 4182 4183 1015 1016
f 4181 4182 1016 1017
f 993 4181 1017 146
f 992 4178 4181 993
f 991 4175 4178 992
f 4184 4185 4188 4187
f 4185 4186 4189 4188
f 4187 4188 4191 4190
f 4188 4189 4192 4191
f 149 1021 4184 1020
f 1021 1022 4185 4184
f 1022 1023 4186 4185
f 1023 95 1024 4186
f 4186 1024 1025 4189
f 4189 1025 1026 4192
f 4192 1026 93 1002
f 4191 4192 1002 1001
f 4190 4191 1001 1000
f 1018 4190 1000 147
f 1019 4187 4190 1018
f 1020 4184 4187 1019
f 4193 4194 4197 4196
f 4194 4195 4198 4197
f 4196 4197 4200 4199
f 4197 4198 4201 4200
f 94 1027 4193 1012
f 1027 1028 4194 4193
f 1028 1029 4195 4194
f 1029 96 1030 4195
f 4195 1030 1031 4198
f 4198 1031 1032 4201
f 4201 1032 150 1033
f 4200 4201 1033 1034
f 4199 4200 1034 1035
f 1014 4199 1035 148
f 1013 4196 4199 1014
f 1012 4193 4196 1013
f 4202 4203 4206 4205
f 4203 4204 4207 4206
f 4205 4206 4209 4208
f 4206 4207 4210 4209
f 151 1039 4202 1038
f 1039 1040 4203 4202
f 1040 1041 4204 4203
f 1041 97 1042 4204
f 4204 1042 1043 4207
f 4207 1043 1044 4210
f 4210 1044 95 1023
f 4209 4210 1023 1022
f 4208 4209 1022 1021
f 1036 4208 1021 149
f 1037 4205 4208 1036
f 1038 4202 4205 1037
f 4211 4212 4215 4214
f 4212 4213 4216 4215
f 4214 4215 4218 4217
f 4215 4216 4219 4218
f 96 1045 4211 1030
f 1045 1046 4212 4211
f 1046 1047 4213 4212
f 1047 98 1048 4213
f 4213 1048 1049 4216
f 4216 1049 1050 4219
f 4219 1050 152 1051
f 4218 4219 1051 1052
f 4217 4218 1052 1053
f 1032 4217 1053 150
f 1031 4214 4217 1032
f 1030 4211 4214 1031
f 4220 4221 4224 4223
f 4221 4222 4225 4224
f 4223 4224 4227 4226
f 4224 4225 4228 4227
f 153 1057 4220 1056
f 1057 1058 4221 4220
f 1058 1059 4222 4221
f 1059 99 1060 4222
f 4222 1060 1061 4225
f 4225 1061 1062 4228
f 4228 1062 97 1041
f 4227 4228 1041 1040
f 4226 4227 1040 1039
f 1054 4226 1039 151
f 1055 4223 4226 1054
f 1056 4220 4223 1055
f 4229 4230 4233 4232
f 4230 4231 4234 4233
f 4232 4233 4236 4235
f 4233 4234 4237 4236
f 98 1063 4229 1048
f 1063 1064 4230 4229
f 1064 1065 4231 4230
f 1065 100 1066 4231
f 4231 1066 1067 4234
f 4234 1067 1068 4237
f 4237 1068 154 1069
f 4236 4237 1069 1070
f 4235 4236 1070 1071
f 1050 4235 1071 152
f 1049 4232 4235 1050
f 1048 4229 4232 1049
f 4238 4239 4242 4241
f 4239 4240 4243 4242
f 4241 4242 4245 4244
f 4242 4243 4246 4245
f 155 1075 4238 1074
f 1075 1076 4239 4238
f 1076 1077 4240 4239
f 1077 101 1078 4240
f 4240 1078 1079 4243
f 4243 1079 1080 4246
f 4246 1080 99 1059
f 4245 4246 1059 1058
f 4244 4245 1058 1057
f 1072 4244 1057 153
f 1073 4241 4244 1072
f 1074 4238 4241 1073
f 4247 4248 4251 4250
f 4248 4249 4252 4251
f 4250 4251 4254 4253
f 4251 4252 4255 4254
f 100 1081 4247 1066
f 1081 1082 4248 4247
f 1082 1083 4249 4248
f 1083 102 1084 4249
f 4249 1084 1085 4252
f 4252 1085 1086 4255
f 4255 1086 156 1087
f 4254 4255 1087 1088
f 4253 4254 1088 1089
f 1068 4253 1089 154
f 1067 4250 4253 1068
f 1066 4247 4250 1067
f 4256 4257 4260 4259
f 4257 4258 4261 4260
f 4259 4260 4263 4262
f 4260 4261 4264 4263
f 157 1093 4256 1092
f 1093 1094 4257 4256
f 1094 1095 4258 4257
f 1095 103 1096 4258
f 4258 1096 1097 4261
f 4261 1097 1098 4264
f 4264 1098 101 1077
f 4263 4264 1077 1076
f 4262 4263 1076 1075
f 1090 4262 1075 155
f 1091 4259 4262 1090
f 1092 4256 4259 1091
f 4265 4266 4269 4268
f 4266 4267 4270 4269
f 4268 4269 4272 4271
f 4269 4270 4273 4272
f 102 1099 4265 1084
f 1099 1100 4266 4265
f 1100 1101 4267 4266
f 1101 104 1102 4267
f 4267 1102 1103 4270
f 4270 1103 1104 4273
f 4273 1104 158 1105
f 4272 4273 1105 1106
f 4271 4272 1106 1107
f 1086 4271 1107 156
f 1085 4268 4271 1086
f 1084 4265 4268 1085
f 4274 4275 4278 4277
f 4275 4276 4279 4278
f 4277 4278 4281 4280
f 4278 4279 4282 4281
f 159 1111 4274 1110
f 1111 1112 4275 4274
f 1112 1113 4276 4275
f 1113 105 1114 4276
f 4276 1114 1115 4279
f 4279 1115 1116 4282
f 4282 1116 103 1095
f 4281 4282 1095 1094
f 4280 4281 1094 1093
f 1108 4280 1093 157
f 1109 4277 4280 1108
f 1110 4274 4277 1109
f 4283 4284 4287 4286
f 4284 4285 4288 4287
f 4286 4287 4290 4289
f 4287 4288 4291 4290
f 104 1117 4283 1102
f 1117 1118 4284 4283
f 1118 1119 4285 4284
f 1119 106 1120 4285
f 4285 1120 1121 4288
f 4288 1121 1122 4291
f 4291 1122 160 1123
f 4290 4291 1123 1124
f 4289 4290 1124 1125
f 1104 4289 1125 158
f 1103 4286 4289 1104
f 1102 4283 4286 1103
f 4292 4293 4296 4295
f 4293 4294 4297 4296
f 4295 4296 4299 4298
f 4296 4297 4300 4299
f 161 1129 4292 1128
f 1129 1130 4293 4292
f 1130 1131 4294 4293
f 1131 107 1132 4294
f 4294 1132 1133 4297
f 4297 1133 1134 4300
f 4300 1134 105 1113
f 4299 4300 1113 1112
f 4298 4299 1112 1111
f 1126 4298 1111 159
f 1127 4295 4298 1126
f 1128 4292 4295 1127
f 4301 4302 4305 4304
f 4302 4303 4306 4305
f 4304 4305 4308 4307
f 4305 4306 4309 4308
f 106 1135 4301 1120
f 1135 1136 4302 4301
f 1136 1137 4303 4302
f 1137 108 1138 4303
f 4303 1138 1139 4306
f 4306 1139 1140 4309
f 4309 1140 162 1141
f 4308 4309 1141 1142
f 4307 4308 1142 1143
f 1122 4307 1143 160
f 1121 4304 4307 1122
f 1120 4301 4304 1121
f 4310 4311 4314 4313
f 4311 4312 4315 4314
f 4313 4314 4317 4316
f 4314 4315 4318 4317
f 163 1147 4310 1146
f 1147 1148 4311 4310
f 1148 1149 4312 4311
f 1149 109 1150 4312
f 4312 1150 1151 4315
f 4315 1151 1152 4318
f 4318 1152 107 1131
f 4317 4318 1131 1130
f 4316 4317 1130 1129
f 1144 4316 1129 161
f 1145 4313 4316 1144
f 1146 4310 4313 1145
f 4319 4320 4323 4322
f 4320 4321 4324 4323
f 4322 4323 4326 4325
f 4323 4324 4327 4326
f 108 1153 4319 1138
f 1153 1154 4320 4319
f 1154 1155 4321 4320
f 1155 67 1156 4321
f 4321 1156 1157 4324
f 4324 1157 1158 4327
f 4327 1158 68 1159
f 4326 4327 1159 1160
f 4325 4326 1160 1161
f 1140 4325 1161 162
f 1139 4322 4325 1140
f 1138 4319 4322 1139
f 4328 4329 4332 4331
f 4329 4330 4333 4332
f 4331 4332 4335 4334
f 4332 4333 4336 4335
f 68 1158 4328 1164
f 1158 1157 4329 4328
f 1157 1156 4330 4329
f 1156 67 1165 4330
f 4330 1165 1166 4333
f 4333 1166 1167 4336
f 4336 1167 109 1149
f 4335 4336 1149 1148
f 4334 4335 1148 1147
f 1162 4334 1147 163
f 1163 4331 4334 1162
f 1164 4328 4331 1163
f 4337 4338 4341 4340
f 4338 4339 4342 4341
f 4340 4341 4344 4343
f 4341 4342 4345 4344
f 110 1171 4337 1170
f 1171 1172 4338 4337
f 1172 1173 4339 4338
f 1173 128 1174 4339
f 4339 1174 1175 4342
f 4342 1175 1176 4345
f 4345 1176 160 1143
f 4344 4345 1143 1142
f 4343 4344 1142 1141
f 1168 4343 1141 162
f 1169 4340 4343 1168
f 1170 4337 4340 1169
f 4346 4347 4350 4349
f 4347 4348 4351 4350
f 4349 4350 4353 4352
f 4350 4351 4354 4353
f 161 1177 4346 1144
f 1177 1178 4347 4346
f 1178 1179 4348 4347
f 1179 129 1180 4348
f 4348 1180 1181 4351
f 4351 1181 1182 4354
f 4354 1182 111 1183
f 4353 4354 1183 1184
f 4352 4353 1184 1185
f 1146 4352 1185 163
f 1145 4349 4352 1146
f 1144 4346 4349 1145
f 4355 4356 4359 4358
f 4356 4357 4360 4359
f 4358 4359 4362 4361
f 4359 4360 4363 4362
f 128 1186 4355 1174
f 1186 1187 4356 4355
f 1187 1188 4357 4356
f 1188 179 1189 4357
f 4357 1189 1190 4360
f 4360 1190 1191 4363
f 4363 1191 158 1125
f 4362 4363 1125 1124
f 4361 4362 1124 1123
f 1176 4361 1123 160
f 1175 4358 4361 1176
f 1174 4355 4358 1175
f 4364 4365 4368 4367
f 4365 4366 4369 4368
f 4367 4368 4371 4370
f 4368 4369 4372 4371
f 159 1192 4364 1126
f 1192 1193 4365 4364
f 1193 1194 4366 4365
f 1194 180 1195 4366
f 4366 1195 1196 4369
f 4369 1196 1197 4372
f 4372 1197 129 1179
f 4371 4372 1179 1178
f 4370 4371 1178 1177
f 1128 4370 1177 161
f 1127 4367 4370 1128
f 1126 4364 4367 1127
f 4373 4374 4377 4376
f 4374 4375 4378 4377
f 4376 4377 4380 4379
f 4377 4378 4381 4380
f 126 1201 4373 1200
f 1201 1202 4374 4373
f 1202 1203 4375 4374
f 1203 156 1107 4375
f 4375 1107 1106 4378
f 4378 1106 1105 4381
f 4381 1105 158 1191
f 4380 4381 1191 1190
f 4379 4380 1190 1189
f 1198 4379 1189 179
f 1199 4376 4379 1198
f 1200 4373 4376 1199
f 4382 4383 4386 4385
f 4383 4384 4387 4386
f 4385 4386 4389 4388
f 4386 4387 4390 4389
f 159 1110 4382 1192
f 1110 1109 4383 4382
f 1109 1108 4384 4383
f 1108 157 1204 4384
f 4384 1204 1205 4387
f 4387 1205 1206 4390
f 4390 1206 127 1207
f 4389 4390 1207 1208
f 4388 4389 1208 1209
f 1194 4388 1209 180
f 1193 4385 4388 1194
f 1192 4382 4385 1193
f 4391 4392 4395 4394
f 4392 4393 4396 4395
f 4394 4395 4398 4397
f 4395 4396 4399 4398
f 124 1213 4391 1212
f 1213 1214 4392 4391
f 1214 1215 4393 4392
f 1215 154 1089 4393
f 4393 1089 1088 4396
f 4396 1088 1087 4399
f 4399 1087 156 1203
f 4398 4399 1203 1202
f 4397 4398 1202 1201
f 1210 4397 1201 126
f 1211 4394 4397 1210
f 1212 4391 4394 1211
f 4400 4401 4404 4403
f 4401 4402 4405 4404
f 4403 4404 4407 4406
f 4404 4405 4408 4407
f 157 1092 4400 1204
f 1092 1091 4401 4400
f 1091 1090 4402 4401
f 1090 155 1216 4402
f 4402 1216 1217 4405
f 4405 1217 1218 4408
f 4408 1218 125 1219
f 4407 4408 1219 1220
f 4406 4407 1220 1221
f 1206 4406 1221 127
f 1205 4403 4406 1206
f 1204 4400 4403 1205
f 4409 4410 4413 4412
f 4410 4411 4414 4413
f 4412 4413 4416 4415
f 4413 4414 4417 4416
f 122 1225 4409 1224
f 1225 1226 4410 4409
f 1226 1227 4411 4410
f 1227 152 1071 4411
f 4411 1071 1070 4414
f 4414 1070 1069 4417
f 4417 1069 154 1215
f 4416 4417 1215 1214
f 4415 4416 1214 1213
f 1222 4415 1213 124
f 1223 4412 4415 1222
f 1224 4409 4412 1223
f 4418 4419 4422 4421
f 4419 4420 4423 4422
f 4421 4422 4425 4424
f 4422 4423 4426 4425
f 155 1074 4418 1216
f 1074 1073 4419 4418
f 1073 1072 4420 4419
f 1072 153 1228 4420
f 4420 1228 1229 4423
f 4423 1229 1230 4426
f 4426 1230 123 1231
f 4425 4426 1231 1232
f 4424 4425 1232 1233
f 1218 4424 1233 125
f 1217 4421 4424 1218
f 1216 4418 4421 1217
f 4427 4428 4431 4430
f 4428 4429 4432 4431
f 4430 4431 4434 4433
f 4431 4432 4435 4434
f 120 1237 4427 1236
f 1237 1238 4428 4427
f 1238 1239 4429 4428
f 1239 150 1053 4429
f 4429 1053 1052 4432
f 4432 1052 1051 4435
f 4435 1051 152 1227
f 4434 4435 1227 1226
f 4433 4434 1226 1225
f 1234 4433 1225 122
f 1235 4430 4433 1234
f 1236 4427 4430 1235
f 4436 4437 4440 4439
f 4437 4438 4441 4440
f 4439 4440 4443 4442
f 4440 4441 4444 4443
f 153 1056 4436 1228
f 1056 1055 4437 4436
f 1055 1054 4438 4437
f 1054 151 1240 4438
f 4438 1240 1241 4441
f 4441 1241 1242 4444
f 4444 1242 121 1243
f 4443 4444 1243 1244
f 4442 4443 1244 1245
f 1230 4442 1245 123
f 1229 4439 4442 1230
f 1228 4436 4439 1229
f 4445 4446 4449 4448
f 4446 4447 4450 4449
f 4448 4449 4452 4451
f 4449 4450 4453 4452
f 118 1249 4445 1248
f 1249 1250 4446 4445
f 1250 1251 4447 4446
f 1251 148 1035 4447
f 4447 1035 1034 4450
f 4450 1034 1033 4453
f 4453 1033 150 1239
f 4452 4453 1239 1238
f 4451 4452 1238 1237
f 1246 4451 1237 120
f 1247 4448 4451 1246
f 1248 4445 4448 1247
f 4454 4455 4458 4457
f 4455 4456 4459 4458
f 4457 4458 4461 4460
f 4458 4459 4462 4461
f 151 1038 4454 1240
f 1038 1037 4455 4454
f 1037 1036 4456 4455
f 1036 149 1252 4456
f 4456 1252 1253 4459
f 4459 1253 1254 4462
f 4462 1254 119 1255
f 4461 4462 1255 1256
f 4460 4461 1256 1257
f 1242 4460 1257 121
f 1241 4457 4460 1242
f 1240 4454 4457 1241
f 4463 4464 4467 4466
f 4464 4465 4468 4467
f 4466 4467 4470 4469
f 4467 4468 4471 4470
f 116 1261 4463 1260
f 1261 1262 4464 4463
f 1262 1263 4465 4464
f 1263 146 1017 4465
f 4465 1017 1016 4468
f 4468 1016 1015 4471
f 4471 1015 148 1251
f 4470 4471 1251 1250
f 4469 4470 1250 1249
f 1258 4469 1249 118
f 1259 4466 4469 1258
f 1260 4463 4466 1259
f 4472 4473 4476 4475
f 4473 4474 4477 4476
f 4475 4476 4479 4478
f 4476 4477 4480 4479
f 149 1020 4472 1252
f 1020 1019 4473 4472
f 1019 1018 4474 4473
f 1018 147 1264 4474
f 4474 1264 1265 4477
f 4477 1265 1266 4480
f 4480 1266 117 1267
f 4479 4480 1267 1268
f 4478 4479 1268 1269
f 1254 4478 1269 119
f 1253 4475 4478 1254
f 1252 4472 4475 1253
f 4481 4482 4485 4484
f 4482 4483 4486 4485
f 4484 4485 4488 4487
f 4485 4486 4489 4488
f 114 1273 4481 1272
f 1273 1274 4482 4481
f 1274 1275 4483 4482
f 1275 164 996 4483
f 4483 996 995 4486
f 4486 995 994 4489
f 4489 994 146 1263
f 4488 4489 1263 1262
f 4487 4488 1262 1261
f 1270 4487 1261 116
f 1271 4484 4487 1270
f 1272 4481 4484 1271
f 4490 4491 4494 4493
f 4491 4492 4495 4494
f 4493 4494 4497 4496
f 4494 4495 4498 4497
f 147 999 4490 1264
f 999 998 4491 4490
f 998 997 4492 4491
f 997 165 1276 4492
f 4492 1276 1277 4495
f 4495 1277 1278 4498
f 4498 1278 115 1279
f 4497 4498 1279 1280
f 4496 4497 1280 1281
f 1266 4496 1281 117
f 1265 4493 4496 1266
f 1264 4490 4493 1265
f 4499 4500 4503 4502
f 4500 4501 4504 4503
f 4502 4503 4506 4505
f 4503 4504 4507 4506
f 114 1282 4499 1273
f 1282 1283 4500 4499
f 1283 1284 4501 4500
f 1284 181 1285 4501
f 4501 1285 1286 4504
f 4504 1286 1287 4507
f 4507 1287 177 1288
f 4506 4507 1288 1289
f 4505 4506 1289 1290
f 1275 4505 1290 164
f 1274 4502 4505 1275
f 1273 4499 4502 1274
f 4508 4509 4512 4511
f 4509 4510 4513 4512
f 4511 4512 4515 4514
f 4512 4513 4516 4515
f 177 1294 4508 1293
f 1294 1295 4509 4508
f 1295 1296 4510 4509
f 1296 182 1297 4510
f 4510 1297 1298 4513
f 4513 1298 1299 4516
f 4516 1299 115 1278
f 4515 4516 1278 1277
f 4514 4515 1277 1276
f 1291 4514 1276 165
f 1292 4511 4514 1291
f 1293 4508 4511 1292
f 4517 4518 4521 4520
f 4518 4519 4522 4521
f 4520 4521 4524 4523
f 4521 4522 4525 4524
f 110 1170 4517 1302
f 1170 1169 4518 4517
f 1169 1168 4519 4518
f 1168 162 1161 4519
f 4519 1161 1160 4522
f 4522 1160 1159 4525
f 4525 1159 68 1303
f 4524 4525 1303 1304
f 4523 4524 1304 1305
f 1300 4523 1305 112
f 1301 4520 4523 1300
f 1302 4517 4520 1301
f 4526 4527 4530 4529
f 4527 4528 4531 4530
f 4529 4530 4533 4532
f 4530 4531 4534 4533
f 68 1164 4526 1308
f 1164 1163 4527 4526
f 1163 1162 4528 4527
f 1162 163 1185 4528
f 4528 1185 1184 4531
f 4531 1184 1183 4534
f 4534 1183 111 1309
f 4533 4534 1309 1310
f 4532 4533 1310 1311
f 1306 4532 1311 113
f 1307 4529 4532 1306
f 1308 4526 4529 1307
f 4535 4536 4539 4538
f 4536 4537 4540 4539
f 4538 4539 4542 4541
f 4539 4540 4543 4542
f 112 1305 4535 1314
f 1305 1304 4536 4535
f 1304 1303 4537 4536
f 1303 68 1315 4537
f 4537 1315 1316 4540
f 4540 1316 1317 4543
f 4543 1317 178 1318
f 4542 4543 1318 1319
f 4541 4542 1319 1320
f 1312 4541 1320 183
f 1313 4538 4541 1312
f 1314 4535 4538 1313
f 4544 4545 4548 4547
f 4545 4546 4549 4548
f 4547 4548 4551 4550
f 4548 4549 4552 4551
f 178 1317 4544 1323
f 1317 1316 4545 4544
f 1316 1315 4546 4545
f 1315 68 1308 4546
f 4546 1308 1307 4549
f 4549 1307 1306 4552
f 4552 1306 113 1324
f 4551 4552 1324 1325
f 4550 4551 1325 1326
f 1321 4550 1326 184
f 1322 4547 4550 1321
f 1323 4544 4547 1322
f 4553 4554 4557 4556
f 4554 4555 4558 4557
f 4556 4557 4560 4559
f 4557 4558 4561 4560
f 177 1287 4553 1329
f 1287 1286 4554 4553
f 1286 1285 4555 4554
f 1285 181 1330 4555
f 4555 1330 1331 4558
f 4558 1331 1332 4561
f 4561 1332 183 1320
f 4560 4561 1320 1319
f 4559 4560 1319 1318
f 1327 4559 1318 178
f 1328 4556 4559 1327
f 1329 4553 4556 1328
f 4562 4563 4566 4565
f 4563 4564 4567 4566
f 4565 4566 4569 4568
f 4566 4567 4570 4569
f 184 1333 4562 1321
f 1333 1334 4563 4562
f 1334 1335 4564 4563
f 1335 182 1296 4564
f 4564 1296 1295 4567
f 4567 1295 1294 4570
f 4570 1294 177 1329
f 4569 4570 1329 1328
f 4568 4569 1328 1327
f 1323 4568 1327 178
f 1322 4565 4568 1323
f 1321 4562 4565 1322
f 4571 4572 4575 4574
f 4572 4573 4576 4575
f 4574 4575 4578 4577
f 4575 4576 4579 4578
f 135 1339 4571 1338
f 1339 1340 4572 4571
f 1340 1341 4573 4572
f 1341 137 1342 4573
f 4573 1342 1343 4576
f 4576 1343 1344 4579
f 4579 1344 176 900
f 4578 4579 900 899
f 4577 4578 899 898
f 1336 4577 898 174
f 1337 4574 4577 1336
f 1338 4571 4574 1337
f 4580 4581 4584 4583
f 4581 4582 4585 4584
f 4583 4584 4587 4586
f 4584 4585 4588 4587
f 176 1344 4580 904
f 1344 1343 4581 4580
f 1343 1342 4582 4581
f 1342 137 1345 4582
f 4582 1345 1346 4585
f 4585 1346 1347 4588
f 4588 1347 136 1348
f 4587 4588 1348 1349
f 4586 4587 1349 1350
f 906 4586 1350 175
f 905 4583 4586 906
f 904 4580 4583 905
f 4589 4590 4593 4592
f 4590 4591 4594 4593
f 4592 4593 4596 4595
f 4593 4594 4597 4596
f 133 1354 4589 1353
f 1354 1355 4590 4589
f 1355 1356 4591 4590
f 1356 135 1338 4591
f 4591 1338 1337 4594
f 4594 1337 1336 4597
f 4597 1336 174 921
f 4596 4597 921 920
f 4595 4596 920 919
f 1351 4595 919 172
f 1352 4592 4595 1351
f 1353 4589 4592 1352
f 4598 4599 4602 4601
f 4599 4600 4603 4602
f 4601 4602 4605 4604
f 4602 4603 4606 4605
f 175 1350 4598 922
f 1350 1349 4599 4598
f 1349 1348 4600 4599
f 1348 136 1357 4600
f 4600 1357 1358 4603
f 4603 1358 1359 4606
f 4606 1359 134 1360
f 4605 4606 1360 1361
f 4604 4605 1361 1362
f 924 4604 1362 173
f 923 4601 4604 924
f 922 4598 4601 923
f 4607 4608 4611 4610
f 4608 4609 4612 4611
f 4610 4611 4614 4613
f 4611 4612 4615 4614
f 131 1366 4607 1365
f 1366 1367 4608 4607
f 1367 1368 4609 4608
f 1368 133 1353 4609
f 4609 1353 1352 4612
f 4612 1352 1351 4615
f 4615 1351 172 939
f 4614 4615 939 938
f 4613 4614 938 937
f 1363 4613 937 170
f 1364 4610 4613 1363
f 1365 4607 4610 1364
f 4616 4617 4620 4619
f 4617 4618 4621 4620
f 4619 4620 4623 4622
f 4620 4621 4624 4623
f 173 1362 4616 940
f 1362 1361 4617 4616
f 1361 1360 4618 4617
f 1360 134 1369 4618
f 4618 1369 1370 4621
f 4621 1370 1371 4624
f 4624 1371 132 1372
f 4623 4624 1372 1373
f 4622 4623 1373 1374
f 942 4622 1374 171
f 941 4619 4622 942
f 940 4616 4619 941
f 4625 4626 4629 4628
f 4626 4627 4630 4629
f 4628 4629 4632 4631
f 4629 4630 4633 4632
f 166 1375 4625 973
f 1375 1376 4626 4625
f 1376 1377 4627 4626
f 1377 187 1378 4627
f 4627 1378 1379 4630
f 4630 1379 1380 4633
f 4633 1380 185 1381
f 4632 4633 1381 1382
f 4631 4632 1382 1383
f 975 4631 1383 168
f 974 4628 4631 975
f 973 4625 4628 974
f 4634 4635 4638 4637
f 4635 4636 4639 4638
f 4637 4638 4641 4640
f 4638 4639 4642 4641
f 186 1387 4634 1386
f 1387 1388 4635 4634
f 1388 1389 4636 4635
f 1389 188 1390 4636
f 4636 1390 1391 4639
f 4639 1391 1392 4642
f 4642 1392 167 978
f 4641 4642 978 977
f 4640 4641 977 976
f 1384 4640 976 169
f 1385 4637 4640 1384
f 1386 4634 4637 1385
f 4643 4644 4647 4646
f 4644 4645 4648 4647
f 4646 4647 4650 4649
f 4647 4648 4651 4650
f 131 1365 4643 1395
f 1365 1364 4644 4643
f 1364 1363 4645 4644
f 1363 170 957 4645
f 4645 957 956 4648
f 4648 956 955 4651
f 4651 955 168 1383
f 4650 4651 1383 1382
f 4649 4650 1382 1381
f 1393 4649 1381 185
f 1394 4646 4649 1393
f 1395 4643 4646 1394
f 4652 4653 4656 4655
f 4653 4654 4657 4656
f 4655 4656 4659 4658
f 4656 4657 4660 4659
f 169 960 4652 1384
f 960 959 4653 4652
f 959 958 4654 4653
f 958 171 1374 4654
f 4654 1374 1373 4657
f 4657 1373 1372 4660
f 4660 1372 132 1396
f 4659 4660 1396 1397
f 4658 4659 1397 1398
f 1386 4658 1398 186
f 1385 4655 4658 1386
f 1384 4652 4655 1385
f 4661 4662 4665 4664
f 4662 4663 4666 4665
f 4664 4665 4668 4667
f 4665 4666 4669 4668
f 144 1402 4661 1401
f 1402 1403 4662 4661
f 1403 1404 4663 4662
f 1404 190 1405 4663
f 4663 1405 1406 4666
f 4666 1406 1407 4669
f 4669 1407 189 1408
f 4668 4669 1408 1409
f 4667 4668 1409 1410
f 1399 4667 1410 187
f 1400 4664 4667 1399
f 1401 4661 4664 1400
f 4670 4671 4674 4673
f 4671 4672 4675 4674
f 4673 4674 4677 4676
f 4674 4675 4678 4677
f 189 1407 4670 1413
f 1407 1406 4671 4670
f 1406 1405 4672 4671
f 1405 190 1414 4672
f 4672 1414 1415 4675
f 4675 1415 1416 4678
f 4678 1416 145 1417
f 4677 4678 1417 1418
f 4676 4677 1418 1419
f 1411 4676 1419 188
f 1412 4673 4676 1411
f 1413 4670 4673 1412
f 4679 4680 4683 4682
f 4680 4681 4684 4683
f 4682 4683 4686 4685
f 4683 4684 4687 4686
f 185 1380 4679 1422
f 1380 1379 4680 4679
f 1379 1378 4681 4680
f 1378 187 1410 4681
f 4681 1410 1409 4684
f 4684 1409 1408 4687
f 4687 1408 189 1423
f 4686 4687 1423 1424
f 4685 4686 1424 1425
f 1420 4685 1425 69
f 1421 4682 4685 1420
f 1422 4679 4682 1421
f 4688 4689 4692 4691
f 4689 4690 4693 4692
f 4691 4692 4695 4694
f 4692 4693 4696 4695
f 189 1413 4688 1423
f 1413 1412 4689 4688
f 1412 1411 4690 4689
f 1411 188 1389 4690
f 4690 1389 1388 4693
f 4693 1388 1387 4696
f 4696 1387 186 1426
f 4695 4696 1426 1427
f 4694 4695 1427 1428
f 1425 4694 1428 69
f 1424 4691 4694 1425
f 1423 4688 4691 1424
f 4697 4698 4701 4700
f 4698 4699 4702 4701
f 4700 4701 4704 4703
f 4701 4702 4705 4704
f 130 1432 4697 1431
f 1432 1433 4698 4697
f 1433 1434 4699 4698
f 1434 131 1395 4699
f 4699 1395 1394 4702
f 4702 1394 1393 4705
f 4705 1393 185 1422
f 4704 4705 1422 1421
f 4703 4704 1421 1420
f 1429 4703 1420 69
f 1430 4700 4703 1429
f 1431 4697 4700 1430
f 4706 4707 4710 4709
f 4707 4708 4711 4710
f 4709 4710 4713 4712
f 4710 4711 4714 4713
f 186 1398 4706 1426
f 1398 1397 4707 4706
f 1397 1396 4708 4707
f 1396 132 1435 4708
f 4708 1435 1436 4711
f 4711 1436 1437 4714
f 4714 1437 130 1431
f 4713 4714 1431 1430
f 4712 4713 1430 1429
f 1428 4712 1429 69
f 1427 4709 4712 1428
f 1426 4706 4709 1427
f 4715 4716 4719 4718
f 4716 4717 4720 4719
f 4718 4719 4722 4721
f 4719 4720 4723 4722
f 142 1441 4715 1440
f 1441 1442 4716 4715
f 1442 1443 4717 4716
f 1443 193 1444 4717
f 4717 1444 1445 4720
f 4720 1445 1446 4723
f 4723 1446 191 1447
f 4722 4723 1447 1448
f 4721 4722 1448 1449
f 1438 4721 1449 144
f 1439 4718 4721 1438
f 1440 4715 4718 1439
f 4724 4725 4728 4727
f 4725 4726 4729 4728
f 4727 4728 4731 4730
f 4728 4729 4732 4731
f 192 1453 4724 1452
f 1453 1454 4725 4724
f 1454 1455 4726 4725
f 1455 194 1456 4726
f 4726 1456 1457 4729
f 4729 1457 1458 4732
f 4732 1458 143 1459
f 4731 4732 1459 1460
f 4730 4731 1460 1461
f 1450 4730 1461 145
f 1451 4727 4730 1450
f 1452 4724 4727 1451
f 4733 4734 4737 4736
f 4734 4735 4738 4737
f 4736 4737 4740 4739
f 4737 4738 4741 4740
f 140 1465 4733 1464
f 1465 1466 4734 4733
f 1466 1467 4735 4734
f 1467 195 1468 4735
f 4735 1468 1469 4738
f 4738 1469 1470 4741
f 4741 1470 193 1443
f 4740 4741 1443 1442
f 4739 4740 1442 1441
f 1462 4739 1441 142
f 1463 4736 4739 1462
f 1464 4733 4736 1463
f 4742 4743 4746 4745
f 4743 4744 4747 4746
f 4745 4746 4749 4748
f 4746 4747 4750 4749
f 194 1471 4742 1456
f 1471 1472 4743 4742
f 1472 1473 4744 4743
f 1473 196 1474 4744
f 4744 1474 1475 4747
f 4747 1475 1476 4750
f 4750 1476 141 1477
f 4749 4750 1477 1478
f 4748 4749 1478 1479
f 1458 4748 1479 143
f 1457 4745 4748 1458
f 1456 4742 4745 1457
f 4751 4752 4755 4754
f 4752 4753 4756 4755
f 4754 4755 4758 4757
f 4755 4756 4759 4758
f 139 1483 4751 1482
f 1483 1484 4752 4751
f 1484 1485 4753 4752
f 1485 197 1486 4753
f 4753 1486 1487 4756
f 4756 1487 1488 4759
f 4759 1488 195 1467
f 4758 4759 1467 1466
f 4757 4758 1466 1465
f 1480 4757 1465 140
f 1481 4754 4757 1480
f 1482 4751 4754 1481
f 4760 4761 4764 4763
f 4761 4762 4765 4764
f 4763 4764 4767 4766
f 4764 4765 4768 4767
f 196 1489 4760 1474
f 1489 1490 4761 4760
f 1490 1491 4762 4761
f 1491 198 1492 4762
f 4762 1492 1493 4765
f 4765 1493 1494 4768
f 4768 1494 139 1495
f 4767 4768 1495 1496
f 4766 4767 1496 1497
f 1476 4766 1497 141
f 1475 4763 4766 1476
f 1474 4760 4763 1475
f 4769 4770 4773 4772
f 4770 4771 4774 4773
f 4772 4773 4776 4775
f 4773 4774 4777 4776
f 138 1501 4769 1500
f 1501 1502 4770 4769
f 1502 1503 4771 4770
f 1503 71 1504 4771
f 4771 1504 1505 4774
f 4774 1505 1506 4777
f 4777 1506 197 1485
f 4776 4777 1485 1484
f 4775 4776 1484 1483
f 1498 4775 1483 139
f 1499 4772 4775 1498
f 1500 4769 4772 1499
f 4778 4779 4782 4781
f 4779 4780 4783 4782
f 4781 4782 4785 4784
f 4782 4783 4786 4785
f 198 1507 4778 1492
f 1507 1508 4779 4778
f 1508 1509 4780 4779
f 1509 71 1503 4780
f 4780 1503 1502 4783
f 4783 1502 1501 4786
f 4786 1501 138 1500
f 4785 4786 1500 1499
f 4784 4785 1499 1498
f 1494 4784 1498 139
f 1493 4781 4784 1494
f 1492 4778 4781 1493
f 4787 4788 4791 4790
f 4788 4789 4792 4791
f 4790 4791 4794 4793
f 4791 4792 4795 4794
f 190 1404 4787 1512
f 1404 1403 4788 4787
f 1403 1402 4789 4788
f 1402 144 1449 4789
f 4789 1449 1448 4792
f 4792 1448 1447 4795
f 4795 1447 191 1513
f 4794 4795 1513 1514
f 4793 4794 1514 1515
f 1510 4793 1515 70
f 1511 4790 4793 1510
f 1512 4787 4790 1511
f 4796 4797 4800 4799
f 4797 4798 4801 4800
f 4799 4800 4803 4802
f 4800 4801 4804 4803
f 192 1452 4796 1518
f 1452 1451 4797 4796
f 1451 1450 4798 4797
f 1450 145 1416 4798
f 4798 1416 1415 4801
f 4801 1415 1414 4804
f 4804 1414 190 1512
f 4803 4804 1512 1511
f 4802 4803 1511 1510
f 1516 4802 1510 70
f 1517 4799 4802 1516
f 1518 4796 4799 1517
f 4805 4806 4809 4808
f 4806 4807 4810 4809
f 4808 4809 4812 4811
f 4809 4810 4813 4812
f 70 1515 4805 1521
f 1515 1514 4806 4805
f 1514 1513 4807 4806
f 1513 191 1522 4807
f 4807 1522 1523 4810
f 4810 1523 1524 4813
f 4813 1524 206 1525
f 4812 4813 1525 1526
f 4811 4812 1526 1527
f 1519 4811 1527 208
f 1520 4808 4811 1519
f 1521 4805 4808 1520
f 4814 4815 4818 4817
f 4815 4816 4819 4818
f 4817 4818 4821 4820
f 4818 4819 4822 4821
f 207 1531 4814 1530
f 1531 1532 4815 4814
f 1532 1533 4816 4815
f 1533 192 1518 4816
f 4816 1518 1517 4819
f 4819 1517 1516 4822
f 4822 1516 70 1521
f 4821 4822 1521 1520
f 4820 4821 1520 1519
f 1528 4820 1519 208
f 1529 4817 4820 1528
f 1530 4814 4817 1529
f 4823 4824 4827 4826
f 4824 4825 4828 4827
f 4826 4827 4830 4829
f 4827 4828 4831 4830
f 71 1534 4823 1504
f 1534 1535 4824 4823
f 1535 1536 4825 4824
f 1536 199 1537 4825
f 4825 1537 1538 4828
f 4828 1538 1539 4831
f 4831 1539 200 1540
f 4830 4831 1540 1541
f 4829 4830 1541 1542
f 1506 4829 1542 197
f 1505 4826 4829 1506
f 1504 4823 4826 1505
f 4832 4833 4836 4835
f 4833 4834 4837 4836
f 4835 4836 4839 4838
f 4836 4837 4840 4839
f 201 1546 4832 1545
f 1546 1547 4833 4832
f 1547 1548 4834 4833
f 1548 199 1536 4834
f 4834 1536 1535 4837
f 4837 1535 1534 4840
f 4840 1534 71 1509
f 4839 4840 1509 1508
f 4838 4839 1508 1507
f 1543 4838 1507 198
f 1544 4835 4838 1543
f 1545 4832 4835 1544
f 4841 4842 4845 4844
f 4842 4843 4846 4845
f 4844 4845 4848 4847
f 4845 4846 4849 4848
f 197 1542 4841 1486
f 1542 1541 4842 4841
f 1541 1540 4843 4842
f 1540 200 1549 4843
f 4843 1549 1550 4846
f 4846 1550 1551 4849
f 4849 1551 202 1552
f 4848 4849 1552 1553
f 4847 4848 1553 1554
f 1488 4847 1554 195
f 1487 4844 4847 1488
f 1486 4841 4844 1487
f 4850 4851 4854 4853
f 4851 4852 4855 4854
f 4853 4854 4857 4856
f 4854 4855 4858 4857
f 203 1558 4850 1557
f 1558 1559 4851 4850
f 1559 1560 4852 4851
f 1560 201 1545 4852
f 4852 1545 1544 4855
f 4855 1544 1543 4858
f 4858 1543 198 1491
f 4857 4858 1491 1490
f 4856 4857 1490 1489
f 1555 4856 1489 196
f 1556 4853 4856 1555
f 1557 4850 4853 1556
f 4859 4860 4863 4862
f 4860 4861 4864 4863
f 4862 4863 4866 4865
f 4863 4864 4867 4866
f 195 1554 4859 1468
f 1554 1553 4860 4859
f 1553 1552 4861 4860
f 1552 202 1561 4861
f 4861 1561 1562 4864
f 4864 1562 1563 4867
f 4867 1563 204 1564
f 4866 4867 1564 1565
f 4865 4866 1565 1566
f 1470 4865 1566 193
f 1469 4862 4865 1470
f 1468 4859 4862 1469
f 4868 4869 4872 4871
f 4869 4870 4873 4872
f 4871 4872 4875 4874
f 4872 4873 4876 4875
f 205 1570 4868 1569
f 1570 1571 4869 4868
f 1571 1572 4870 4869
f 1572 203 1557 4870
f 4870 1557 1556 4873
f 4873 1556 1555 4876
f 4876 1555 196 1473
f 4875 4876 1473 1472
f 4874 4875 1472 1471
f 1567 4874 1471 194
f 1568 4871 4874 1567
f 1569 4868 4871 1568
f 4877 4878 4881 4880
f 4878 4879 4882 4881
f 4880 4881 4884 4883
f 4881 4882 4885 4884
f 193 1566 4877 1444
f 1566 1565 4878 4877
f 1565 1564 4879 4878
f 1564 204 1573 4879
f 4879 1573 1574 4882
f 4882 1574 1575 4885
f 4885 1575 206 1524
f 4884 4885 1524 1523
f 4883 4884 1523 1522
f 1446 4883 1522 191
f 1445 4880 4883 1446
f 1444 4877 4880 1445
f 4886 4887 4890 4889
f 4887 4888 4891 4890
f 4889 4890 4893 4892
f 4890 4891 4894 4893
f 207 1576 4886 1531
f 1576 1577 4887 4886
f 1577 1578 4888 4887
f 1578 205 1569 4888
f 4888 1569 1568 4891
f 4891 1568 1567 4894
f 4894 1567 194 1455
f 4893 4894 1455 1454
f 4892 4893 1454 1453
f 1533 4892 1453 192
f 1532 4889 4892 1533
f 1531 4886 4889 1532
f 4895 4896 4899 4898
f 4896 4897 4900 4899
f 4898 4899 4902 4901
f 4899 4900 4903 4902
f 199 1579 4895 1537
f 1579 1580 4896 4895
f 1580 1581 4897 4896
f 1581 204 1563 4897
f 4897 1563 1562 4900
f 4900 1562 1561 4903
f 4903 1561 202 1551
f 4902 4903 1551 1550
f 4901 4902 1550 1549
f 1539 4901 1549 200
f 1538 4898 4901 1539
f 1537 4895 4898 1538
f 4904 4905 4908 4907
f 4905 4906 4909 4908
f 4907 4908 4911 4910
f 4908 4909 4912 4911
f 203 1572 4904 1558
f 1572 1571 4905 4904
f 1571 1570 4906 4905
f 1570 205 1582 4906
f 4906 1582 1583 4909
f 4909 1583 1584 4912
f 4912 1584 199 1548
f 4911 4912 1548 1547
f 4910 4911 1547 1546
f 1560 4910 1546 201
f 1559 4907 4910 1560
f 1558 4904 4907 1559
f 4913 4914 4917 4916
f 4914 4915 4918 4917
f 4916 4917 4920 4919
f 4917 4918 4921 4920
f 199 1585 4913 1579
f 1585 1586 4914 4913
f 1586 1587 4915 4914
f 1587 208 1527 4915
f 4915 1527 1526 4918
f 4918 1526 1525 4921
f 4921 1525 206 1575
f 4920 4921 1575 1574
f 4919 4920 1574 1573
f 1581 4919 1573 204
f 1580 4916 4919 1581
f 1579 4913 4916 1580
f 4922 4923 4926 4925
f 4923 4924 4927 4926
f 4925 4926 4929 4928
f 4926 4927 4930 4929
f 207 1530 4922 1576
f 1530 1529 4923 4922
f 1529 1528 4924 4923
f 1528 208 1587 4924
f 4924 1587 1586 4927
f 4927 1586 1585 4930
f 4930 1585 199 1584
f 4929 4930 1584 1583
f 4928 4929 1583 1582
f 1578 4928 1582 205
f 1577 4925 4928 1578
f 1576 4922 4925 1577
f 4931 4932 4935 4934
f 4932 4933 4936 4935
f 4934 4935 4938 4937
f 4935 4936 4939 4938
f 139 1482 4931 1590
f 1482 1481 4932 4931
f 1481 1480 4933 4932
f 1480 140 1591 4933
f 4933 1591 1592 4936
f 4936 1592 1593 4939
f 4939 1593 164 1290
f 4938 4939 1290 1289
f 4937 4938 1289 1288
f 1588 4937 1288 177
f 1589 4934 4937 1588
f 1590 4931 4934 1589
f 4940 4941 4944 4943
f 4941 4942 4945 4944
f 4943 4944 4947 4946
f 4944 4945 4948 4947
f 165 1594 4940 1291
f 1594 1595 4941 4940
f 1595 1596 4942 4941
f 1596 141 1497 4942
f 4942 1497 1496 4945
f 4945 1496 1495 4948
f 4948 1495 139 1590
f 4947 4948 1590 1589
f 4946 4947 1589 1588
f 1293 4946 1588 177
f 1292 4943 4946 1293
f 1291 4940 4943 1292
f 4949 4950 4953 4952
f 4950 4951 4954 4953
f 4952 4953 4956 4955
f 4953 4954 4957 4956
f 140 1464 4949 1591
f 1464 1463 4950 4949
f 1463 1462 4951 4950
f 1462 142 1597 4951
f 4951 1597 1598 4954
f 4954 1598 1599 4957
f 4957 1599 211 1600
f 4956 4957 1600 1601
f 4955 4956 1601 1602
f 1593 4955 1602 164
f 1592 4952 4955 1593
f 1591 4949 4952 1592
f 4958 4959 4962 4961
f 4959 4960 4963 4962
f 4961 4962 4965 4964
f 4962 4963 4966 4965
f 212 1606 4958 1605
f 1606 1607 4959 4958
f 1607 1608 4960 4959
f 1608 143 1479 4960
f 4960 1479 1478 4963
f 4963 1478 1477 4966
f 4966 1477 141 1596
f 4965 4966 1596 1595
f 4964 4965 1595 1594
f 1603 4964 1594 165
f 1604 4961 4964 1603
f 1605 4958 4961 1604
f 4967 4968 4971 4970
f 4968 4969 4972 4971
f 4970 4971 4974 4973
f 4971 4972 4975 4974
f 142 1440 4967 1597
f 1440 1439 4968 4967
f 1439 1438 4969 4968
f 1438 144 1609 4969
f 4969 1609 1610 4972
f 4972 1610 1611 4975
f 4975 1611 213 1612
f 4974 4975 1612 1613
f 4973 4974 1613 1614
f 1599 4973 1614 211
f 1598 4970 4973 1599
f 1597 4967 4970 1598
f 4976 4977 4980 4979
f 4977 4978 4981 4980
f 4979 4980 4983 4982
f 4980 4981 4984 4983
f 214 1618 4976 1617
f 1618 1619 4977 4976
f 1619 1620 4978 4977
f 1620 145 1461 4978
f 4978 1461 1460 4981
f 4981 1460 1459 4984
f 4984 1459 143 1608
f 4983 4984 1608 1607
f 4982 4983 1607 1606
f 1615 4982 1606 212
f 1616 4979 4982 1615
f 1617 4976 4979 1616
f 4985 4986 4989 4988
f 4986 4987 4990 4989
f 4988 4989 4992 4991
f 4989 4990 4993 4992
f 144 1401 4985 1609
f 1401 1400 4986 4985
f 1400 1399 4987 4986
f 1399 187 1377 4987
f 4987 1377 1376 4990
f 4990 1376 1375 4993
f 4993 1375 166 1621
f 4992 4993 1621 1622
f 4991 4992 1622 1623
f 1611 4991 1623 213
f 1610 4988 4991 1611
f 1609 4985 4988 1610
f 4994 4995 4998 4997
f 4995 4996 4999 4998
f 4997 4998 5001 5000
f 4998 4999 5002 5001
f 167 1392 4994 1626
f 1392 1391 4995 4994
f 1391 1390 4996 4995
f 1390 188 1419 4996
f 4996 1419 1418 4999
f 4999 1418 1417 5002
f 5002 1417 145 1620
f 5001 5002 1620 1619
f 5000 5001 1619 1618
f 1624 5000 1618 214
f 1625 4997 5000 1624
f 1626 4994 4997 1625
f 5003 5004 5007 5006
f 5004 5005 5008 5007
f 5006 5007 5010 5009
f 5007 5008 5011 5010
f 81 1627 5003 970
f 1627 1628 5004 5003
f 1628 1629 5005 5004
f 1629 209 1630 5005
f 5005 1630 1631 5008
f 5008 1631 1632 5011
f 5011 1632 213 1623
f 5010 5011 1623 1622
f 5009 5010 1622 1621
f 972 5009 1621 166
f 971 5006 5009 972
f 970 5003 5006 971
f 5012 5013 5016 5015
f 5013 5014 5017 5016
f 5015 5016 5019 5018
f 5016 5017 5020 5019
f 214 1633 5012 1624
f 1633 1634 5013 5012
f 1634 1635 5014 5013
f 1635 210 1636 5014
f 5014 1636 1637 5017
f 5017 1637 1638 5020
f 5020 1638 82 981
f 5019 5020 981 980
f 5018 5019 980 979
f 1626 5018 979 167
f 1625 5015 5018 1626
f 1624 5012 5015 1625
f 5021 5022 5025 5024
f 5022 5023 5026 5025
f 5024 5025 5028 5027
f 5025 5026 5029 5028
f 209 1639 5021 1630
f 1639 1640 5022 5021
f 1640 1641 5023 5022
f 1641 215 1642 5023
f 5023 1642 1643 5026
f 5026 1643 1644 5029
f 5029 1644 211 1614
f 5028 5029 1614 1613
f 5027 5028 1613 1612
f 1632 5027 1612 213
f 1631 5024 5027 1632
f 1630 5021 5024 1631
f 5030 5031 5034 5033
f 5031 5032 5035 5034
f 5033 5034 5037 5036
f 5034 5035 5038 5037
f 212 1645 5030 1615
f 1645 1646 5031 5030
f 1646 1647 5032 5031
f 1647 216 1648 5032
f 5032 1648 1649 5035
f 5035 1649 1650 5038
f 5038 1650 210 1635
f 5037 5038 1635 1634
f 5036 5037 1634 1633
f 1617 5036 1633 214
f 1616 5033 5036 1617
f 1615 5030 5033 1616
f 5039 5040 5043 5042
f 5040 5041 5044 5043
f 5042 5043 5046 5045
f 5043 5044 5047 5046
f 79 987 5039 1653
f 987 986 5040 5039
f 986 985 5041 5040
f 985 164 1602 5041
f 5041 1602 1601 5044
f 5044 1601 1600 5047
f 5047 1600 211 1644
f 5046 5047 1644 1643
f 5045 5046 1643 1642
f 1651 5045 1642 215
f 1652 5042 5045 1651
f 1653 5039 5042 1652
f 5048 5049 5052 5051
f 5049 5050 5053 5052
f 5051 5052 5055 5054
f 5052 5053 5056 5055
f 212 1605 5048 1645
f 1605 1604 5049 5048
f 1604 1603 5050 5049
f 1603 165 1008 5050
f 5050 1008 1007 5053
f 5053 1007 1006 5056
f 5056 1006 80 1654
f 5055 5056 1654 1655
f 5054 5055 1655 1656
f 1647 5054 1656 216
f 1646 5051 5054 1647
f 1645 5048 5051 1646
f 5057 5058 5061 5060
f 5058 5059 5062 5061
f 5060 5061 5064 5063
f 5061 5062 5065 5064
f 131 1434 5057 1659
f 1434 1433 5058 5057
f 1433 1432 5059 5058
f 1432 130 1660 5059
f 5059 1660 1661 5062
f 5062 1661 1662 5065
f 5065 1662 72 1663
f 5064 5065 1663 1664
f 5063 5064 1664 1665
f 1657 5063 1665 222
f 1658 5060 5063 1657
f 1659 5057 5060 1658
f 5066 5067 5070 5069
f 5067 5068 5071 5070
f 5069 5070 5073 5072
f 5070 5071 5074 5073
f 72 1662 5066 1668
f 1662 1661 5067 5066
f 1661 1660 5068 5067
f 1660 130 1437 5068
f 5068 1437 1436 5071
f 5071 1436 1435 5074
f 5074 1435 132 1669
f 5073 5074 1669 1670
f 5072 5073 1670 1671
f 1666 5072 1671 223
f 1667 5069 5072 1666
f 1668 5066 5069 1667
f 5075 5076 5079 5078
f 5076 5077 5080 5079
f 5078 5079 5082 5081
f 5079 5080 5083 5082
f 133 1368 5075 1674
f 1368 1367 5076 5075
f 1367 1366 5077 5076
f 1366 131 1659 5077
f 5077 1659 1658 5080
f 5080 1658 1657 5083
f 5083 1657 222 1675
f 5082 5083 1675 1676
f 5081 5082 1676 1677
f 1672 5081 1677 220
f 1673 5078 5081 1672
f 1674 5075 5078 1673
f 5084 5085 5088 5087
f 5085 5086 5089 5088
f 5087 5088 5091 5090
f 5088 5089 5092 5091
f 223 1671 5084 1680
f 1671 1670 5085 5084
f 1670 1669 5086 5085
f 1669 132 1371 5086
f 5086 1371 1370 5089
f 5089 1370 1369 5092
f 5092 1369 134 1681
f 5091 5092 1681 1682
f 5090 5091 1682 1683
f 1678 5090 1683 221
f 1679 5087 5090 1678
f 1680 5084 5087 1679
f 5093 5094 5097 5096
f 5094 5095 5098 5097
f 5096 5097 5100 5099
f 5097 5098 5101 5100
f 135 1356 5093 1686
f 1356 1355 5094 5093
f 1355 1354 5095 5094
f 1354 133 1674 5095
f 5095 1674 1673 5098
f 5098 1673 1672 5101
f 5101 1672 220 1687
f 5100 5101 1687 1688
f 5099 5100 1688 1689
f 1684 5099 1689 218
f 1685 5096 5099 1684
f 1686 5093 5096 1685
f 5102 5103 5106 5105
f 5103 5104 5107 5106
f 5105 5106 5109 5108
f 5106 5107 5110 5109
f 221 1683 5102 1692
f 1683 1682 5103 5102
f 1682 1681 5104 5103
f 1681 134 1359 5104
f 5104 1359 1358 5107
f 5107 1358 1357 5110
f 5110 1357 136 1693
f 5109 5110 1693 1694
f 5108 5109 1694 1695
f 1690 5108 1695 219
f 1691 5105 5108 1690
f 1692 5102 5105 1691
f 5111 5112 5115 5114
f 5112 5113 5116 5115
f 5114 5115 5118 5117
f 5115 5116 5119 5118
f 137 1341 5111 1698
f 1341 1340 5112 5111
f 1340 1339 5113 5112
f 1339 135 1686 5113
f 5113 1686 1685 5116
f 5116 1685 1684 5119
f 5119 1684 218 1699
f 5118 5119 1699 1700
f 5117 5118 1700 1701
f 1696 5117 1701 217
f 1697 5114 5117 1696
f 1698 5111 5114 1697
f 5120 5121 5124 5123
f 5121 5122 5125 5124
f 5123 5124 5127 5126
f 5124 5125 5128 5127
f 219 1695 5120 1704
f 1695 1694 5121 5120
f 1694 1693 5122 5121
f 1693 136 1347 5122
f 5122 1347 1346 5125
f 5125 1346 1345 5128
f 5128 1345 137 1698
f 5127 5128 1698 1697
f 5126 5127 1697 1696
f 1702 5126 1696 217
f 1703 5123 5126 1702
f 1704 5120 5123 1703
f 5129 5130 5133 5132
f 5130 5131 5134 5133
f 5132 5133 5136 5135
f 5133 5134 5137 5136
f 217 1701 5129 1707
f 1701 1700 5130 5129
f 1700 1699 5131 5130
f 1699 218 1708 5131
f 5131 1708 1709 5134
f 5134 1709 1710 5137
f 5137 1710 229 1711
f 5136 5137 1711 1712
f 5135 5136 1712 1713
f 1705 5135 1713 231
f 1706 5132 5135 1705
f 1707 5129 5132 1706
f 5138 5139 5142 5141
f 5139 5140 5143 5142
f 5141 5142 5145 5144
f 5142 5143 5146 5145
f 230 1717 5138 1716
f 1717 1718 5139 5138
f 1718 1719 5140 5139
f 1719 219 1704 5140
f 5140 1704 1703 5143
f 5143 1703 1702 5146
f 5146 1702 217 1707
f 5145 5146 1707 1706
f 5144 5145 1706 1705
f 1714 5144 1705 231
f 1715 5141 5144 1714
f 1716 5138 5141 1715
f 5147 5148 5151 5150
f 5148 5149 5152 5151
f 5150 5151 5154 5153
f 5151 5152 5155 5154
f 218 1689 5147 1708
f 1689 1688 5148 5147
f 1688 1687 5149 5148
f 1687 220 1720 5149
f 5149 1720 1721 5152
f 5152 1721 1722 5155
f 5155 1722 227 1723
f 5154 5155 1723 1724
f 5153 5154 1724 1725
f 1710 5153 1725 229
f 1709 5150 5153 1710
f 1708 5147 5150 1709
f 5156 5157 5160 5159
f 5157 5158 5161 5160
f 5159 5160 5163 5162
f 5160 5161 5164 5163
f 228 1729 5156 1728
f 1729 1730 5157 5156
f 1730 1731 5158 5157
f 1731 221 1692 5158
f 5158 1692 1691 5161
f 5161 1691 1690 5164
f 5164 1690 219 1719
f 5163 5164 1719 1718
f 5162 5163 1718 1717
f 1726 5162 1717 230
f 1727 5159 5162 1726
f 1728 5156 5159 1727
f 5165 5166 5169 5168
f 5166 5167 5170 5169
f 5168 5169 5172 5171
f 5169 5170 5173 5172
f 220 1677 5165 1720
f 1677 1676 5166 5165
f 1676 1675 5167 5166
f 1675 222 1732 5167
f 5167 1732 1733 5170
f 5170 1733 1734 5173
f 5173 1734 225 1735
f 5172 5173 1735 1736
f 5171 5172 1736 1737
f 1722 5171 1737 227
f 1721 5168 5171 1722
f 1720 5165 5168 1721
f 5174 5175 5178 5177
f 5175 5176 5179 5178
f 5177 5178 5181 5180
f 5178 5179 5182 5181
f 226 1741 5174 1740
f 1741 1742 5175 5174
f 1742 1743 5176 5175
f 1743 223 1680 5176
f 5176 1680 1679 5179
f 5179 1679 1678 5182
f 5182 1678 221 1731
f 5181 5182 1731 1730
f 5180 5181 1730 1729
f 1738 5180 1729 228
f 1739 5177 5180 1738
f 1740 5174 5177 1739
f 5183 5184 5187 5186
f 5184 5185 5188 5187
f 5186 5187 5190 5189
f 5187 5188 5191 5190
f 222 1665 5183 1732
f 1665 1664 5184 5183
f 1664 1663 5185 5184
f 1663 72 1744 5185
f 5185 1744 1745 5188
f 5188 1745 1746 5191
f 5191 1746 224 1747
f 5190 5191 1747 1748
f 5189 5190 1748 1749
f 1734 5189 1749 225
f 1733 5186 5189 1734
f 1732 5183 5186 1733
f 5192 5193 5196 5195
f 5193 5194 5197 5196
f 5195 5196 5199 5198
f 5196 5197 5200 5199
f 224 1746 5192 1752
f 1746 1745 5193 5192
f 1745 1744 5194 5193
f 1744 72 1668 5194
f 5194 1668 1667 5197
f 5197 1667 1666 5200
f 5200 1666 223 1743
f 5199 5200 1743 1742
f 5198 5199 1742 1741
f 1750 5198 1741 226
f 1751 5195 5198 1750
f 1752 5192 5195 1751
f 5201 5202 5205 5204
f 5202 5203 5206 5205
f 5204 5205 5208 5207
f 5205 5206 5209 5208
f 224 1753 5201 1747
f 1753 1754 5202 5201
f 1754 1755 5203 5202
f 1755 231 1713 5203
f 5203 1713 1712 5206
f 5206 1712 1711 5209
f 5209 1711 229 1756
f 5208 5209 1756 1757
f 5207 5208 1757 1758
f 1749 5207 1758 225
f 1748 5204 5207 1749
f 1747 5201 5204 1748
f 5210 5211 5214 5213
f 5211 5212 5215 5214
f 5213 5214 5217 5216
f 5214 5215 5218 5217
f 230 1716 5210 1761
f 1716 1715 5211 5210
f 1715 1714 5212 5211
f 1714 231 1755 5212
f 5212 1755 1754 5215
f 5215 1754 1753 5218
f 5218 1753 224 1752
f 5217 5218 1752 1751
f 5216 5217 1751 1750
f 1759 5216 1750 226
f 1760 5213 5216 1759
f 1761 5210 5213 1760
f 5220 5221 5219 5225
f 5222 5223 5219 5221
f 5224 5225 5219 5223
f 225 1758 5220 1735
f 1758 1757 5221 5220
f 1735 5220 5225 1736
f 229 1725 5222 1756
f 1725 1724 5223 5222
f 1756 5222 5221 1757
f 227 1737 5224 1723
f 1737 1736 5225 5224
f 1723 5224 5223 1724
f 5227 5228 5226 5232
f 5229 5230 5226 5228
f 5231 5232 5226 5230
f 228 1728 5227 1738
f 1728 1727 5228 5227
f 1738 5227 5232 1739
f 230 1761 5229 1726
f 1761 1760 5230 5229
f 1726 5229 5228 1727
f 226 1740 5231 1759
f 1740 1739 5232 5231
f 1759 5231 5230 1760
f 5233 5234 5237 5236
f 5234 5235 5238 5237
f 5236 5237 5240 5239
f 5237 5238 5241 5240
f 183 1332 5233 1764
f 1332 1331 5234 5233
f 1331 1330 5235 5234
f 1330 181 1765 5235
f 5235 1765 1766 5238
f 5238 1766 1767 5241
f 5241 1767 234 1768
f 5240 5241 1768 1769
f 5239 5240 1769 1770
f 1762 5239 1770 232
f 1763 5236 5239 1762
f 1764 5233 5236 1763
f 5242 5243 5246 5245
f 5243 5244 5247 5246
f 5245 5246 5249 5248
f 5246 5247 5250 5249
f 235 1774 5242 1773
f 1774 1775 5243 5242
f 1775 1776 5244 5243
f 1776 182 1335 5244
f 5244 1335 1334 5247
f 5247 1334 1333 5250
f 5250 1333 184 1777
f 5249 5250 1777 1778
f 5248 5249 1778 1779
f 1771 5248 1779 233
f 1772 5245 5248 1771
f 1773 5242 5245 1772
f 5251 5252 5255 5254
f 5252 5253 5256 5255
f 5254 5255 5258 5257
f 5255 5256 5259 5258
f 112 1314 5251 1782
f 1314 1313 5252 5251
f 1313 1312 5253 5252
f 1312 183 1764 5253
f 5253 1764 1763 5256
f 5256 1763 1762 5259
f 5259 1762 232 1783
f 5258 5259 1783 1784
f 5257 5258 1784 1785
f 1780 5257 1785 254
f 1781 5254 5257 1780
f 1782 5251 5254 1781
f 5260 5261 5264 5263
f 5261 5262 5265 5264
f 5263 5264 5267 5266
f 5264 5265 5268 5267
f 233 1779 5260 1788
f 1779 1778 5261 5260
f 1778 1777 5262 5261
f 1777 184 1326 5262
f 5262 1326 1325 5265
f 5265 1325 1324 5268
f 5268 1324 113 1789
f 5267 5268 1789 1790
f 5266 5267 1790 1791
f 1786 5266 1791 255
f 1787 5263 5266 1786
f 1788 5260 5263 1787
f 5269 5270 5273 5272
f 5270 5271 5274 5273
f 5272 5273 5276 5275
f 5273 5274 5277 5276
f 110 1302 5269 1794
f 1302 1301 5270 5269
f 1301 1300 5271 5270
f 1300 112 1782 5271
f 5271 1782 1781 5274
f 5274 1781 1780 5277
f 5277 1780 254 1795
f 5276 5277 1795 1796
f 5275 5276 1796 1797
f 1792 5275 1797 256
f 1793 5272 5275 1792
f 1794 5269 5272 1793
f 5278 5279 5282 5281
f 5279 5280 5283 5282
f 5281 5282 5285 5284
f 5282 5283 5286 5285
f 255 1791 5278 1800
f 1791 1790 5279 5278
f 1790 1789 5280 5279
f 1789 113 1311 5280
f 5280 1311 1310 5283
f 5283 1310 1309 5286
f 5286 1309 111 1801
f 5285 5286 1801 1802
f 5284 5285 1802 1803
f 1798 5284 1803 257
f 1799 5281 5284 1798
f 1800 5278 5281 1799
f 5287 5288 5291 5290
f 5288 5289 5292 5291
f 5290 5291 5294 5293
f 5291 5292 5295 5294
f 181 1284 5287 1765
f 1284 1283 5288 5287
f 1283 1282 5289 5288
f 1282 114 1804 5289
f 5289 1804 1805 5292
f 5292 1805 1806 5295
f 5295 1806 252 1807
f 5294 5295 1807 1808
f 5293 5294 1808 1809
f 1767 5293 1809 234
f 1766 5290 5293 1767
f 1765 5287 5290 1766
f 5296 5297 5300 5299
f 5297 5298 5301 5300
f 5299 5300 5303 5302
f 5300 5301 5304 5303
f 253 1813 5296 1812
f 1813 1814 5297 5296
f 1814 1815 5298 5297
f 1815 115 1299 5298
f 5298 1299 1298 5301
f 5301 1298 1297 5304
f 5304 1297 182 1776
f 5303 5304 1776 1775
f 5302 5303 1775 1774
f 1810 5302 1774 235
f 1811 5299 5302 1810
f 1812 5296 5299 1811
f 5305 5306 5309 5308
f 5306 5307 5310 5309
f 5308 5309 5312 5311
f 5309 5310 5313 5312
f 114 1272 5305 1804
f 1272 1271 5306 5305
f 1271 1270 5307 5306
f 1270 116 1816 5307
f 5307 1816 1817 5310
f 5310 1817 1818 5313
f 5313 1818 250 1819
f 5312 5313 1819 1820
f 5311 5312 1820 1821
f 1806 5311 1821 252
f 1805 5308 5311 1806
f 1804 5305 5308 1805
f 5314 5315 5318 5317
f 5315 5316 5319 5318
f 5317 5318 5321 5320
f 5318 5319 5322 5321
f 251 1825 5314 1824
f 1825 1826 5315 5314
f 1826 1827 5316 5315
f 1827 117 1281 5316
f 5316 1281 1280 5319
f 5319 1280 1279 5322
f 5322 1279 115 1815
f 5321 5322 1815 1814
f 5320 5321 1814 1813
f 1822 5320 1813 253
f 1823 5317 5320 1822
f 1824 5314 5317 1823
f 5323 5324 5327 5326
f 5324 5325 5328 5327
f 5326 5327 5330 5329
f 5327 5328 5331 5330
f 116 1260 5323 1816
f 1260 1259 5324 5323
f 1259 1258 5325 5324
f 1258 118 1828 5325
f 5325 1828 1829 5328
f 5328 1829 1830 5331
f 5331 1830 248 1831
f 5330 5331 1831 1832
f 5329 5330 1832 1833
f 1818 5329 1833 250
f 1817 5326 5329 1818
f 1816 5323 5326 1817
f 5332 5333 5336 5335
f 5333 5334 5337 5336
f 5335 5336 5339 5338
f 5336 5337 5340 5339
f 249 1837 5332 1836
f 1837 1838 5333 5332
f 1838 1839 5334 5333
f 1839 119 1269 5334
f 5334 1269 1268 5337
f 5337 1268 1267 5340
f 5340 1267 117 1827
f 5339 5340 1827 1826
f 5338 5339 1826 1825
f 1834 5338 1825 251
f 1835 5335 5338 1834
f 1836 5332 5335 1835
f 5341 5342 5345 5344
f 5342 5343 5346 5345
f 5344 5345 5348 5347
f 5345 5346 5349 5348
f 118 1248 5341 1828
f 1248 1247 5342 5341
f 1247 1246 5343 5342
f 1246 120 1840 5343
f 5343 1840 1841 5346
f 5346 1841 1842 5349
f 5349 1842 246 1843
f 5348 5349 1843 1844
f 5347 5348 1844 1845
f 1830 5347 1845 248
f 1829 5344 5347 1830
f 1828 5341 5344 1829
f 5350 5351 5354 5353
f 5351 5352 5355 5354
f 5353 5354 5357 5356
f 5354 5355 5358 5357
f 247 1849 5350 1848
f 1849 1850 5351 5350
f 1850 1851 5352 5351
f 1851 121 1257 5352
f 5352 1257 1256 5355
f 5355 1256 1255 5358
f 5358 1255 119 1839
f 5357 5358 1839 1838
f 5356 5357 1838 1837
f 1846 5356 1837 249
f 1847 5353 5356 1846
f 1848 5350 5353 1847
f 5359 5360 5363 5362
f 5360 5361 5364 5363
f 5362 5363 5366 5365
f 5363 5364 5367 5366
f 120 1236 5359 1840
f 1236 1235 5360 5359
f 1235 1234 5361 5360
f 1234 122 1852 5361
f 5361 1852 1853 5364
f 5364 1853 1854 5367
f 5367 1854 244 1855
f 5366 5367 1855 1856
f 5365 5366 1856 1857
f 1842 5365 1857 246
f 1841 5362 5365 1842
f 1840 5359 5362 1841
f 5368 5369 5372 5371
f 5369 5370 5373 5372
f 5371 5372 5375 5374
f 5372 5373 5376 5375
f 245 1861 5368 1860
f 1861 1862 5369 5368
f 1862 1863 5370 5369
f 1863 123 1245 5370
f 5370 1245 1244 5373
f 5373 1244 1243 5376
f 5376 1243 121 1851
f 5375 5376 1851 1850
f 5374 5375 1850 1849
f 1858 5374 1849 247
f 1859 5371 5374 1858
f 1860 5368 5371 1859
f 5377 5378 5381 5380
f 5378 5379 5382 5381
f 5380 5381 5384 5383
f 5381 5382 5385 5384
f 122 1224 5377 1852
f 1224 1223 5378 5377
f 1223 1222 5379 5378
f 1222 124 1864 5379
f 5379 1864 1865 5382
f 5382 1865 1866 5385
f 5385 1866 242 1867
f 5384 5385 1867 1868
f 5383 5384 1868 1869
f 1854 5383 1869 244
f 1853 5380 5383 1854
f 1852 5377 5380 1853
f 5386 5387 5390 5389
f 5387 5388 5391 5390
f 5389 5390 5393 5392
f 5390 5391 5394 5393
f 243 1873 5386 1872
f 1873 1874 5387 5386
f 1874 1875 5388 5387
f 1875 125 1233 5388
f 5388 1233 1232 5391
f 5391 1232 1231 5394
f 5394 1231 123 1863
f 5393 5394 1863 1862
f 5392 5393 1862 1861
f 1870 5392 1861 245
f 1871 5389 5392 1870
f 1872 5386 5389 1871
f 5395 5396 5399 5398
f 5396 5397 5400 5399
f 5398 5399 5402 5401
f 5399 5400 5403 5402
f 124 1212 5395 1864
f 1212 1211 5396 5395
f 1211 1210 5397 5396
f 1210 126 1876 5397
f 5397 1876 1877 5400
f 5400 1877 1878 5403
f 5403 1878 240 1879
f 5402 5403 1879 1880
f 5401 5402 1880 1881
f 1866 5401 1881 242
f 1865 5398 5401 1866
f 1864 5395 5398 1865
f 5404 5405 5408 5407
f 5405 5406 5409 5408
f 5407 5408 5411 5410
f 5408 5409 5412 5411
f 241 1885 5404 1884
f 1885 1886 5405 5404
f 1886 1887 5406 5405
f 1887 127 1221 5406
f 5406 1221 1220 5409
f 5409 1220 1219 5412
f 5412 1219 125 1875
f 5411 5412 1875 1874
f 5410 5411 1874 1873
f 1882 5410 1873 243
f 1883 5407 5410 1882
f 1884 5404 5407 1883
f 5413 5414 5417 5416
f 5414 5415 5418 5417
f 5416 5417 5420 5419
f 5417 5418 5421 5420
f 126 1200 5413 1876
f 1200 1199 5414 5413
f 1199 1198 5415 5414
f 1198 179 1888 5415
f 5415 1888 1889 5418
f 5418 1889 1890 5421
f 5421 1890 236 1891
f 5420 5421 1891 1892
f 5419 5420 1892 1893
f 1878 5419 1893 240
f 1877 5416 5419 1878
f 1876 5413 5416 1877
f 5422 5423 5426 5425
f 5423 5424 5427 5426
f 5425 5426 5429 5428
f 5426 5427 5430 5429
f 237 1897 5422 1896
f 1897 1898 5423 5422
f 1898 1899 5424 5423
f 1899 180 1209 5424
f 5424 1209 1208 5427
f 5427 1208 1207 5430
f 5430 1207 127 1887
f 5429 5430 1887 1886
f 5428 5429 1886 1885
f 1894 5428 1885 241
f 1895 5425 5428 1894
f 1896 5422 5425 1895
f 5431 5432 5435 5434
f 5432 5433 5436 5435
f 5434 5435 5438 5437
f 5435 5436 5439 5438
f 179 1188 5431 1888
f 1188 1187 5432 5431
f 1187 1186 5433 5432
f 1186 128 1900 5433
f 5433 1900 1901 5436
f 5436 1901 1902 5439
f 5439 1902 238 1903
f 5438 5439 1903 1904
f 5437 5438 1904 1905
f 1890 5437 1905 236
f 1889 5434 5437 1890
f 1888 5431 5434 1889
f 5440 5441 5444 5443
f 5441 5442 5445 5444
f 5443 5444 5447 5446
f 5444 5445 5448 5447
f 239 1909 5440 1908
f 1909 1910 5441 5440
f 1910 1911 5442 5441
f 1911 129 1197 5442
f 5442 1197 1196 5445
f 5445 1196 1195 5448
f 5448 1195 180 1899
f 5447 5448 1899 1898
f 5446 5447 1898 1897
f 1906 5446 1897 237
f 1907 5443 5446 1906
f 1908 5440 5443 1907
f 5449 5450 5453 5452
f 5450 5451 5454 5453
f 5452 5453 5456 5455
f 5453 5454 5457 5456
f 128 1173 5449 1900
f 1173 1172 5450 5449
f 1172 1171 5451 5450
f 1171 110 1794 5451
f 5451 1794 1793 5454
f 5454 1793 1792 5457
f 5457 1792 256 1912
f 5456 5457 1912 1913
f 5455 5456 1913 1914
f 1902 5455 1914 238
f 1901 5452 5455 1902
f 1900 5449 5452 1901
f 5458 5459 5462 5461
f 5459 5460 5463 5462
f 5461 5462 5465 5464
f 5462 5463 5466 5465
f 257 1803 5458 1917
f 1803 1802 5459 5458
f 1802 1801 5460 5459
f 1801 111 1182 5460
f 5460 1182 1181 5463
f 5463 1181 1180 5466
f 5466 1180 129 1911
f 5465 5466 1911 1910
f 5464 5465 1910 1909
f 1915 5464 1909 239
f 1916 5461 5464 1915
f 1917 5458 5461 1916
f 5467 5468 5471 5470
f 5468 5469 5472 5471
f 5470 5471 5474 5473
f 5471 5472 5475 5474
f 238 1914 5467 1920
f 1914 1913 5468 5467
f 1913 1912 5469 5468
f 1912 256 1921 5469
f 5469 1921 1922 5472
f 5472 1922 1923 5475
f 5475 1923 258 1924
f 5474 5475 1924 1925
f 5473 5474 1925 1926
f 1918 5473 1926 276
f 1919 5470 5473 1918
f 1920 5467 5470 1919
f 5476 5477 5480 5479
f 5477 5478 5481 5480
f 5479 5480 5483 5482
f 5480 5481 5484 5483
f 259 1930 5476 1929
f 1930 1931 5477 5476
f 1931 1932 5478 5477
f 1932 257 1917 5478
f 5478 1917 1916 5481
f 5481 1916 1915 5484
f 5484 1915 239 1933
f 5483 5484 1933 1934
f 5482 5483 1934 1935
f 1927 5482 1935 277
f 1928 5479 5482 1927
f 1929 5476 5479 1928
f 5485 5486 5489 5488
f 5486 5487 5490 5489
f 5488 5489 5492 5491
f 5489 5490 5493 5492
f 236 1905 5485 1938
f 1905 1904 5486 5485
f 1904 1903 5487 5486
f 1903 238 1920 5487
f 5487 1920 1919 5490
f 5490 1919 1918 5493
f 5493 1918 276 1939
f 5492 5493 1939 1940
f 5491 5492 1940 1941
f 1936 5491 1941 278
f 1937 5488 5491 1936
f 1938 5485 5488 1937
f 5494 5495 5498 5497
f 5495 5496 5499 5498
f 5497 5498 5501 5500
f 5498 5499 5502 5501
f 277 1935 5494 1944
f 1935 1934 5495 5494
f 1934 1933 5496 5495
f 1933 239 1908 5496
f 5496 1908 1907 5499
f 5499 1907 1906 5502
f 5502 1906 237 1945
f 5501 5502 1945 1946
f 5500 5501 1946 1947
f 1942 5500 1947 279
f 1943 5497 5500 1942
f 1944 5494 5497 1943
f 5503 5504 5507 5506
f 5504 5505 5508 5507
f 5506 5507 5510 5509
f 5507 5508 5511 5510
f 240 1893 5503 1950
f 1893 1892 5504 5503
f 1892 1891 5505 5504
f 1891 236 1938 5505
f 5505 1938 1937 5508
f 5508 1937 1936 5511
f 5511 1936 278 1951
f 5510 5511 1951 1952
f 5509 5510 1952 1953
f 1948 5509 1953 274
f 1949 5506 5509 1948
f 1950 5503 5506 1949
f 5512 5513 5516 5515
f 5513 5514 5517 5516
f 5515 5516 5519 5518
f 5516 5517 5520 5519
f 279 1947 5512 1956
f 1947 1946 5513 5512
f 1946 1945 5514 5513
f 1945 237 1896 5514
f 5514 1896 1895 5517
f 5517 1895 1894 5520
f 5520 1894 241 1957
f 5519 5520 1957 1958
f 5518 5519 1958 1959
f 1954 5518 1959 275
f 1955 5515 5518 1954
f 1956 5512 5515 1955
f 5521 5522 5525 5524
f 5522 5523 5526 5525
f 5524 5525 5528 5527
f 5525 5526 5529 5528
f 242 1881 5521 1962
f 1881 1880 5522 5521
f 1880 1879 5523 5522
f 1879 240 1950 5523
f 5523 1950 1949 5526
f 5526 1949 1948 5529
f 5529 1948 274 1963
f 5528 5529 1963 1964
f 5527 5528 1964 1965
f 1960 5527 1965 272
f 1961 5524 5527 1960
f 1962 5521 5524 1961
f 5530 5531 5534 5533
f 5531 5532 5535 5534
f 5533 5534 5537 5536
f 5534 5535 5538 5537
f 275 1959 5530 1968
f 1959 1958 5531 5530
f 1958 1957 5532 5531
f 1957 241 1884 5532
f 5532 1884 1883 5535
f 5535 1883 1882 5538
f 5538 1882 243 1969
f 5537 5538 1969 1970
f 5536 5537 1970 1971
f 1966 5536 1971 273
f 1967 5533 5536 1966
f 1968 5530 5533 1967
f 5539 5540 5543 5542
f 5540 5541 5544 5543
f 5542 5543 5546 5545
f 5543 5544 5547 5546
f 244 1869 5539 1974
f 1869 1868 5540 5539
f 1868 1867 5541 5540
f 1867 242 1962 5541
f 5541 1962 1961 5544
f 5544 1961 1960 5547
f 5547 1960 272 1975
f 5546 5547 1975 1976
f 5545 5546 1976 1977
f 1972 5545 1977 270
f 1973 5542 5545 1972
f 1974 5539 5542 1973
f 5548 5549 5552 5551
f 5549 5550 5553 5552
f 5551 5552 5555 5554
f 5552 5553 5556 5555
f 273 1971 5548 1980
f 1971 1970 5549 5548
f 1970 1969 5550 5549
f 1969 243 1872 5550
f 5550 1872 1871 5553
f 5553 1871 1870 5556
f 5556 1870 245 1981
f 5555 5556 1981 1982
f 5554 5555 1982 1983
f 1978 5554 1983 271
f 1979 5551 5554 1978
f 1980 5548 5551 1979
f 5557 5558 5561 5560
f 5558 5559 5562 5561
f 5560 5561 5564 5563
f 5561 5562 5565 5564
f 246 1857 5557 1986
f 1857 1856 5558 5557
f 1856 1855 5559 5558
f 1855 244 1974 5559
f 5559 1974 1973 5562
f 5562 1973 1972 5565
f 5565 1972 270 1987
f 5564 5565 1987 1988
f 5563 5564 1988 1989
f 1984 5563 1989 268
f 1985 5560 5563 1984
f 1986 5557 5560 1985
f 5566 5567 5570 5569
f 5567 5568 5571 5570
f 5569 5570 5573 5572
f 5570 5571 5574 5573
f 271 1983 5566 1992
f 1983 1982 5567 5566
f 1982 1981 5568 5567
f 1981 245 1860 5568
f 5568 1860 1859 5571
f 5571 1859 1858 5574
f 5574 1858 247 1993
f 5573 5574 1993 1994
f 5572 5573 1994 1995
f 1990 5572 1995 269
f 1991 5569 5572 1990
f 1992 5566 5569 1991
f 5575 5576 5579 5578
f 5576 5577 5580 5579
f 5578 5579 5582 5581
f 5579 5580 5583 5582
f 248 1845 5575 1998
f 1845 1844 5576 5575
f 1844 1843 5577 5576
f 1843 246 1986 5577
f 5577 1986 1985 5580
f 5580 1985 1984 5583
f 5583 1984 268 1999
f 5582 5583 1999 2000
f 5581 5582 2000 2001
f 1996 5581 2001 266
f 1997 5578 5581 1996
f 1998 5575 5578 1997
f 5584 5585 5588 5587
f 5585 5586 5589 5588
f 5587 5588 5591 5590
f 5588 5589 5592 5591
f 269 1995 5584 2004
f 1995 1994 5585 5584
f 1994 1993 5586 5585
f 1993 247 1848 5586
f 5586 1848 1847 5589
f 5589 1847 1846 5592
f 5592 1846 249 2005
f 5591 5592 2005 2006
f 5590 5591 2006 2007
f 2002 5590 2007 267
f 2003 5587 5590 2002
f 2004 5584 5587 2003
f 5593 5594 5597 5596
f 5594 5595 5598 5597
f 5596 5597 5600 5599
f 5597 5598 5601 5600
f 250 1833 5593 2010
f 1833 1832 5594 5593
f 1832 1831 5595 5594
f 1831 248 1998 5595
f 5595 1998 1997 5598
f 5598 1997 1996 5601
f 5601 1996 266 2011
f 5600 5601 2011 2012
f 5599 5600 2012 2013
f 2008 5599 2013 264
f 2009 5596 5599 2008
f 2010 5593 5596 2009
f 5602 5603 5606 5605
f 5603 5604 5607 5606
f 5605 5606 5609 5608
f 5606 5607 5610 5609
f 267 2007 5602 2016
f 2007 2006 5603 5602
f 2006 2005 5604 5603
f 2005 249 1836 5604
f 5604 1836 1835 5607
f 5607 1835 1834 5610
f 5610 1834 251 2017
f 5609 5610 2017 2018
f 5608 5609 2018 2019
f 2014 5608 2019 265
f 2015 5605 5608 2014
f 2016 5602 5605 2015
f 5611 5612 5615 5614
f 5612 5613 5616 5615
f 5614 5615 5618 5617
f 5615 5616 5619 5618
f 252 1821 5611 2022
f 1821 1820 5612 5611
f 1820 1819 5613 5612
f 1819 250 2010 5613
f 5613 2010 2009 5616
f 5616 2009 2008 5619
f 5619 2008 264 2023
f 5618 5619 2023 2024
f 5617 5618 2024 2025
f 2020 5617 2025 262
f 2021 5614 5617 2020
f 2022 5611 5614 2021
f 5620 5621 5624 5623
f 5621 5622 5625 5624
f 5623 5624 5627 5626
f 5624 5625 5628 5627
f 265 2019 5620 2028
f 2019 2018 5621 5620
f 2018 2017 5622 5621
f 2017 251 1824 5622
f 5622 1824 1823 5625
f 5625 1823 1822 5628
f 5628 1822 253 2029
f 5627 5628 2029 2030
f 5626 5627 2030 2031
f 2026 5626 2031 263
f 2027 5623 5626 2026
f 2028 5620 5623 2027
f 5629 5630 5633 5632
f 5630 5631 5634 5633
f 5632 5633 5636 5635
f 5633 5634 5637 5636
f 234 1809 5629 2034
f 1809 1808 5630 5629
f 1808 1807 5631 5630
f 1807 252 2022 5631
f 5631 2022 2021 5634
f 5634 2021 2020 5637
f 5637 2020 262 2035
f 5636 5637 2035 2036
f 5635 5636 2036 2037
f 2032 5635 2037 280
f 2033 5632 5635 2032
f 2034 5629 5632 2033
f 5638 5639 5642 5641
f 5639 5640 5643 5642
f 5641 5642 5645 5644
f 5642 5643 5646 5645
f 263 2031 5638 2040
f 2031 2030 5639 5638
f 2030 2029 5640 5639
f 2029 253 1812 5640
f 5640 1812 1811 5643
f 5643 1811 1810 5646
f 5646 1810 235 2041
f 5645 5646 2041 2042
f 5644 5645 2042 2043
f 2038 5644 2043 281
f 2039 5641 5644 2038
f 2040 5638 5641 2039
f 5647 5648 5651 5650
f 5648 5649 5652 5651
f 5650 5651 5654 5653
f 5651 5652 5655 5654
f 256 1797 5647 1921
f 1797 1796 5648 5647
f 1796 1795 5649 5648
f 1795 254 2044 5649
f 5649 2044 2045 5652
f 5652 2045 2046 5655
f 5655 2046 260 2047
f 5654 5655 2047 2048
f 5653 5654 2048 2049
f 1923 5653 2049 258
f 1922 5650 5653 1923
f 1921 5647 5650 1922
f 5656 5657 5660 5659
f 5657 5658 5661 5660
f 5659 5660 5663 5662
f 5660 5661 5664 5663
f 261 2053 5656 2052
f 2053 2054 5657 5656
f 2054 2055 5658 5657
f 2055 255 1800 5658
f 5658 1800 1799 5661
f 5661 1799 1798 5664
f 5664 1798 257 1932
f 5663 5664 1932 1931
f 5662 5663 1931 1930
f 2050 5662 1930 259
f 2051 5659 5662 2050
f 2052 5656 5659 2051
f 5665 5666 5669 5668
f 5666 5667 5670 5669
f 5668 5669 5672 5671
f 5669 5670 5673 5672
f 254 1785 5665 2044
f 1785 1784 5666 5665
f 1784 1783 5667 5666
f 1783 232 2056 5667
f 5667 2056 2057 5670
f 5670 2057 2058 5673
f 5673 2058 282 2059
f 5672 5673 2059 2060
f 5671 5672 2060 2061
f 2046 5671 2061 260
f 2045 5668 5671 2046
f 2044 5665 5668 2045
f 5674 5675 5678 5677
f 5675 5676 5679 5678
f 5677 5678 5681 5680
f 5678 5679 5682 5681
f 283 2065 5674 2064
f 2065 2066 5675 5674
f 2066 2067 5676 5675
f 2067 233 1788 5676
f 5676 1788 1787 5679
f 5679 1787 1786 5682
f 5682 1786 255 2055
f 5681 5682 2055 2054
f 5680 5681 2054 2053
f 2062 5680 2053 261
f 2063 5677 5680 2062
f 2064 5674 5677 2063
f 5683 5684 5687 5686
f 5684 5685 5688 5687
f 5686 5687 5690 5689
f 5687 5688 5691 5690
f 232 1770 5683 2056
f 1770 1769 5684 5683
f 1769 1768 5685 5684
f 1768 234 2034 5685
f 5685 2034 2033 5688
f 5688 2033 2032 5691
f 5691 2032 280 2068
f 5690 5691 2068 2069
f 5689 5690 2069 2070
f 2058 5689 2070 282
f 2057 5686 5689 2058
f 2056 5683 5686 2057
f 5692 5693 5696 5695
f 5693 5694 5697 5696
f 5695 5696 5699 5698
f 5696 5697 5700 5699
f 281 2043 5692 2073
f 2043 2042 5693 5692
f 2042 2041 5694 5693
f 2041 235 1773 5694
f 5694 1773 1772 5697
f 5697 1772 1771 5700
f 5700 1771 233 2067
f 5699 5700 2067 2066
f 5698 5699 2066 2065
f 2071 5698 2065 283
f 2072 5695 5698 2071
f 2073 5692 5695 2072
f 5701 5702 5705 5704
f 5702 5703 5706 5705
f 5704 5705 5708 5707
f 5705 5706 5709 5708
f 67 1155 5701 2076
f 1155 1154 5702 5701
f 1154 1153 5703 5702
f 1153 108 2077 5703
f 5703 2077 2078 5706
f 5706 2078 2079 5709
f 5709 2079 284 2080
f 5708 5709 2080 2081
f 5707 5708 2081 2082
f 2074 5707 2082 73
f 2075 5704 5707 2074
f 2076 5701 5704 2075
f 5710 5711 5714 5713
f 5711 5712 5715 5714
f 5713 5714 5717 5716
f 5714 5715 5718 5717
f 285 2086 5710 2085
f 2086 2087 5711 5710
f 2087 2088 5712 5711
f 2088 109 1167 5712
f 5712 1167 1166 5715
f 5715 1166 1165 5718
f 5718 1165 67 2076
f 5717 5718 2076 2075
f 5716 5717 2075 2074
f 2083 5716 2074 73
f 2084 5713 5716 2083
f 2085 5710 5713 2084
f 5719 5720 5723 5722
f 5720 5721 5724 5723
f 5722 5723 5726 5725
f 5723 5724 5727 5726
f 108 1137 5719 2077
f 1137 1136 5720 5719
f 1136 1135 5721 5720
f 1135 106 2089 5721
f 5721 2089 2090 5724
f 5724 2090 2091 5727
f 5727 2091 286 2092
f 5726 5727 2092 2093
f 5725 5726 2093 2094
f 2079 5725 2094 284
f 2078 5722 5725 2079
f 2077 5719 5722 2078
f 5728 5729 5732 5731
f 5729 5730 5733 5732
f 5731 5732 5735 5734
f 5732 5733 5736 5735
f 287 2098 5728 2097
f 2098 2099 5729 5728
f 2099 2100 5730 5729
f 2100 107 1152 5730
f 5730 1152 1151 5733
f 5733 1151 1150 5736
f 5736 1150 109 2088
f 5735 5736 2088 2087
f 5734 5735 2087 2086
f 2095 5734 2086 285
f 2096 5731 5734 2095
f 2097 5728 5731 2096
f 5737 5738 5741 5740
f 5738 5739 5742 5741
f 5740 5741 5744 5743
f 5741 5742 5745 5744
f 106 1119 5737 2089
f 1119 1118 5738 5737
f 1118 1117 5739 5738
f 1117 104 2101 5739
f 5739 2101 2102 5742
f 5742 2102 2103 5745
f 5745 2103 288 2104
f 5744 5745 2104 2105
f 5743 5744 2105 2106
f 2091 5743 2106 286
f 2090 5740 5743 2091
f 2089 5737 5740 2090
f 5746 5747 5750 5749
f 5747 5748 5751 5750
f 5749 5750 5753 5752
f 5750 5751 5754 5753
f 289 2110 5746 2109
f 2110 2111 5747 5746
f 2111 2112 5748 5747
f 2112 105 1134 5748
f 5748 1134 1133 5751
f 5751 1133 1132 5754
f 5754 1132 107 2100
f 5753 5754 2100 2099
f 5752 5753 2099 2098
f 2107 5752 2098 287
f 2108 5749 5752 2107
f 2109 5746 5749 2108
f 5755 5756 5759 5758
f 5756 5757 5760 5759
f 5758 5759 5762 5761
f 5759 5760 5763 5762
f 104 1101 5755 2101
f 1101 1100 5756 5755
f 1100 1099 5757 5756
f 1099 102 2113 5757
f 5757 2113 2114 5760
f 5760 2114 2115 5763
f 5763 2115 290 2116
f 5762 5763 2116 2117
f 5761 5762 2117 2118
f 2103 5761 2118 288
f 2102 5758 5761 2103
f 2101 5755 5758 2102
f 5764 5765 5768 5767
f 5765 5766 5769 5768
f 5767 5768 5771 5770
f 5768 5769 5772 5771
f 291 2122 5764 2121
f 2122 2123 5765 5764
f 2123 2124 5766 5765
f 2124 103 1116 5766
f 5766 1116 1115 5769
f 5769 1115 1114 5772
f 5772 1114 105 2112
f 5771 5772 2112 2111
f 5770 5771 2111 2110
f 2119 5770 2110 289
f 2120 5767 5770 2119
f 2121 5764 5767 2120
f 5773 5774 5777 5776
f 5774 5775 5778 5777
f 5776 5777 5780 5779
f 5777 5778 5781 5780
f 102 1083 5773 2113
f 1083 1082 5774 5773
f 1082 1081 5775 5774
f 1081 100 2125 5775
f 5775 2125 2126 5778
f 5778 2126 2127 5781
f 5781 2127 292 2128
f 5780 5781 2128 2129
f 5779 5780 2129 2130
f 2115 5779 2130 290
f 2114 5776 5779 2115
f 2113 5773 5776 2114
f 5782 5783 5786 5785
f 5783 5784 5787 5786
f 5785 5786 5789 5788
f 5786 5787 5790 5789
f 293 2134 5782 2133
f 2134 2135 5783 5782
f 2135 2136 5784 5783
f 2136 101 1098 5784
f 5784 1098 1097 5787
f 5787 1097 1096 5790
f 5790 1096 103 2124
f 5789 5790 2124 2123
f 5788 5789 2123 2122
f 2131 5788 2122 291
f 2132 5785 5788 2131
f 2133 5782 5785 2132
f 5791 5792 5795 5794
f 5792 5793 5796 5795
f 5794 5795 5798 5797
f 5795 5796 5799 5798
f 100 1065 5791 2125
f 1065 1064 5792 5791
f 1064 1063 5793 5792
f 1063 98 2137 5793
f 5793 2137 2138 5796
f 5796 2138 2139 5799
f 5799 2139 294 2140
f 5798 5799 2140 2141
f 5797 5798 2141 2142
f 2127 5797 2142 292
f 2126 5794 5797 2127
f 2125 5791 5794 2126
f 5800 5801 5804 5803
f 5801 5802 5805 5804
f 5803 5804 5807 5806
f 5804 5805 5808 5807
f 295 2146 5800 2145
f 2146 2147 5801 5800
f 2147 2148 5802 5801
f 2148 99 1080 5802
f 5802 1080 1079 5805
f 5805 1079 1078 5808
f 5808 1078 101 2136
f 5807 5808 2136 2135
f 5806 5807 2135 2134
f 2143 5806 2134 293
f 2144 5803 5806 2143
f 2145 5800 5803 2144
f 5809 5810 5813 5812
f 5810 5811 5814 5813
f 5812 5813 5816 5815
f 5813 5814 5817 5816
f 98 1047 5809 2137
f 1047 1046 5810 5809
f 1046 1045 5811 5810
f 1045 96 2149 5811
f 5811 2149 2150 5814
f 5814 2150 2151 5817
f 5817 2151 296 2152
f 5816 5817 2152 2153
f 5815 5816 2153 2154
f 2139 5815 2154 294
f 2138 5812 5815 2139
f 2137 5809 5812 2138
f 5818 5819 5822 5821
f 5819 5820 5823 5822
f 5821 5822 5825 5824
f 5822 5823 5826 5825
f 297 2158 5818 2157
f 2158 2159 5819 5818
f 2159 2160 5820 5819
f 2160 97 1062 5820
f 5820 1062 1061 5823
f 5823 1061 1060 5826
f 5826 1060 99 2148
f 5825 5826 2148 2147
f 5824 5825 2147 2146
f 2155 5824 2146 295
f 2156 5821 5824 2155
f 2157 5818 5821 2156
f 5827 5828 5831 5830
f 5828 5829 5832 5831
f 5830 5831 5834 5833
f 5831 5832 5835 5834
f 96 1029 5827 2149
f 1029 1028 5828 5827
f 1028 1027 5829 5828
f 1027 94 2161 5829
f 5829 2161 2162 5832
f 5832 2162 2163 5835
f 5835 2163 298 2164
f 5834 5835 2164 2165
f 5833 5834 2165 2166
f 2151 5833 2166 296
f 2150 5830 5833 2151
f 2149 5827 5830 2150
f 5836 5837 5840 5839
f 5837 5838 5841 5840
f 5839 5840 5843 5842
f 5840 5841 5844 5843
f 299 2170 5836 2169
f 2170 2171 5837 5836
f 2171 2172 5838 5837
f 2172 95 1044 5838
f 5838 1044 1043 5841
f 5841 1043 1042 5844
f 5844 1042 97 2160
f 5843 5844 2160 2159
f 5842 5843 2159 2158
f 2167 5842 2158 297
f 2168 5839 5842 2167
f 2169 5836 5839 2168
f 5845 5846 5849 5848
f 5846 5847 5850 5849
f 5848 5849 5852 5851
f 5849 5850 5853 5852
f 94 1011 5845 2161
f 1011 1010 5846 5845
f 1010 1009 5847 5846
f 1009 92 2173 5847
f 5847 2173 2174 5850
f 5850 2174 2175 5853
f 5853 2175 300 2176
f 5852 5853 2176 2177
f 5851 5852 2177 2178
f 2163 5851 2178 298
f 2162 5848 5851 2163
f 2161 5845 5848 2162
f 5854 5855 5858 5857
f 5855 5856 5859 5858
f 5857 5858 5861 5860
f 5858 5859 5862 5861
f 301 2182 5854 2181
f 2182 2183 5855 5854
f 2183 2184 5856 5855
f 2184 93 1026 5856
f 5856 1026 1025 5859
f 5859 1025 1024 5862
f 5862 1024 95 2172
f 5861 5862 2172 2171
f 5860 5861 2171 2170
f 2179 5860 2170 299
f 2180 5857 5860 2179
f 2181 5854 5857 2180
f 5863 5864 5867 5866
f 5864 5865 5868 5867
f 5866 5867 5870 5869
f 5867 5868 5871 5870
f 308 2188 5863 2187
f 2188 2189 5864 5863
f 2189 2190 5865 5864
f 2190 309 2191 5865
f 5865 2191 2192 5868
f 5868 2192 2193 5871
f 5871 2193 328 2194
f 5870 5871 2194 2195
f 5869 5870 2195 2196
f 2185 5869 2196 338
f 2186 5866 5869 2185
f 2187 5863 5866 2186
f 5872 5873 5876 5875
f 5873 5874 5877 5876
f 5875 5876 5879 5878
f 5876 5877 5880 5879
f 329 2200 5872 2199
f 2200 2201 5873 5872
f 2201 2202 5874 5873
f 2202 309 2190 5874
f 5874 2190 2189 5877
f 5877 2189 2188 5880
f 5880 2188 308 2203
f 5879 5880 2203 2204
f 5878 5879 2204 2205
f 2197 5878 2205 339
f 2198 5875 5878 2197
f 2199 5872 5875 2198
f 5881 5882 5885 5884
f 5882 5883 5886 5885
f 5884 5885 5888 5887
f 5885 5886 5889 5888
f 307 2209 5881 2208
f 2209 2210 5882 5881
f 2210 2211 5883 5882
f 2211 308 2187 5883
f 5883 2187 2186 5886
f 5886 2186 2185 5889
f 5889 2185 338 2212
f 5888 5889 2212 2213
f 5887 5888 2213 2214
f 2206 5887 2214 336
f 2207 5884 5887 2206
f 2208 5881 5884 2207
f 5890 5891 5894 5893
f 5891 5892 5895 5894
f 5893 5894 5897 5896
f 5894 5895 5898 5897
f 339 2205 5890 2217
f 2205 2204 5891 5890
f 2204 2203 5892 5891
f 2203 308 2211 5892
f 5892 2211 2210 5895
f 5895 2210 2209 5898
f 5898 2209 307 2218
f 5897 5898 2218 2219
f 5896 5897 2219 2220
f 2215 5896 2220 337
f 2216 5893 5896 2215
f 2217 5890 5893 2216
f 5899 5900 5903 5902
f 5900 5901 5904 5903
f 5902 5903 5906 5905
f 5903 5904 5907 5906
f 306 2224 5899 2223
f 2224 2225 5900 5899
f 2225 2226 5901 5900
f 2226 307 2208 5901
f 5901 2208 2207 5904
f 5904 2207 2206 5907
f 5907 2206 336 2227
f 5906 5907 2227 2228
f 5905 5906 2228 2229
f 2221 5905 2229 340
f 2222 5902 5905 2221
f 2223 5899 5902 2222
f 5908 5909 5912 5911
f 5909 5910 5913 5912
f 5911 5912 5915 5914
f 5912 5913 5916 5915
f 337 2220 5908 2232
f 2220 2219 5909 5908
f 2219 2218 5910 5909
f 2218 307 2226 5910
f 5910 2226 2225 5913
f 5913 2225 2224 5916
f 5916 2224 306 2233
f 5915 5916 2233 2234
f 5914 5915 2234 2235
f 2230 5914 2235 341
f 2231 5911 5914 2230
f 2232 5908 5911 2231
f 5917 5918 5921 5920
f 5918 5919 5922 5921
f 5920 5921 5924 5923
f 5921 5922 5925 5924
f 89 894 5917 2238
f 894 893 5918 5917
f 893 892 5919 5918
f 892 91 2239 5919
f 5919 2239 2240 5922
f 5922 2240 2241 5925
f 5925 2241 306 2223
f 5924 5925 2223 2222
f 5923 5924 2222 2221
f 2236 5923 2221 340
f 2237 5920 5923 2236
f 2238 5917 5920 2237
f 5926 5927 5930 5929
f 5927 5928 5931 5930
f 5929 5930 5933 5932
f 5930 5931 5934 5933
f 306 2241 5926 2233
f 2241 2240 5927 5926
f 2240 2239 5928 5927
f 2239 91 912 5928
f 5928 912 911 5931
f 5931 911 910 5934
f 5934 910 90 2242
f 5933 5934 2242 2243
f 5932 5933 2243 2244
f 2235 5932 2244 341
f 2234 5929 5932 2235
f 2233 5926 5929 2234
f 5935 5936 5939 5938
f 5936 5937 5940 5939
f 5938 5939 5942 5941
f 5939 5940 5943 5942
f 87 915 5935 2247
f 915 914 5936 5935
f 914 913 5937 5936
f 913 89 2238 5937
f 5937 2238 2237 5940
f 5940 2237 2236 5943
f 5943 2236 340 2248
f 5942 5943 2248 2249
f 5941 5942 2249 2250
f 2245 5941 2250 334
f 2246 5938 5941 2245
f 2247 5935 5938 2246
f 5944 5945 5948 5947
f 5945 5946 5949 5948
f 5947 5948 5951 5950
f 5948 5949 5952 5951
f 341 2244 5944 2253
f 2244 2243 5945 5944
f 2243 2242 5946 5945
f 2242 90 930 5946
f 5946 930 929 5949
f 5949 929 928 5952
f 5952 928 88 2254
f 5951 5952 2254 2255
f 5950 5951 2255 2256
f 2251 5950 2256 335
f 2252 5947 5950 2251
f 2253 5944 5947 2252
f 5953 5954 5957 5956
f 5954 5955 5958 5957
f 5956 5957 5960 5959
f 5957 5958 5961 5960
f 85 933 5953 2259
f 933 932 5954 5953
f 932 931 5955 5954
f 931 87 2247 5955
f 5955 2247 2246 5958
f 5958 2246 2245 5961
f 5961 2245 334 2260
f 5960 5961 2260 2261
f 5959 5960 2261 2262
f 2257 5959 2262 330
f 2258 5956 5959 2257
f 2259 5953 5956 2258
f 5962 5963 5966 5965
f 5963 5964 5967 5966
f 5965 5966 5969 5968
f 5966 5967 5970 5969
f 335 2256 5962 2265
f 2256 2255 5963 5962
f 2255 2254 5964 5963
f 2254 88 948 5964
f 5964 948 947 5967
f 5967 947 946 5970
f 5970 946 86 2266
f 5969 5970 2266 2267
f 5968 5969 2267 2268
f 2263 5968 2268 331
f 2264 5965 5968 2263
f 2265 5962 5965 2264
f 5971 5972 5975 5974
f 5972 5973 5976 5975
f 5974 5975 5978 5977
f 5975 5976 5979 5978
f 83 951 5971 2271
f 951 950 5972 5971
f 950 949 5973 5972
f 949 85 2259 5973
f 5973 2259 2258 5976
f 5976 2258 2257 5979
f 5979 2257 330 2272
f 5978 5979 2272 2273
f 5977 5978 2273 2274
f 2269 5977 2274 332
f 2270 5974 5977 2269
f 2271 5971 5974 2270
f 5980 5981 5984 5983
f 5981 5982 5985 5984
f 5983 5984 5987 5986
f 5984 5985 5988 5987
f 331 2268 5980 2277
f 2268 2267 5981 5980
f 2267 2266 5982 5981
f 2266 86 966 5982
f 5982 966 965 5985
f 5985 965 964 5988
f 5988 964 84 2278
f 5987 5988 2278 2279
f 5986 5987 2279 2280
f 2275 5986 2280 333
f 2276 5983 5986 2275
f 2277 5980 5983 2276
f 5989 5990 5993 5992
f 5990 5991 5994 5993
f 5992 5993 5996 5995
f 5993 5994 5997 5996
f 330 2281 5989 2272
f 2281 2282 5990 5989
f 2282 2283 5991 5990
f 2283 336 2214 5991
f 5991 2214 2213 5994
f 5994 2213 2212 5997
f 5997 2212 338 2284
f 5996 5997 2284 2285
f 5995 5996 2285 2286
f 2274 5995 2286 332
f 2273 5992 5995 2274
f 2272 5989 5992 2273
f 5998 5999 6002 6001
f 5999 6000 6003 6002
f 6001 6002 6005 6004
f 6002 6003 6006 6005
f 339 2217 5998 2289
f 2217 2216 5999 5998
f 2216 2215 6000 5999
f 2215 337 2290 6000
f 6000 2290 2291 6003
f 6003 2291 2292 6006
f 6006 2292 331 2277
f 6005 6006 2277 2276
f 6004 6005 2276 2275
f 2287 6004 2275 333
f 2288 6001 6004 2287
f 2289 5998 6001 2288
f 6007 6008 6011 6010
f 6008 6009 6012 6011
f 6010 6011 6014 6013
f 6011 6012 6015 6014
f 330 2262 6007 2281
f 2262 2261 6008 6007
f 2261 2260 6009 6008
f 2260 334 2250 6009
f 6009 2250 2249 6012
f 6012 2249 2248 6015
f 6015 2248 340 2229
f 6014 6015 2229 2228
f 6013 6014 2228 2227
f 2283 6013 2227 336
f 2282 6010 6013 2283
f 2281 6007 6010 2282
f 6016 6017 6020 6019
f 6017 6018 6021 6020
f 6019 6020 6023 6022
f 6020 6021 6024 6023
f 341 2253 6016 2230
f 2253 2252 6017 6016
f 2252 2251 6018 6017
f 2251 335 2265 6018
f 6018 2265 2264 6021
f 6021 2264 2263 6024
f 6024 2263 331 2292
f 6023 6024 2292 2291
f 6022 6023 2291 2290
f 2232 6022 2290 337
f 2231 6019 6022 2232
f 2230 6016 6019 2231
f 6025 6026 6029 6028
f 6026 6027 6030 6029
f 6028 6029 6032 6031
f 6029 6030 6033 6032
f 326 2296 6025 2295
f 2296 2297 6026 6025
f 2297 2298 6027 6026
f 2298 332 2286 6027
f 6027 2286 2285 6030
f 6030 2285 2284 6033
f 6033 2284 338 2196
f 6032 6033 2196 2195
f 6031 6032 2195 2194
f 2293 6031 2194 328
f 2294 6028 6031 2293
f 2295 6025 6028 2294
f 6034 6035 6038 6037
f 6035 6036 6039 6038
f 6037 6038 6041 6040
f 6038 6039 6042 6041
f 339 2289 6034 2197
f 2289 2288 6035 6034
f 2288 2287 6036 6035
f 2287 333 2299 6036
f 6036 2299 2300 6039
f 6039 2300 2301 6042
f 6042 2301 327 2302
f 6041 6042 2302 2303
f 6040 6041 2303 2304
f 2199 6040 2304 329
f 2198 6037 6040 2199
f 2197 6034 6037 2198
f 6043 6044 6047 6046
f 6044 6045 6048 6047
f 6046 6047 6050 6049
f 6047 6048 6051 6050
f 81 969 6043 2307
f 969 968 6044 6043
f 968 967 6045 6044
f 967 83 2271 6045
f 6045 2271 2270 6048
f 6048 2270 2269 6051
f 6051 2269 332 2298
f 6050 6051 2298 2297
f 6049 6050 2297 2296
f 2305 6049 2296 326
f 2306 6046 6049 2305
f 2307 6043 6046 2306
f 6052 6053 6056 6055
f 6053 6054 6057 6056
f 6055 6056 6059 6058
f 6056 6057 6060 6059
f 333 2280 6052 2299
f 2280 2279 6053 6052
f 2279 2278 6054 6053
f 2278 84 984 6054
f 6054 984 983 6057
f 6057 983 982 6060
f 6060 982 82 2308
f 6059 6060 2308 2309
f 6058 6059 2309 2310
f 2301 6058 2310 327
f 2300 6055 6058 2301
f 2299 6052 6055 2300
f 6061 6062 6065 6064
f 6062 6063 6066 6065
f 6064 6065 6068 6067
f 6065 6066 6069 6068
f 209 2311 6061 1639
f 2311 2312 6062 6061
f 2312 2313 6063 6062
f 2313 342 2314 6063
f 6063 2314 2315 6066
f 6066 2315 2316 6069
f 6069 2316 344 2317
f 6068 6069 2317 2318
f 6067 6068 2318 2319
f 1641 6067 2319 215
f 1640 6064 6067 1641
f 1639 6061 6064 1640
f 6070 6071 6074 6073
f 6071 6072 6075 6074
f 6073 6074 6077 6076
f 6074 6075 6078 6077
f 345 2323 6070 2322
f 2323 2324 6071 6070
f 2324 2325 6072 6071
f 2325 343 2326 6072
f 6072 2326 2327 6075
f 6075 2327 2328 6078
f 6078 2328 210 1650
f 6077 6078 1650 1649
f 6076 6077 1649 1648
f 2320 6076 1648 216
f 2321 6073 6076 2320
f 2322 6070 6073 2321
f 6079 6080 6083 6082
f 6080 6081 6084 6083
f 6082 6083 6086 6085
f 6083 6084 6087 6086
f 81 2307 6079 1627
f 2307 2306 6080 6079
f 2306 2305 6081 6080
f 2305 326 2329 6081
f 6081 2329 2330 6084
f 6084 2330 2331 6087
f 6087 2331 342 2313
f 6086 6087 2313 2312
f 6085 6086 2312 2311
f 1629 6085 2311 209
f 1628 6082 6085 1629
f 1627 6079 6082 1628
f 6088 6089 6092 6091
f 6089 6090 6093 6092
f 6091 6092 6095 6094
f 6092 6093 6096 6095
f 343 2332 6088 2326
f 2332 2333 6089 6088
f 2333 2334 6090 6089
f 2334 327 2310 6090
f 6090 2310 2309 6093
f 6093 2309 2308 6096
f 6096 2308 82 1638
f 6095 6096 1638 1637
f 6094 6095 1637 1636
f 2328 6094 1636 210
f 2327 6091 6094 2328
f 2326 6088 6091 2327
f 6097 6098 6101 6100
f 6098 6099 6102 6101
f 6100 6101 6104 6103
f 6101 6102 6105 6104
f 79 1653 6097 2337
f 1653 1652 6098 6097
f 1652 1651 6099 6098
f 1651 215 2319 6099
f 6099 2319 2318 6102
f 6102 2318 2317 6105
f 6105 2317 344 2338
f 6104 6105 2338 2339
f 6103 6104 2339 2340
f 2335 6103 2340 346
f 2336 6100 6103 2335
f 2337 6097 6100 2336
f 6106 6107 6110 6109
f 6107 6108 6111 6110
f 6109 6110 6113 6112
f 6110 6111 6114 6113
f 345 2322 6106 2343
f 2322 2321 6107 6106
f 2321 2320 6108 6107
f 2320 216 1656 6108
f 6108 1656 1655 6111
f 6111 1655 1654 6114
f 6114 1654 80 2344
f 6113 6114 2344 2345
f 6112 6113 2345 2346
f 2341 6112 2346 347
f 2342 6109 6112 2341
f 2343 6106 6109 2342
f 6115 6116 6119 6118
f 6116 6117 6120 6119
f 6118 6119 6122 6121
f 6119 6120 6123 6122
f 79 2337 6115 988
f 2337 2336 6116 6115
f 2336 2335 6117 6116
f 2335 346 2347 6117
f 6117 2347 2348 6120
f 6120 2348 2349 6123
f 6123 2349 300 2175
f 6122 6123 2175 2174
f 6121 6122 2174 2173
f 990 6121 2173 92
f 989 6118 6121 990
f 988 6115 6118 989
f 6124 6125 6128 6127
f 6125 6126 6129 6128
f 6127 6128 6131 6130
f 6128 6129 6132 6131
f 301 2350 6124 2182
f 2350 2351 6125 6124
f 2351 2352 6126 6125
f 2352 347 2346 6126
f 6126 2346 2345 6129
f 6129 2345 2344 6132
f 6132 2344 80 1005
f 6131 6132 1005 1004
f 6130 6131 1004 1003
f 2184 6130 1003 93
f 2183 6127 6130 2184
f 2182 6124 6127 2183
f 6133 6134 6137 6136
f 6134 6135 6138 6137
f 6136 6137 6140 6139
f 6137 6138 6141 6140
f 77 2356 6133 2355
f 2356 2357 6134 6133
f 2357 2358 6135 6134
f 2358 324 2359 6135
f 6135 2359 2360 6138
f 6138 2360 2361 6141
f 6141 2361 352 2362
f 6140 6141 2362 2363
f 6139 6140 2363 2364
f 2353 6139 2364 304
f 2354 6136 6139 2353
f 2355 6133 6136 2354
f 6142 6143 6146 6145
f 6143 6144 6147 6146
f 6145 6146 6149 6148
f 6146 6147 6150 6149
f 353 2368 6142 2367
f 2368 2369 6143 6142
f 2369 2370 6144 6143
f 2370 325 2371 6144
f 6144 2371 2372 6147
f 6147 2372 2373 6150
f 6150 2373 77 2355
f 6149 6150 2355 2354
f 6148 6149 2354 2353
f 2365 6148 2353 304
f 2366 6145 6148 2365
f 2367 6142 6145 2366
f 6151 6152 6155 6154
f 6152 6153 6156 6155
f 6154 6155 6158 6157
f 6155 6156 6159 6158
f 304 2364 6151 2376
f 2364 2363 6152 6151
f 2363 2362 6153 6152
f 2362 352 2377 6153
f 6153 2377 2378 6156
f 6156 2378 2379 6159
f 6159 2379 350 2380
f 6158 6159 2380 2381
f 6157 6158 2381 2382
f 2374 6157 2382 78
f 2375 6154 6157 2374
f 2376 6151 6154 2375
f 6160 6161 6164 6163
f 6161 6162 6165 6164
f 6163 6164 6167 6166
f 6164 6165 6168 6167
f 351 2386 6160 2385
f 2386 2387 6161 6160
f 2387 2388 6162 6161
f 2388 353 2367 6162
f 6162 2367 2366 6165
f 6165 2366 2365 6168
f 6168 2365 304 2376
f 6167 6168 2376 2375
f 6166 6167 2375 2374
f 2383 6166 2374 78
f 2384 6163 6166 2383
f 2385 6160 6163 2384
f 6169 6170 6173 6172
f 6170 6171 6174 6173
f 6172 6173 6176 6175
f 6173 6174 6177 6176
f 78 2382 6169 2391
f 2382 2381 6170 6169
f 2381 2380 6171 6170
f 2380 350 2392 6171
f 6171 2392 2393 6174
f 6174 2393 2394 6177
f 6177 2394 348 2395
f 6176 6177 2395 2396
f 6175 6176 2396 2397
f 2389 6175 2397 305
f 2390 6172 6175 2389
f 2391 6169 6172 2390
f 6178 6179 6182 6181
f 6179 6180 6183 6182
f 6181 6182 6185 6184
f 6182 6183 6186 6185
f 349 2401 6178 2400
f 2401 2402 6179 6178
f 2402 2403 6180 6179
f 2403 351 2385 6180
f 6180 2385 2384 6183
f 6183 2384 2383 6186
f 6186 2383 78 2391
f 6185 6186 2391 2390
f 6184 6185 2390 2389
f 2398 6184 2389 305
f 2399 6181 6184 2398
f 2400 6178 6181 2399
f 6187 6188 6191 6190
f 6188 6189 6192 6191
f 6190 6191 6194 6193
f 6191 6192 6195 6194
f 305 2397 6187 2406
f 2397 2396 6188 6187
f 2396 2395 6189 6188
f 2395 348 2407 6189
f 6189 2407 2408 6192
f 6192 2408 2409 6195
f 6195 2409 328 2193
f 6194 6195 2193 2192
f 6193 6194 2192 2191
f 2404 6193 2191 309
f 2405 6190 6193 2404
f 2406 6187 6190 2405
f 6196 6197 6200 6199
f 6197 6198 6201 6200
f 6199 6200 6203 6202
f 6200 6201 6204 6203
f 329 2410 6196 2200
f 2410 2411 6197 6196
f 2411 2412 6198 6197
f 2412 349 2400 6198
f 6198 2400 2399 6201
f 6201 2399 2398 6204
f 6204 2398 305 2406
f 6203 6204 2406 2405
f 6202 6203 2405 2404
f 2202 6202 2404 309
f 2201 6199 6202 2202
f 2200 6196 6199 2201
f 6205 6206 6209 6208
f 6206 6207 6210 6209
f 6208 6209 6212 6211
f 6209 6210 6213 6212
f 326 2295 6205 2329
f 2295 2294 6206 6205
f 2294 2293 6207 6206
f 2293 328 2409 6207
f 6207 2409 2408 6210
f 6210 2408 2407 6213
f 6213 2407 348 2413
f 6212 6213 2413 2414
f 6211 6212 2414 2415
f 2331 6211 2415 342
f 2330 6208 6211 2331
f 2329 6205 6208 2330
f 6214 6215 6218 6217
f 6215 6216 6219 6218
f 6217 6218 6221 6220
f 6218 6219 6222 6221
f 349 2412 6214 2418
f 2412 2411 6215 6214
f 2411 2410 6216 6215
f 2410 329 2304 6216
f 6216 2304 2303 6219
f 6219 2303 2302 6222
f 6222 2302 327 2334
f 6221 6222 2334 2333
f 6220 6221 2333 2332
f 2416 6220 2332 343
f 2417 6217 6220 2416
f 2418 6214 6217 2417
f 6223 6224 6227 6226
f 6224 6225 6228 6227
f 6226 6227 6230 6229
f 6227 6228 6231 6230
f 296 2166 6223 2421
f 2166 2165 6224 6223
f 2165 2164 6225 6224
f 2164 298 2422 6225
f 6225 2422 2423 6228
f 6228 2423 2424 6231
f 6231 2424 318 2425
f 6230 6231 2425 2426
f 6229 6230 2426 2427
f 2419 6229 2427 310
f 2420 6226 6229 2419
f 2421 6223 6226 2420
f 6232 6233 6236 6235
f 6233 6234 6237 6236
f 6235 6236 6239 6238
f 6236 6237 6240 6239
f 319 2431 6232 2430
f 2431 2432 6233 6232
f 2432 2433 6234 6233
f 2433 299 2169 6234
f 6234 2169 2168 6237
f 6237 2168 2167 6240
f 6240 2167 297 2434
f 6239 6240 2434 2435
f 6238 6239 2435 2436
f 2428 6238 2436 311
f 2429 6235 6238 2428
f 2430 6232 6235 2429
f 6241 6242 6245 6244
f 6242 6243 6246 6245
f 6244 6245 6248 6247
f 6245 6246 6249 6248
f 76 2440 6241 2439
f 2440 2441 6242 6241
f 2441 2442 6243 6242
f 2442 316 2443 6243
f 6243 2443 2444 6246
f 6246 2444 2445 6249
f 6249 2445 324 2358
f 6248 6249 2358 2357
f 6247 6248 2357 2356
f 2437 6247 2356 77
f 2438 6244 6247 2437
f 2439 6241 6244 2438
f 6250 6251 6254 6253
f 6251 6252 6255 6254
f 6253 6254 6257 6256
f 6254 6255 6258 6257
f 325 2446 6250 2371
f 2446 2447 6251 6250
f 2447 2448 6252 6251
f 2448 317 2449 6252
f 6252 2449 2450 6255
f 6255 2450 2451 6258
f 6258 2451 76 2439
f 6257 6258 2439 2438
f 6256 6257 2438 2437
f 2373 6256 2437 77
f 2372 6253 6256 2373
f 2371 6250 6253 2372
f 6259 6260 6263 6262
f 6260 6261 6264 6263
f 6262 6263 6266 6265
f 6263 6264 6267 6266
f 302 2455 6259 2454
f 2455 2456 6260 6259
f 2456 2457 6261 6260
f 2457 358 2458 6261
f 6261 2458 2459 6264
f 6264 2459 2460 6267
f 6267 2460 356 2461
f 6266 6267 2461 2462
f 6265 6266 2462 2463
f 2452 6265 2463 303
f 2453 6262 6265 2452
f 2454 6259 6262 2453
f 6268 6269 6272 6271
f 6269 6270 6273 6272
f 6271 6272 6275 6274
f 6272 6273 6276 6275
f 357 2467 6268 2466
f 2467 2468 6269 6268
f 2468 2469 6270 6269
f 2469 359 2470 6270
f 6270 2470 2471 6273
f 6273 2471 2472 6276
f 6276 2472 302 2454
f 6275 6276 2454 2453
f 6274 6275 2453 2452
f 2464 6274 2452 303
f 2465 6271 6274 2464
f 2466 6268 6271 2465
f 6277 6278 6281 6280
f 6278 6279 6282 6281
f 6280 6281 6284 6283
f 6281 6282 6285 6284
f 303 2463 6277 2475
f 2463 2462 6278 6277
f 2462 2461 6279 6278
f 2461 356 2476 6279
f 6279 2476 2477 6282
f 6282 2477 2478 6285
f 6285 2478 354 2479
f 6284 6285 2479 2480
f 6283 6284 2480 2481
f 2473 6283 2481 75
f 2474 6280 6283 2473
f 2475 6277 6280 2474
f 6286 6287 6290 6289
f 6287 6288 6291 6290
f 6289 6290 6293 6292
f 6290 6291 6294 6293
f 355 2485 6286 2484
f 2485 2486 6287 6286
f 2486 2487 6288 6287
f 2487 357 2466 6288
f 6288 2466 2465 6291
f 6291 2465 2464 6294
f 6294 2464 303 2475
f 6293 6294 2475 2474
f 6292 6293 2474 2473
f 2482 6292 2473 75
f 2483 6289 6292 2482
f 2484 6286 6289 2483
f 6295 6296 6299 6298
f 6296 6297 6300 6299
f 6298 6299 6302 6301
f 6299 6300 6303 6302
f 75 2481 6295 2490
f 2481 2480 6296 6295
f 2480 2479 6297 6296
f 2479 354 2491 6297
f 6297 2491 2492 6300
f 6300 2492 2493 6303
f 6303 2493 316 2442
f 6302 6303 2442 2441
f 6301 6302 2441 2440
f 2488 6301 2440 76
f 2489 6298 6301 2488
f 2490 6295 6298 2489
f 6304 6305 6308 6307
f 6305 6306 6309 6308
f 6307 6308 6311 6310
f 6308 6309 6312 6311
f 317 2494 6304 2449
f 2494 2495 6305 6304
f 2495 2496 6306 6305
f 2496 355 2484 6306
f 6306 2484 2483 6309
f 6309 2483 2482 6312
f 6312 2482 75 2490
f 6311 6312 2490 2489
f 6310 6311 2489 2488
f 2451 6310 2488 76
f 2450 6307 6310 2451
f 2449 6304 6307 2450
f 6313 6314 6317 6316
f 6314 6315 6318 6317
f 6316 6317 6320 6319
f 6317 6318 6321 6320
f 292 2142 6313 2499
f 2142 2141 6314 6313
f 2141 2140 6315 6314
f 2140 294 2500 6315
f 6315 2500 2501 6318
f 6318 2501 2502 6321
f 6321 2502 362 2503
f 6320 6321 2503 2504
f 6319 6320 2504 2505
f 2497 6319 2505 364
f 2498 6316 6319 2497
f 2499 6313 6316 2498
f 6322 6323 6326 6325
f 6323 6324 6327 6326
f 6325 6326 6329 6328
f 6326 6327 6330 6329
f 363 2509 6322 2508
f 2509 2510 6323 6322
f 2510 2511 6324 6323
f 2511 295 2145 6324
f 6324 2145 2144 6327
f 6327 2144 2143 6330
f 6330 2143 293 2512
f 6329 6330 2512 2513
f 6328 6329 2513 2514
f 2506 6328 2514 365
f 2507 6325 6328 2506
f 2508 6322 6325 2507
f 6331 6332 6335 6334
f 6332 6333 6336 6335
f 6334 6335 6338 6337
f 6335 6336 6339 6338
f 364 2505 6331 2517
f 2505 2504 6332 6331
f 2504 2503 6333 6332
f 2503 362 2518 6333
f 6333 2518 2519 6336
f 6336 2519 2520 6339
f 6339 2520 368 2521
f 6338 6339 2521 2522
f 6337 6338 2522 2523
f 2515 6337 2523 366
f 2516 6334 6337 2515
f 2517 6331 6334 2516
f 6340 6341 6344 6343
f 6341 6342 6345 6344
f 6343 6344 6347 6346
f 6344 6345 6348 6347
f 369 2527 6340 2526
f 2527 2528 6341 6340
f 2528 2529 6342 6341
f 2529 363 2508 6342
f 6342 2508 2507 6345
f 6345 2507 2506 6348
f 6348 2506 365 2530
f 6347 6348 2530 2531
f 6346 6347 2531 2532
f 2524 6346 2532 367
f 2525 6343 6346 2524
f 2526 6340 6343 2525
f 6349 6350 6353 6352
f 6350 6351 6354 6353
f 6352 6353 6356 6355
f 6353 6354 6357 6356
f 366 2523 6349 2535
f 2523 2522 6350 6349
f 2522 2521 6351 6350
f 2521 368 2536 6351
f 6351 2536 2537 6354
f 6354 2537 2538 6357
f 6357 2538 370 2539
f 6356 6357 2539 2540
f 6355 6356 2540 2541
f 2533 6355 2541 372
f 2534 6352 6355 2533
f 2535 6349 6352 2534
f 6358 6359 6362 6361
f 6359 6360 6363 6362
f 6361 6362 6365 6364
f 6362 6363 6366 6365
f 371 2545 6358 2544
f 2545 2546 6359 6358
f 2546 2547 6360 6359
f 2547 369 2526 6360
f 6360 2526 2525 6363
f 6363 2525 2524 6366
f 6366 2524 367 2548
f 6365 6366 2548 2549
f 6364 6365 2549 2550
f 2542 6364 2550 373
f 2543 6361 6364 2542
f 2544 6358 6361 2543
f 6367 6368 6371 6370
f 6368 6369 6372 6371
f 6370 6371 6374 6373
f 6371 6372 6375 6374
f 372 2541 6367 2553
f 2541 2540 6368 6367
f 2540 2539 6369 6368
f 2539 370 2554 6369
f 6369 2554 2555 6372
f 6372 2555 2556 6375
f 6375 2556 376 2557
f 6374 6375 2557 2558
f 6373 6374 2558 2559
f 2551 6373 2559 374
f 2552 6370 6373 2551
f 2553 6367 6370 2552
f 6376 6377 6380 6379
f 6377 6378 6381 6380
f 6379 6380 6383 6382
f 6380 6381 6384 6383
f 377 2563 6376 2562
f 2563 2564 6377 6376
f 2564 2565 6378 6377
f 2565 371 2544 6378
f 6378 2544 2543 6381
f 6381 2543 2542 6384
f 6384 2542 373 2566
f 6383 6384 2566 2567
f 6382 6383 2567 2568
f 2560 6382 2568 375
f 2561 6379 6382 2560
f 2562 6376 6379 2561
f 6385 6386 6389 6388
f 6386 6387 6390 6389
f 6388 6389 6392 6391
f 6389 6390 6393 6392
f 314 2572 6385 2571
f 2572 2573 6386 6385
f 2573 2574 6387 6386
f 2574 378 2575 6387
f 6387 2575 2576 6390
f 6390 2576 2577 6393
f 6393 2577 374 2559
f 6392 6393 2559 2558
f 6391 6392 2558 2557
f 2569 6391 2557 376
f 2570 6388 6391 2569
f 2571 6385 6388 2570
f 6394 6395 6398 6397
f 6395 6396 6399 6398
f 6397 6398 6401 6400
f 6398 6399 6402 6401
f 375 2578 6394 2560
f 2578 2579 6395 6394
f 2579 2580 6396 6395
f 2580 379 2581 6396
f 6396 2581 2582 6399
f 6399 2582 2583 6402
f 6402 2583 315 2584
f 6401 6402 2584 2585
f 6400 6401 2585 2586
f 2562 6400 2586 377
f 2561 6397 6400 2562
f 2560 6394 6397 2561
f 6403 6404 6407 6406
f 6404 6405 6408 6407
f 6406 6407 6410 6409
f 6407 6408 6411 6410
f 316 2493 6403 2589
f 2493 2492 6404 6403
f 2492 2491 6405 6404
f 2491 354 2590 6405
f 6405 2590 2591 6408
f 6408 2591 2592 6411
f 6411 2592 374 2577
f 6410 6411 2577 2576
f 6409 6410 2576 2575
f 2587 6409 2575 378
f 2588 6406 6409 2587
f 2589 6403 6406 2588
f 6412 6413 6416 6415
f 6413 6414 6417 6416
f 6415 6416 6419 6418
f 6416 6417 6420 6419
f 375 2593 6412 2578
f 2593 2594 6413 6412
f 2594 2595 6414 6413
f 2595 355 2496 6414
f 6414 2496 2495 6417
f 6417 2495 2494 6420
f 6420 2494 317 2596
f 6419 6420 2596 2597
f 6418 6419 2597 2598
f 2580 6418 2598 379
f 2579 6415 6418 2580
f 2578 6412 6415 2579
f 6421 6422 6425 6424
f 6422 6423 6426 6425
f 6424 6425 6428 6427
f 6425 6426 6429 6428
f 354 2478 6421 2590
f 2478 2477 6422 6421
f 2477 2476 6423 6422
f 2476 356 2599 6423
f 6423 2599 2600 6426
f 6426 2600 2601 6429
f 6429 2601 372 2553
f 6428 6429 2553 2552
f 6427 6428 2552 2551
f 2592 6427 2551 374
f 2591 6424 6427 2592
f 2590 6421 6424 2591
f 6430 6431 6434 6433
f 6431 6432 6435 6434
f 6433 6434 6437 6436
f 6434 6435 6438 6437
f 373 2602 6430 2566
f 2602 2603 6431 6430
f 2603 2604 6432 6431
f 2604 357 2487 6432
f 6432 2487 2486 6435
f 6435 2486 2485 6438
f 6438 2485 355 2595
f 6437 6438 2595 2594
f 6436 6437 2594 2593
f 2568 6436 2593 375
f 2567 6433 6436 2568
f 2566 6430 6433 2567
f 6439 6440 6443 6442
f 6440 6441 6444 6443
f 6442 6443 6446 6445
f 6443 6444 6447 6446
f 356 2460 6439 2599
f 2460 2459 6440 6439
f 2459 2458 6441 6440
f 2458 358 2605 6441
f 6441 2605 2606 6444
f 6444 2606 2607 6447
f 6447 2607 366 2535
f 6446 6447 2535 2534
f 6445 6446 2534 2533
f 2601 6445 2533 372
f 2600 6442 6445 2601
f 2599 6439 6442 2600
f 6448 6449 6452 6451
f 6449 6450 6453 6452
f 6451 6452 6455 6454
f 6452 6453 6456 6455
f 367 2608 6448 2548
f 2608 2609 6449 6448
f 2609 2610 6450 6449
f 2610 359 2469 6450
f 6450 2469 2468 6453
f 6453 2468 2467 6456
f 6456 2467 357 2604
f 6455 6456 2604 2603
f 6454 6455 2603 2602
f 2550 6454 2602 373
f 2549 6451 6454 2550
f 2548 6448 6451 2549
f 6457 6458 6461 6460
f 6458 6459 6462 6461
f 6460 6461 6464 6463
f 6461 6462 6465 6464
f 358 2611 6457 2605
f 2611 2612 6458 6457
f 2612 2613 6459 6458
f 2613 360 2614 6459
f 6459 2614 2615 6462
f 6462 2615 2616 6465
f 6465 2616 364 2517
f 6464 6465 2517 2516
f 6463 6464 2516 2515
f 2607 6463 2515 366
f 2606 6460 6463 2607
f 2605 6457 6460 2606
f 6466 6467 6470 6469
f 6467 6468 6471 6470
f 6469 6470 6473 6472
f 6470 6471 6474 6473
f 365 2617 6466 2530
f 2617 2618 6467 6466
f 2618 2619 6468 6467
f 2619 361 2620 6468
f 6468 2620 2621 6471
f 6471 2621 2622 6474
f 6474 2622 359 2610
f 6473 6474 2610 2609
f 6472 6473 2609 2608
f 2532 6472 2608 367
f 2531 6469 6472 2532
f 2530 6466 6469 2531
f 6475 6476 6479 6478
f 6476 6477 6480 6479
f 6478 6479 6482 6481
f 6479 6480 6483 6482
f 290 2130 6475 2625
f 2130 2129 6476 6475
f 2129 2128 6477 6476
f 2128 292 2499 6477
f 6477 2499 2498 6480
f 6480 2498 2497 6483
f 6483 2497 364 2616
f 6482 6483 2616 2615
f 6481 6482 2615 2614
f 2623 6481 2614 360
f 2624 6478 6481 2623
f 2625 6475 6478 2624
f 6484 6485 6488 6487
f 6485 6486 6489 6488
f 6487 6488 6491 6490
f 6488 6489 6492 6491
f 365 2514 6484 2617
f 2514 2513 6485 6484
f 2513 2512 6486 6485
f 2512 293 2133 6486
f 6486 2133 2132 6489
f 6489 2132 2131 6492
f 6492 2131 291 2626
f 6491 6492 2626 2627
f 6490 6491 2627 2628
f 2619 6490 2628 361
f 2618 6487 6490 2619
f 2617 6484 6487 2618
f 6493 6494 6497 6496
f 6494 6495 6498 6497
f 6496 6497 6500 6499
f 6497 6498 6501 6500
f 74 2632 6493 2631
f 2632 2633 6494 6493
f 2633 2634 6495 6494
f 2634 360 2613 6495
f 6495 2613 2612 6498
f 6498 2612 2611 6501
f 6501 2611 358 2457
f 6500 6501 2457 2456
f 6499 6500 2456 2455
f 2629 6499 2455 302
f 2630 6496 6499 2629
f 2631 6493 6496 2630
f 6502 6503 6506 6505
f 6503 6504 6507 6506
f 6505 6506 6509 6508
f 6506 6507 6510 6509
f 359 2622 6502 2470
f 2622 2621 6503 6502
f 2621 2620 6504 6503
f 2620 361 2635 6504
f 6504 2635 2636 6507
f 6507 2636 2637 6510
f 6510 2637 74 2631
f 6509 6510 2631 2630
f 6508 6509 2630 2629
f 2472 6508 2629 302
f 2471 6505 6508 2472
f 2470 6502 6505 2471
f 6511 6512 6515 6514
f 6512 6513 6516 6515
f 6514 6515 6518 6517
f 6515 6516 6519 6518
f 284 2094 6511 2640
f 2094 2093 6512 6511
f 2093 2092 6513 6512
f 2092 286 2106 6513
f 6513 2106 2105 6516
f 6516 2105 2104 6519
f 6519 2104 288 2118
f 6518 6519 2118 2117
f 6517 6518 2117 2116
f 2638 6517 2116 290
f 2639 6514 6517 2638
f 2640 6511 6514 2639
f 6520 6521 6524 6523
f 6521 6522 6525 6524
f 6523 6524 6527 6526
f 6524 6525 6528 6527
f 289 2109 6520 2119
f 2109 2108 6521 6520
f 2108 2107 6522 6521
f 2107 287 2097 6522
f 6522 2097 2096 6525
f 6525 2096 2095 6528
f 6528 2095 285 2641
f 6527 6528 2641 2642
f 6526 6527 2642 2643
f 2121 6526 2643 291
f 2120 6523 6526 2121
f 2119 6520 6523 2120
f 6529 6530 6533 6532
f 6530 6531 6534 6533
f 6532 6533 6536 6535
f 6533 6534 6537 6536
f 284 2640 6529 2646
f 2640 2639 6530 6529
f 2639 2638 6531 6530
f 2638 290 2625 6531
f 6531 2625 2624 6534
f 6534 2624 2623 6537
f 6537 2623 360 2634
f 6536 6537 2634 2633
f 6535 6536 2633 2632
f 2644 6535 2632 74
f 2645 6532 6535 2644
f 2646 6529 6532 2645
f 6538 6539 6542 6541
f 6539 6540 6543 6542
f 6541 6542 6545 6544
f 6542 6543 6546 6545
f 361 2628 6538 2635
f 2628 2627 6539 6538
f 2627 2626 6540 6539
f 2626 291 2643 6540
f 6540 2643 2642 6543
f 6543 2642 2641 6546
f 6546 2641 285 2647
f 6545 6546 2647 2648
f 6544 6545 2648 2649
f 2637 6544 2649 74
f 2636 6541 6544 2637
f 2635 6538 6541 2636
f 6548 6549 6547 6553
f 6550 6551 6547 6549
f 6552 6553 6547 6551
f 73 2082 6548 2652
f 2082 2081 6549 6548
f 2652 6548 6553 2651
f 284 2646 6550 2080
f 2646 2645 6551 6550
f 2080 6550 6549 2081
f 74 2650 6552 2644
f 2650 2651 6553 6552
f 2644 6552 6551 2645
f 6555 6556 6554 6560
f 6557 6558 6554 6556
f 6559 6560 6554 6558
f 74 2649 6555 2650
f 2649 2648 6556 6555
f 2650 6555 6560 2651
f 285 2085 6557 2647
f 2085 2084 6558 6557
f 2647 6557 6556 2648
f 73 2652 6559 2083
f 2652 2651 6560 6559
f 2083 6559 6558 2084
f 6561 6562 6565 6564
f 6562 6563 6566 6565
f 6564 6565 6568 6567
f 6565 6566 6569 6568
f 294 2154 6561 2500
f 2154 2153 6562 6561
f 2153 2152 6563 6562
f 2152 296 2421 6563
f 6563 2421 2420 6566
f 6566 2420 2419 6569
f 6569 2419 310 2653
f 6568 6569 2653 2654
f 6567 6568 2654 2655
f 2502 6567 2655 362
f 2501 6564 6567 2502
f 2500 6561 6564 2501
f 6570 6571 6574 6573
f 6571 6572 6575 6574
f 6573 6574 6577 6576
f 6574 6575 6578 6577
f 311 2436 6570 2658
f 2436 2435 6571 6570
f 2435 2434 6572 6571
f 2434 297 2157 6572
f 6572 2157 2156 6575
f 6575 2156 2155 6578
f 6578 2155 295 2511
f 6577 6578 2511 2510
f 6576 6577 2510 2509
f 2656 6576 2509 363
f 2657 6573 6576 2656
f 2658 6570 6573 2657
f 6579 6580 6583 6582
f 6580 6581 6584 6583
f 6582 6583 6586 6585
f 6583 6584 6587 6586
f 310 2659 6579 2653
f 2659 2660 6580 6579
f 2660 2661 6581 6580
f 2661 312 2662 6581
f 6581 2662 2663 6584
f 6584 2663 2664 6587
f 6587 2664 368 2520
f 6586 6587 2520 2519
f 6585 6586 2519 2518
f 2655 6585 2518 362
f 2654 6582 6585 2655
f 2653 6579 6582 2654
f 6588 6589 6592 6591
f 6589 6590 6593 6592
f 6591 6592 6595 6594
f 6592 6593 6596 6595
f 369 2665 6588 2527
f 2665 2666 6589 6588
f 2666 2667 6590 6589
f 2667 313 2668 6590
f 6590 2668 2669 6593
f 6593 2669 2670 6596
f 6596 2670 311 2658
f 6595 6596 2658 2657
f 6594 6595 2657 2656
f 2529 6594 2656 363
f 2528 6591 6594 2529
f 2527 6588 6591 2528
f 6597 6598 6601 6600
f 6598 6599 6602 6601
f 6600 6601 6604 6603
f 6601 6602 6605 6604
f 312 2671 6597 2662
f 2671 2672 6598 6597
f 2672 2673 6599 6598
f 2673 382 2674 6599
f 6599 2674 2675 6602
f 6602 2675 2676 6605
f 6605 2676 370 2538
f 6604 6605 2538 2537
f 6603 6604 2537 2536
f 2664 6603 2536 368
f 2663 6600 6603 2664
f 2662 6597 6600 2663
f 6606 6607 6610 6609
f 6607 6608 6611 6610
f 6609 6610 6613 6612
f 6610 6611 6614 6613
f 371 2677 6606 2545
f 2677 2678 6607 6606
f 2678 2679 6608 6607
f 2679 383 2680 6608
f 6608 2680 2681 6611
f 6611 2681 2682 6614
f 6614 2682 313 2667
f 6613 6614 2667 2666
f 6612 6613 2666 2665
f 2547 6612 2665 369
f 2546 6609 6612 2547
f 2545 6606 6609 2546
f 6615 6616 6619 6618
f 6616 6617 6620 6619
f 6618 6619 6622 6621
f 6619 6620 6623 6622
f 314 2571 6615 2685
f 2571 2570 6616 6615
f 2570 2569 6617 6616
f 2569 376 2556 6617
f 6617 2556 2555 6620
f 6620 2555 2554 6623
f 6623 2554 370 2676
f 6622 6623 2676 2675
f 6621 6622 2675 2674
f 2683 6621 2674 382
f 2684 6618 6621 2683
f 2685 6615 6618 2684
f 6624 6625 6628 6627
f 6625 6626 6629 6628
f 6627 6628 6631 6630
f 6628 6629 6632 6631
f 371 2565 6624 2677
f 2565 2564 6625 6624
f 2564 2563 6626 6625
f 2563 377 2586 6626
f 6626 2586 2585 6629
f 6629 2585 2584 6632
f 6632 2584 315 2686
f 6631 6632 2686 2687
f 6630 6631 2687 2688
f 2679 6630 2688 383
f 2678 6627 6630 2679
f 2677 6624 6627 2678
f 6633 6634 6637 6636
f 6634 6635 6638 6637
f 6636 6637 6640 6639
f 6637 6638 6641 6640
f 348 2394 6633 2691
f 2394 2393 6634 6633
f 2393 2392 6635 6634
f 2392 350 2692 6635
f 6635 2692 2693 6638
f 6638 2693 2694 6641
f 6641 2694 386 2695
f 6640 6641 2695 2696
f 6639 6640 2696 2697
f 2689 6639 2697 384
f 2690 6636 6639 2689
f 2691 6633 6636 2690
f 6642 6643 6646 6645
f 6643 6644 6647 6646
f 6645 6646 6649 6648
f 6646 6647 6650 6649
f 387 2701 6642 2700
f 2701 2702 6643 6642
f 2702 2703 6644 6643
f 2703 351 2403 6644
f 6644 2403 2402 6647
f 6647 2402 2401 6650
f 6650 2401 349 2704
f 6649 6650 2704 2705
f 6648 6649 2705 2706
f 2698 6648 2706 385
f 2699 6645 6648 2698
f 2700 6642 6645 2699
f 6651 6652 6655 6654
f 6652 6653 6656 6655
f 6654 6655 6658 6657
f 6655 6656 6659 6658
f 318 2710 6651 2709
f 2710 2711 6652 6651
f 2711 2712 6653 6652
f 2712 384 2697 6653
f 6653 2697 2696 6656
f 6656 2696 2695 6659
f 6659 2695 386 2713
f 6658 6659 2713 2714
f 6657 6658 2714 2715
f 2707 6657 2715 320
f 2708 6654 6657 2707
f 2709 6651 6654 2708
f 6660 6661 6664 6663
f 6661 6662 6665 6664
f 6663 6664 6667 6666
f 6664 6665 6668 6667
f 387 2700 6660 2718
f 2700 2699 6661 6660
f 2699 2698 6662 6661
f 2698 385 2719 6662
f 6662 2719 2720 6665
f 6665 2720 2721 6668
f 6668 2721 319 2722
f 6667 6668 2722 2723
f 6666 6667 2723 2724
f 2716 6666 2724 321
f 2717 6663 6666 2716
f 2718 6660 6663 2717
f 6669 6670 6673 6672
f 6670 6671 6674 6673
f 6672 6673 6676 6675
f 6673 6674 6677 6676
f 298 2178 6669 2422
f 2178 2177 6670 6669
f 2177 2176 6671 6670
f 2176 300 2725 6671
f 6671 2725 2726 6674
f 6674 2726 2727 6677
f 6677 2727 384 2712
f 6676 6677 2712 2711
f 6675 6676 2711 2710
f 2424 6675 2710 318
f 2423 6672 6675 2424
f 2422 6669 6672 2423
f 6678 6679 6682 6681
f 6679 6680 6683 6682
f 6681 6682 6685 6684
f 6682 6683 6686 6685
f 385 2728 6678 2719
f 2728 2729 6679 6678
f 2729 2730 6680 6679
f 2730 301 2181 6680
f 6680 2181 2180 6683
f 6683 2180 2179 6686
f 6686 2179 299 2433
f 6685 6686 2433 2432
f 6684 6685 2432 2431
f 2721 6684 2431 319
f 2720 6681 6684 2721
f 2719 6678 6681 2720
f 6687 6688 6691 6690
f 6688 6689 6692 6691
f 6690 6691 6694 6693
f 6691 6692 6695 6694
f 300 2731 6687 2725
f 2731 2732 6688 6687
f 2732 2733 6689 6688
f 2733 344 2316 6689
f 6689 2316 2315 6692
f 6692 2315 2314 6695
f 6695 2314 342 2734
f 6694 6695 2734 2735
f 6693 6694 2735 2736
f 2727 6693 2736 384
f 2726 6690 6693 2727
f 2725 6687 6690 2726
f 6696 6697 6700 6699
f 6697 6698 6701 6700
f 6699 6700 6703 6702
f 6700 6701 6704 6703
f 343 2325 6696 2739
f 2325 2324 6697 6696
f 2324 2323 6698 6697
f 2323 345 2740 6698
f 6698 2740 2741 6701
f 6701 2741 2742 6704
f 6704 2742 301 2730
f 6703 6704 2730 2729
f 6702 6703 2729 2728
f 2737 6702 2728 385
f 2738 6699 6702 2737
f 2739 6696 6699 2738
f 6706 6707 6705 6711
f 6708 6709 6705 6707
f 6710 6711 6705 6709
f 342 2415 6706 2734
f 2415 2414 6707 6706
f 2734 6706 6711 2735
f 348 2691 6708 2413
f 2691 2690 6709 6708
f 2413 6708 6707 2414
f 384 2736 6710 2689
f 2736 2735 6711 6710
f 2689 6710 6709 2690
f 6713 6714 6712 6718
f 6715 6716 6712 6714
f 6717 6718 6712 6716
f 385 2706 6713 2737
f 2706 2705 6714 6713
f 2737 6713 6718 2738
f 349 2418 6715 2704
f 2418 2417 6716 6715
f 2704 6715 6714 2705
f 343 2739 6717 2416
f 2739 2738 6718 6717
f 2416 6717 6716 2417
f 6720 6721 6719 6725
f 6722 6723 6719 6721
f 6724 6725 6719 6723
f 300 2349 6720 2731
f 2349 2348 6721 6720
f 2731 6720 6725 2732
f 346 2340 6722 2347
f 2340 2339 6723 6722
f 2347 6722 6721 2348
f 344 2733 6724 2338
f 2733 2732 6725 6724
f 2338 6724 6723 2339
f 6727 6728 6726 6732
f 6729 6730 6726 6728
f 6731 6732 6726 6730
f 345 2343 6727 2740
f 2343 2342 6728 6727
f 2740 6727 6732 2741
f 347 2352 6729 2341
f 2352 2351 6730 6729
f 2341 6729 6728 2342
f 301 2742 6731 2350
f 2742 2741 6732 6731
f 2350 6731 6730 2351
f 6733 6734 6737 6736
f 6734 6735 6738 6737
f 6736 6737 6740 6739
f 6737 6738 6741 6740
f 314 2743 6733 2572
f 2743 2744 6734 6733
f 2744 2745 6735 6734
f 2745 322 2746 6735
f 6735 2746 2747 6738
f 6738 2747 2748 6741
f 6741 2748 380 2749
f 6740 6741 2749 2750
f 6739 6740 2750 2751
f 2574 6739 2751 378
f 2573 6736 6739 2574
f 2572 6733 6736 2573
f 6742 6743 6746 6745
f 6743 6744 6747 6746
f 6745 6746 6749 6748
f 6746 6747 6750 6749
f 381 2755 6742 2754
f 2755 2756 6743 6742
f 2756 2757 6744 6743
f 2757 323 2758 6744
f 6744 2758 2759 6747
f 6747 2759 2760 6750
f 6750 2760 315 2583
f 6749 6750 2583 2582
f 6748 6749 2582 2581
f 2752 6748 2581 379
f 2753 6745 6748 2752
f 2754 6742 6745 2753
f 6751 6752 6755 6754
f 6752 6753 6756 6755
f 6754 6755 6758 6757
f 6755 6756 6759 6758
f 316 2589 6751 2443
f 2589 2588 6752 6751
f 2588 2587 6753 6752
f 2587 378 2751 6753
f 6753 2751 2750 6756
f 6756 2750 2749 6759
f 6759 2749 380 2761
f 6758 6759 2761 2762
f 6757 6758 2762 2763
f 2445 6757 2763 324
f 2444 6754 6757 2445
f 2443 6751 6754 2444
f 6760 6761 6764 6763
f 6761 6762 6765 6764
f 6763 6764 6767 6766
f 6764 6765 6768 6767
f 381 2754 6760 2766
f 2754 2753 6761 6760
f 2753 2752 6762 6761
f 2752 379 2598 6762
f 6762 2598 2597 6765
f 6765 2597 2596 6768
f 6768 2596 317 2448
f 6767 6768 2448 2447
f 6766 6767 2447 2446
f 2764 6766 2446 325
f 2765 6763 6766 2764
f 2766 6760 6763 2765
f 6769 6770 6773 6772
f 6770 6771 6774 6773
f 6772 6773 6776 6775
f 6773 6774 6777 6776
f 320 2715 6769 2769
f 2715 2714 6770 6769
f 2714 2713 6771 6770
f 2713 386 2770 6771
f 6771 2770 2771 6774
f 6774 2771 2772 6777
f 6777 2772 380 2748
f 6776 6777 2748 2747
f 6775 6776 2747 2746
f 2767 6775 2746 322
f 2768 6772 6775 2767
f 2769 6769 6772 2768
f 6778 6779 6782 6781
f 6779 6780 6783 6782
f 6781 6782 6785 6784
f 6782 6783 6786 6785
f 381 2773 6778 2755
f 2773 2774 6779 6778
f 2774 2775 6780 6779
f 2775 387 2718 6780
f 6780 2718 2717 6783
f 6783 2717 2716 6786
f 6786 2716 321 2776
f 6785 6786 2776 2777
f 6784 6785 2777 2778
f 2757 6784 2778 323
f 2756 6781 6784 2757
f 2755 6778 6781 2756
f 6787 6788 6791 6790
f 6788 6789 6792 6791
f 6790 6791 6794 6793
f 6791 6792 6795 6794
f 350 2379 6787 2692
f 2379 2378 6788 6787
f 2378 2377 6789 6788
f 2377 352 2779 6789
f 6789 2779 2780 6792
f 6792 2780 2781 6795
f 6795 2781 380 2772
f 6794 6795 2772 2771
f 6793 6794 2771 2770
f 2694 6793 2770 386
f 2693 6790 6793 2694
f 2692 6787 6790 2693
f 6796 6797 6800 6799
f 6797 6798 6801 6800
f 6799 6800 6803 6802
f 6800 6801 6804 6803
f 381 2782 6796 2773
f 2782 2783 6797 6796
f 2783 2784 6798 6797
f 2784 353 2388 6798
f 6798 2388 2387 6801
f 6801 2387 2386 6804
f 6804 2386 351 2703
f 6803 6804 2703 2702
f 6802 6803 2702 2701
f 2775 6802 2701 387
f 2774 6799 6802 2775
f 2773 6796 6799 2774
f 6806 6807 6805 6811
f 6808 6809 6805 6807
f 6810 6811 6805 6809
f 324 2763 6806 2359
f 2763 2762 6807 6806
f 2359 6806 6811 2360
f 380 2781 6808 2761
f 2781 2780 6809 6808
f 2761 6808 6807 2762
f 352 2361 6810 2779
f 2361 2360 6811 6810
f 2779 6810 6809 2780
f 6813 6814 6812 6818
f 6815 6816 6812 6814
f 6817 6818 6812 6816
f 353 2784 6813 2368
f 2784 2783 6814 6813
f 2368 6813 6818 2369
f 381 2766 6815 2782
f 2766 2765 6816 6815
f 2782 6815 6814 2783
f 325 2370 6817 2764
f 2370 2369 6818 6817
f 2764 6817 6816 2765
f 6819 6820 6823 6822
f 6820 6821 6824 6823
f 6822 6823 6826 6825
f 6823 6824 6827 6826
f 400 2788 6819 2787
f 2788 2789 6820 6819
f 2789 2790 6821 6820
f 2790 388 2791 6821
f 6821 2791 2792 6824
f 6824 2792 2793 6827
f 6827 2793 414 2794
f 6826 6827 2794 2795
f 6825 6826 2795 2796
f 2785 6825 2796 402
f 2786 6822 6825 2785
f 2787 6819 6822 2786
f 6828 6829 6832 6831
f 6829 6830 6833 6832
f 6831 6832 6835 6834
f 6832 6833 6836 6835
f 415 2800 6828 2799
f 2800 2801 6829 6828
f 2801 2802 6830 6829
f 2802 389 2803 6830
f 6830 2803 2804 6833
f 6833 2804 2805 6836
f 6836 2805 401 2806
f 6835 6836 2806 2807
f 6834 6835 2807 2808
f 2797 6834 2808 403
f 2798 6831 6834 2797
f 2799 6828 6831 2798
f 6837 6838 6841 6840
f 6838 6839 6842 6841
f 6840 6841 6844 6843
f 6841 6842 6845 6844
f 400 2787 6837 2811
f 2787 2786 6838 6837
f 2786 2785 6839 6838
f 2785 402 2812 6839
f 6839 2812 2813 6842
f 6842 2813 2814 6845
f 6845 2814 404 2815
f 6844 6845 2815 2816
f 6843 6844 2816 2817
f 2809 6843 2817 398
f 2810 6840 6843 2809
f 2811 6837 6840 2810
f 6846 6847 6850 6849
f 6847 6848 6851 6850
f 6849 6850 6853 6852
f 6850 6851 6854 6853
f 405 2821 6846 2820
f 2821 2822 6847 6846
f 2822 2823 6848 6847
f 2823 403 2808 6848
f 6848 2808 2807 6851
f 6851 2807 2806 6854
f 6854 2806 401 2824
f 6853 6854 2824 2825
f 6852 6853 2825 2826
f 2818 6852 2826 399
f 2819 6849 6852 2818
f 2820 6846 6849 2819
f 6855 6856 6859 6858
f 6856 6857 6860 6859
f 6858 6859 6862 6861
f 6859 6860 6863 6862
f 398 2817 6855 2829
f 2817 2816 6856 6855
f 2816 2815 6857 6856
f 2815 404 2830 6857
f 6857 2830 2831 6860
f 6860 2831 2832 6863
f 6863 2832 406 2833
f 6862 6863 2833 2834
f 6861 6862 2834 2835
f 2827 6861 2835 396
f 2828 6858 6861 2827
f 2829 6855 6858 2828
f 6864 6865 6868 6867
f 6865 6866 6869 6868
f 6867 6868 6871 6870
f 6868 6869 6872 6871
f 407 2839 6864 2838
f 2839 2840 6865 6864
f 2840 2841 6866 6865
f 2841 405 2820 6866
f 6866 2820 2819 6869
f 6869 2819 2818 6872
f 6872 2818 399 2842
f 6871 6872 2842 2843
f 6870 6871 2843 2844
f 2836 6870 2844 397
f 2837 6867 6870 2836
f 2838 6864 6867 2837
f 6873 6874 6877 6876
f 6874 6875 6878 6877
f 6876 6877 6880 6879
f 6877 6878 6881 6880
f 396 2835 6873 2847
f 2835 2834 6874 6873
f 2834 2833 6875 6874
f 2833 406 2848 6875
f 6875 2848 2849 6878
f 6878 2849 2850 6881
f 6881 2850 408 2851
f 6880 6881 2851 2852
f 6879 6880 2852 2853
f 2845 6879 2853 394
f 2846 6876 6879 2845
f 2847 6873 6876 2846
f 6882 6883 6886 6885
f 6883 6884 6887 6886
f 6885 6886 6889 6888
f 6886 6887 6890 6889
f 409 2857 6882 2856
f 2857 2858 6883 6882
f 2858 2859 6884 6883
f 2859 407 2838 6884
f 6884 2838 2837 6887
f 6887 2837 2836 6890
f 6890 2836 397 2860
f 6889 6890 2860 2861
f 6888 6889 2861 2862
f 2854 6888 2862 395
f 2855 6885 6888 2854
f 2856 6882 6885 2855
f 6891 6892 6895 6894
f 6892 6893 6896 6895
f 6894 6895 6898 6897
f 6895 6896 6899 6898
f 394 2853 6891 2865
f 2853 2852 6892 6891
f 2852 2851 6893 6892
f 2851 408 2866 6893
f 6893 2866 2867 6896
f 6896 2867 2868 6899
f 6899 2868 410 2869
f 6898 6899 2869 2870
f 6897 6898 2870 2871
f 2863 6897 2871 392
f 2864 6894 6897 2863
f 2865 6891 6894 2864
f 6900 6901 6904 6903
f 6901 6902 6905 6904
f 6903 6904 6907 6906
f 6904 6905 6908 6907
f 411 2875 6900 2874
f 2875 2876 6901 6900
f 2876 2877 6902 6901
f 2877 409 2856 6902
f 6902 2856 2855 6905
f 6905 2855 2854 6908
f 6908 2854 395 2878
f 6907 6908 2878 2879
f 6906 6907 2879 2880
f 2872 6906 2880 393
f 2873 6903 6906 2872
f 2874 6900 6903 2873
f 6909 6910 6913 6912
f 6910 6911 6914 6913
f 6912 6913 6916 6915
f 6913 6914 6917 6916
f 392 2871 6909 2883
f 2871 2870 6910 6909
f 2870 2869 6911 6910
f 2869 410 2884 6911
f 6911 2884 2885 6914
f 6914 2885 2886 6917
f 6917 2886 412 2887
f 6916 6917 2887 2888
f 6915 6916 2888 2889
f 2881 6915 2889 390
f 2882 6912 6915 2881
f 2883 6909 6912 2882
f 6918 6919 6922 6921
f 6919 6920 6923 6922
f 6921 6922 6925 6924
f 6922 6923 6926 6925
f 413 2893 6918 2892
f 2893 2894 6919 6918
f 2894 2895 6920 6919
f 2895 411 2874 6920
f 6920 2874 2873 6923
f 6923 2873 2872 6926
f 6926 2872 393 2896
f 6925 6926 2896 2897
f 6924 6925 2897 2898
f 2890 6924 2898 391
f 2891 6921 6924 2890
f 2892 6918 6921 2891
f 6927 6928 6931 6930
f 6928 6929 6932 6931
f 6930 6931 6934 6933
f 6931 6932 6935 6934
f 410 2899 6927 2884
f 2899 2900 6928 6927
f 2900 2901 6929 6928
f 2901 420 2902 6929
f 6929 2902 2903 6932
f 6932 2903 2904 6935
f 6935 2904 418 2905
f 6934 6935 2905 2906
f 6933 6934 2906 2907
f 2886 6933 2907 412
f 2885 6930 6933 2886
f 2884 6927 6930 2885
f 6936 6937 6940 6939
f 6937 6938 6941 6940
f 6939 6940 6943 6942
f 6940 6941 6944 6943
f 419 2911 6936 2910
f 2911 2912 6937 6936
f 2912 2913 6938 6937
f 2913 421 2914 6938
f 6938 2914 2915 6941
f 6941 2915 2916 6944
f 6944 2916 411 2895
f 6943 6944 2895 2894
f 6942 6943 2894 2893
f 2908 6942 2893 413
f 2909 6939 6942 2908
f 2910 6936 6939 2909
f 6945 6946 6949 6948
f 6946 6947 6950 6949
f 6948 6949 6952 6951
f 6949 6950 6953 6952
f 408 2917 6945 2866
f 2917 2918 6946 6945
f 2918 2919 6947 6946
f 2919 422 2920 6947
f 6947 2920 2921 6950
f 6950 2921 2922 6953
f 6953 2922 420 2901
f 6952 6953 2901 2900
f 6951 6952 2900 2899
f 2868 6951 2899 410
f 2867 6948 6951 2868
f 2866 6945 6948 2867
f 6954 6955 6958 6957
f 6955 6956 6959 6958
f 6957 6958 6961 6960
f 6958 6959 6962 6961
f 421 2923 6954 2914
f 2923 2924 6955 6954
f 2924 2925 6956 6955
f 2925 423 2926 6956
f 6956 2926 2927 6959
f 6959 2927 2928 6962
f 6962 2928 409 2877
f 6961 6962 2877 2876
f 6960 6961 2876 2875
f 2916 6960 2875 411
f 2915 6957 6960 2916
f 2914 6954 6957 2915
f 6963 6964 6967 6966
f 6964 6965 6968 6967
f 6966 6967 6970 6969
f 6967 6968 6971 6970
f 406 2929 6963 2848
f 2929 2930 6964 6963
f 2930 2931 6965 6964
f 2931 424 2932 6965
f 6965 2932 2933 6968
f 6968 2933 2934 6971
f 6971 2934 422 2919
f 6970 6971 2919 2918
f 6969 6970 2918 2917
f 2850 6969 2917 408
f 2849 6966 6969 2850
f 2848 6963 6966 2849
f 6972 6973 6976 6975
f 6973 6974 6977 6976
f 6975 6976 6979 6978
f 6976 6977 6980 6979
f 423 2935 6972 2926
f 2935 2936 6973 6972
f 2936 2937 6974 6973
f 2937 425 2938 6974
f 6974 2938 2939 6977
f 6977 2939 2940 6980
f 6980 2940 407 2859
f 6979 6980 2859 2858
f 6978 6979 2858 2857
f 2928 6978 2857 409
f 2927 6975 6978 2928
f 2926 6972 6975 2927
f 6981 6982 6985 6984
f 6982 6983 6986 6985
f 6984 6985 6988 6987
f 6985 6986 6989 6988
f 404 2941 6981 2830
f 2941 2942 6982 6981
f 2942 2943 6983 6982
f 2943 426 2944 6983
f 6983 2944 2945 6986
f 6986 2945 2946 6989
f 6989 2946 424 2931
f 6988 6989 2931 2930
f 6987 6988 2930 2929
f 2832 6987 2929 406
f 2831 6984 6987 2832
f 2830 6981 6984 2831
f 6990 6991 6994 6993
f 6991 6992 6995 6994
f 6993 6994 6997 6996
f 6994 6995 6998 6997
f 425 2947 6990 2938
f 2947 2948 6991 6990
f 2948 2949 6992 6991
f 2949 427 2950 6992
f 6992 2950 2951 6995
f 6995 2951 2952 6998
f 6998 2952 405 2841
f 6997 6998 2841 2840
f 6996 6997 2840 2839
f 2940 6996 2839 407
f 2939 6993 6996 2940
f 2938 6990 6993 2939
f 6999 7000 7003 7002
f 7000 7001 7004 7003
f 7002 7003 7006 7005
f 7003 7004 7007 7006
f 402 2953 6999 2812
f 2953 2954 7000 6999
f 2954 2955 7001 7000
f 2955 428 2956 7001
f 7001 2956 2957 7004
f 7004 2957 2958 7007
f 7007 2958 426 2943
f 7006 7007 2943 2942
f 7005 7006 2942 2941
f 2814 7005 2941 404
f 2813 7002 7005 2814
f 2812 6999 7002 2813
f 7008 7009 7012 7011
f 7009 7010 7013 7012
f 7011 7012 7015 7014
f 7012 7013 7016 7015
f 427 2959 7008 2950
f 2959 2960 7009 7008
f 2960 2961 7010 7009
f 2961 429 2962 7010
f 7010 2962 2963 7013
f 7013 2963 2964 7016
f 7016 2964 403 2823
f 7015 7016 2823 2822
f 7014 7015 2822 2821
f 2952 7014 2821 405
f 2951 7011 7014 2952
f 2950 7008 7011 2951
f 7017 7018 7021 7020
f 7018 7019 7022 7021
f 7020 7021 7024 7023
f 7021 7022 7025 7024
f 402 2796 7017 2953
f 2796 2795 7018 7017
f 2795 2794 7019 7018
f 2794 414 2965 7019
f 7019 2965 2966 7022
f 7022 2966 2967 7025
f 7025 2967 416 2968
f 7024 7025 2968 2969
f 7023 7024 2969 2970
f 2955 7023 2970 428
f 2954 7020 7023 2955
f 2953 7017 7020 2954
f 7026 7027 7030 7029
f 7027 7028 7031 7030
f 7029 7030 7033 7032
f 7030 7031 7034 7033
f 417 2974 7026 2973
f 2974 2975 7027 7026
f 2975 2976 7028 7027
f 2976 415 2799 7028
f 7028 2799 2798 7031
f 7031 2798 2797 7034
f 7034 2797 403 2964
f 7033 7034 2964 2963
f 7032 7033 2963 2962
f 2971 7032 2962 429
f 2972 7029 7032 2971
f 2973 7026 7029 2972
f 7035 7036 7039 7038
f 7036 7037 7040 7039
f 7038 7039 7042 7041
f 7039 7040 7043 7042
f 318 2709 7035 2979
f 2709 2708 7036 7035
f 2708 2707 7037 7036
f 2707 320 2980 7037
f 7037 2980 2981 7040
f 7040 2981 2982 7043
f 7043 2982 444 2983
f 7042 7043 2983 2984
f 7041 7042 2984 2985
f 2977 7041 2985 442
f 2978 7038 7041 2977
f 2979 7035 7038 2978
f 7044 7045 7048 7047
f 7045 7046 7049 7048
f 7047 7048 7051 7050
f 7048 7049 7052 7051
f 445 2989 7044 2988
f 2989 2990 7045 7044
f 2990 2991 7046 7045
f 2991 321 2724 7046
f 7046 2724 2723 7049
f 7049 2723 2722 7052
f 7052 2722 319 2992
f 7051 7052 2992 2993
f 7050 7051 2993 2994
f 2986 7050 2994 443
f 2987 7047 7050 2986
f 2988 7044 7047 2987
f 7053 7054 7057 7056
f 7054 7055 7058 7057
f 7056 7057 7060 7059
f 7057 7058 7061 7060
f 320 2995 7053 2980
f 2995 2996 7054 7053
f 2996 2997 7055 7054
f 2997 390 2889 7055
f 7055 2889 2888 7058
f 7058 2888 2887 7061
f 7061 2887 412 2998
f 7060 7061 2998 2999
f 7059 7060 2999 3000
f 2982 7059 3000 444
f 2981 7056 7059 2982
f 2980 7053 7056 2981
f 7062 7063 7066 7065
f 7063 7064 7067 7066
f 7065 7066 7069 7068
f 7066 7067 7070 7069
f 413 2892 7062 3003
f 2892 2891 7063 7062
f 2891 2890 7064 7063
f 2890 391 3004 7064
f 7064 3004 3005 7067
f 7067 3005 3006 7070
f 7070 3006 321 2991
f 7069 7070 2991 2990
f 7068 7069 2990 2989
f 3001 7068 2989 445
f 3002 7065 7068 3001
f 3003 7062 7065 3002
f 7071 7072 7075 7074
f 7072 7073 7076 7075
f 7074 7075 7078 7077
f 7075 7076 7079 7078
f 310 2427 7071 2659
f 2427 2426 7072 7071
f 2426 2425 7073 7072
f 2425 318 2979 7073
f 7073 2979 2978 7076
f 7076 2978 2977 7079
f 7079 2977 442 3007
f 7078 7079 3007 3008
f 7077 7078 3008 3009
f 2661 7077 3009 312
f 2660 7074 7077 2661
f 2659 7071 7074 2660
f 7080 7081 7084 7083
f 7081 7082 7085 7084
f 7083 7084 7087 7086
f 7084 7085 7088 7087
f 443 2994 7080 3012
f 2994 2993 7081 7080
f 2993 2992 7082 7081
f 2992 319 2430 7082
f 7082 2430 2429 7085
f 7085 2429 2428 7088
f 7088 2428 311 2670
f 7087 7088 2670 2669
f 7086 7087 2669 2668
f 3010 7086 2668 313
f 3011 7083 7086 3010
f 3012 7080 7083 3011
f 7089 7090 7093 7092
f 7090 7091 7094 7093
f 7092 7093 7096 7095
f 7093 7094 7097 7096
f 382 3016 7089 3015
f 3016 3017 7090 7089
f 3017 3018 7091 7090
f 3018 430 3019 7091
f 7091 3019 3020 7094
f 7094 3020 3021 7097
f 7097 3021 414 2793
f 7096 7097 2793 2792
f 7095 7096 2792 2791
f 3013 7095 2791 388
f 3014 7092 7095 3013
f 3015 7089 7092 3014
f 7098 7099 7102 7101
f 7099 7100 7103 7102
f 7101 7102 7105 7104
f 7102 7103 7106 7105
f 415 3022 7098 2800
f 3022 3023 7099 7098
f 3023 3024 7100 7099
f 3024 431 3025 7100
f 7100 3025 3026 7103
f 7103 3026 3027 7106
f 7106 3027 383 3028
f 7105 7106 3028 3029
f 7104 7105 3029 3030
f 2802 7104 3030 389
f 2801 7101 7104 2802
f 2800 7098 7101 2801
f 7107 7108 7111 7110
f 7108 7109 7112 7111
f 7110 7111 7114 7113
f 7111 7112 7115 7114
f 412 2907 7107 2998
f 2907 2906 7108 7107
f 2906 2905 7109 7108
f 2905 418 3031 7109
f 7109 3031 3032 7112
f 7112 3032 3033 7115
f 7115 3033 440 3034
f 7114 7115 3034 3035
f 7113 7114 3035 3036
f 3000 7113 3036 444
f 2999 7110 7113 3000
f 2998 7107 7110 2999
f 7116 7117 7120 7119
f 7117 7118 7121 7120
f 7119 7120 7123 7122
f 7120 7121 7124 7123
f 441 3040 7116 3039
f 3040 3041 7117 7116
f 3041 3042 7118 7117
f 3042 419 2910 7118
f 7118 2910 2909 7121
f 7121 2909 2908 7124
f 7124 2908 413 3003
f 7123 7124 3003 3002
f 7122 7123 3002 3001
f 3037 7122 3001 445
f 3038 7119 7122 3037
f 3039 7116 7119 3038
f 7125 7126 7129 7128
f 7126 7127 7130 7129
f 7128 7129 7132 7131
f 7129 7130 7133 7132
f 438 3046 7125 3045
f 3046 3047 7126 7125
f 3047 3048 7127 7126
f 3048 446 3049 7127
f 7127 3049 3050 7130
f 7130 3050 3051 7133
f 7133 3051 444 3036
f 7132 7133 3036 3035
f 7131 7132 3035 3034
f 3043 7131 3034 440
f 3044 7128 7131 3043
f 3045 7125 7128 3044
f 7134 7135 7138 7137
f 7135 7136 7139 7138
f 7137 7138 7141 7140
f 7138 7139 7142 7141
f 445 3052 7134 3037
f 3052 3053 7135 7134
f 3053 3054 7136 7135
f 3054 447 3055 7136
f 7136 3055 3056 7139
f 7139 3056 3057 7142
f 7142 3057 439 3058
f 7141 7142 3058 3059
f 7140 7141 3059 3060
f 3039 7140 3060 441
f 3038 7137 7140 3039
f 3037 7134 7137 3038
f 7143 7144 7147 7146
f 7144 7145 7148 7147
f 7146 7147 7150 7149
f 7147 7148 7151 7150
f 434 3064 7143 3063
f 3064 3065 7144 7143
f 3065 3066 7145 7144
f 3066 446 3048 7145
f 7145 3048 3047 7148
f 7148 3047 3046 7151
f 7151 3046 438 3067
f 7150 7151 3067 3068
f 7149 7150 3068 3069
f 3061 7149 3069 436
f 3062 7146 7149 3061
f 3063 7143 7146 3062
f 7152 7153 7156 7155
f 7153 7154 7157 7156
f 7155 7156 7159 7158
f 7156 7157 7160 7159
f 439 3057 7152 3072
f 3057 3056 7153 7152
f 3056 3055 7154 7153
f 3055 447 3073 7154
f 7154 3073 3074 7157
f 7157 3074 3075 7160
f 7160 3075 435 3076
f 7159 7160 3076 3077
f 7158 7159 3077 3078
f 3070 7158 3078 437
f 3071 7155 7158 3070
f 3072 7152 7155 3071
f 7161 7162 7165 7164
f 7162 7163 7166 7165
f 7164 7165 7168 7167
f 7165 7166 7169 7168
f 432 3082 7161 3081
f 3082 3083 7162 7161
f 3083 3084 7163 7162
f 3084 448 3085 7163
f 7163 3085 3086 7166
f 7166 3086 3087 7169
f 7169 3087 446 3066
f 7168 7169 3066 3065
f 7167 7168 3065 3064
f 3079 7167 3064 434
f 3080 7164 7167 3079
f 3081 7161 7164 3080
f 7170 7171 7174 7173
f 7171 7172 7175 7174
f 7173 7174 7177 7176
f 7174 7175 7178 7177
f 447 3088 7170 3073
f 3088 3089 7171 7170
f 3089 3090 7172 7171
f 3090 449 3091 7172
f 7172 3091 3092 7175
f 7175 3092 3093 7178
f 7178 3093 433 3094
f 7177 7178 3094 3095
f 7176 7177 3095 3096
f 3075 7176 3096 435
f 3074 7173 7176 3075
f 3073 7170 7173 3074
f 7179 7180 7183 7182
f 7180 7181 7184 7183
f 7182 7183 7186 7185
f 7183 7184 7187 7186
f 430 3100 7179 3099
f 3100 3101 7180 7179
f 3101 3102 7181 7180
f 3102 448 3084 7181
f 7181 3084 3083 7184
f 7184 3083 3082 7187
f 7187 3082 432 3103
f 7186 7187 3103 3104
f 7185 7186 3104 3105
f 3097 7185 3105 450
f 3098 7182 7185 3097
f 3099 7179 7182 3098
f 7188 7189 7192 7191
f 7189 7190 7193 7192
f 7191 7192 7195 7194
f 7192 7193 7196 7195
f 433 3093 7188 3108
f 3093 3092 7189 7188
f 3092 3091 7190 7189
f 3091 449 3109 7190
f 7190 3109 3110 7193
f 7193 3110 3111 7196
f 7196 3111 431 3112
f 7195 7196 3112 3113
f 7194 7195 3113 3114
f 3106 7194 3114 451
f 3107 7191 7194 3106
f 3108 7188 7191 3107
f 7197 7198 7201 7200
f 7198 7199 7202 7201
f 7200 7201 7204 7203
f 7201 7202 7205 7204
f 414 3021 7197 2965
f 3021 3020 7198 7197
f 3020 3019 7199 7198
f 3019 430 3099 7199
f 7199 3099 3098 7202
f 7202 3098 3097 7205
f 7205 3097 450 3115
f 7204 7205 3115 3116
f 7203 7204 3116 3117
f 2967 7203 3117 416
f 2966 7200 7203 2967
f 2965 7197 7200 2966
f 7206 7207 7210 7209
f 7207 7208 7211 7210
f 7209 7210 7213 7212
f 7210 7211 7214 7213
f 451 3114 7206 3120
f 3114 3113 7207 7206
f 3113 3112 7208 7207
f 3112 431 3024 7208
f 7208 3024 3023 7211
f 7211 3023 3022 7214
f 7214 3022 415 2976
f 7213 7214 2976 2975
f 7212 7213 2975 2974
f 3118 7212 2974 417
f 3119 7209 7212 3118
f 3120 7206 7209 3119
f 7215 7216 7219 7218
f 7216 7217 7220 7219
f 7218 7219 7222 7221
f 7219 7220 7223 7222
f 312 3121 7215 2671
f 3121 3122 7216 7215
f 3122 3123 7217 7216
f 3123 448 3102 7217
f 7217 3102 3101 7220
f 7220 3101 3100 7223
f 7223 3100 430 3018
f 7222 7223 3018 3017
f 7221 7222 3017 3016
f 2673 7221 3016 382
f 2672 7218 7221 2673
f 2671 7215 7218 2672
f 7224 7225 7228 7227
f 7225 7226 7229 7228
f 7227 7228 7231 7230
f 7228 7229 7232 7231
f 431 3111 7224 3025
f 3111 3110 7225 7224
f 3110 3109 7226 7225
f 3109 449 3124 7226
f 7226 3124 3125 7229
f 7229 3125 3126 7232
f 7232 3126 313 2682
f 7231 7232 2682 2681
f 7230 7231 2681 2680
f 3027 7230 2680 383
f 3026 7227 7230 3027
f 3025 7224 7227 3026
f 7233 7234 7237 7236
f 7234 7235 7238 7237
f 7236 7237 7240 7239
f 7237 7238 7241 7240
f 312 3009 7233 3121
f 3009 3008 7234 7233
f 3008 3007 7235 7234
f 3007 442 3127 7235
f 7235 3127 3128 7238
f 7238 3128 3129 7241
f 7241 3129 446 3087
f 7240 7241 3087 3086
f 7239 7240 3086 3085
f 3123 7239 3085 448
f 3122 7236 7239 3123
f 3121 7233 7236 3122
f 7242 7243 7246 7245
f 7243 7244 7247 7246
f 7245 7246 7249 7248
f 7246 7247 7250 7249
f 447 3130 7242 3088
f 3130 3131 7243 7242
f 3131 3132 7244 7243
f 3132 443 3012 7244
f 7244 3012 3011 7247
f 7247 3011 3010 7250
f 7250 3010 313 3126
f 7249 7250 3126 3125
f 7248 7249 3125 3124
f 3090 7248 3124 449
f 3089 7245 7248 3090
f 3088 7242 7245 3089
f 7252 7253 7251 7257
f 7254 7255 7251 7253
f 7256 7257 7251 7255
f 442 2985 7252 3127
f 2985 2984 7253 7252
f 3127 7252 7257 3128
f 444 3051 7254 2983
f 3051 3050 7255 7254
f 2983 7254 7253 2984
f 446 3129 7256 3049
f 3129 3128 7257 7256
f 3049 7256 7255 3050
f 7259 7260 7258 7264
f 7261 7262 7258 7260
f 7263 7264 7258 7262
f 447 3054 7259 3130
f 3054 3053 7260 7259
f 3130 7259 7264 3131
f 445 2988 7261 3052
f 2988 2987 7262 7261
f 3052 7261 7260 3053
f 443 3132 7263 2986
f 3132 3131 7264 7263
f 2986 7263 7262 2987
f 7265 7266 7269 7268
f 7266 7267 7270 7269
f 7268 7269 7272 7271
f 7269 7270 7273 7272
f 416 3117 7265 3135
f 3117 3116 7266 7265
f 3116 3115 7267 7266
f 3115 450 3136 7267
f 7267 3136 3137 7270
f 7270 3137 3138 7273
f 7273 3138 452 3139
f 7272 7273 3139 3140
f 7271 7272 3140 3141
f 3133 7271 3141 476
f 3134 7268 7271 3133
f 3135 7265 7268 3134
f 7274 7275 7278 7277
f 7275 7276 7279 7278
f 7277 7278 7281 7280
f 7278 7279 7282 7281
f 453 3145 7274 3144
f 3145 3146 7275 7274
f 3146 3147 7276 7275
f 3147 451 3120 7276
f 7276 3120 3119 7279
f 7279 3119 3118 7282
f 7282 3118 417 3148
f 7281 7282 3148 3149
f 7280 7281 3149 3150
f 3142 7280 3150 477
f 3143 7277 7280 3142
f 3144 7274 7277 3143
f 7283 7284 7287 7286
f 7284 7285 7288 7287
f 7286 7287 7290 7289
f 7287 7288 7291 7290
f 450 3105 7283 3136
f 3105 3104 7284 7283
f 3104 3103 7285 7284
f 3103 432 3151 7285
f 7285 3151 3152 7288
f 7288 3152 3153 7291
f 7291 3153 462 3154
f 7290 7291 3154 3155
f 7289 7290 3155 3156
f 3138 7289 3156 452
f 3137 7286 7289 3138
f 3136 7283 7286 3137
f 7292 7293 7296 7295
f 7293 7294 7297 7296
f 7295 7296 7299 7298
f 7296 7297 7300 7299
f 463 3160 7292 3159
f 3160 3161 7293 7292
f 3161 3162 7294 7293
f 3162 433 3108 7294
f 7294 3108 3107 7297
f 7297 3107 3106 7300
f 7300 3106 451 3147
f 7299 7300 3147 3146
f 7298 7299 3146 3145
f 3157 7298 3145 453
f 3158 7295 7298 3157
f 3159 7292 7295 3158
f 7301 7302 7305 7304
f 7302 7303 7306 7305
f 7304 7305 7308 7307
f 7305 7306 7309 7308
f 432 3081 7301 3151
f 3081 3080 7302 7301
f 3080 3079 7303 7302
f 3079 434 3163 7303
f 7303 3163 3164 7306
f 7306 3164 3165 7309
f 7309 3165 460 3166
f 7308 7309 3166 3167
f 7307 7308 3167 3168
f 3153 7307 3168 462
f 3152 7304 7307 3153
f 3151 7301 7304 3152
f 7310 7311 7314 7313
f 7311 7312 7315 7314
f 7313 7314 7317 7316
f 7314 7315 7318 7317
f 461 3172 7310 3171
f 3172 3173 7311 7310
f 3173 3174 7312 7311
f 3174 435 3096 7312
f 7312 3096 3095 7315
f 7315 3095 3094 7318
f 7318 3094 433 3162
f 7317 7318 3162 3161
f 7316 7317 3161 3160
f 3169 7316 3160 463
f 3170 7313 7316 3169
f 3171 7310 7313 3170
f 7319 7320 7323 7322
f 7320 7321 7324 7323
f 7322 7323 7326 7325
f 7323 7324 7327 7326
f 434 3063 7319 3163
f 3063 3062 7320 7319
f 3062 3061 7321 7320
f 3061 436 3175 7321
f 7321 3175 3176 7324
f 7324 3176 3177 7327
f 7327 3177 458 3178
f 7326 7327 3178 3179
f 7325 7326 3179 3180
f 3165 7325 3180 460
f 3164 7322 7325 3165
f 3163 7319 7322 3164
f 7328 7329 7332 7331
f 7329 7330 7333 7332
f 7331 7332 7335 7334
f 7332 7333 7336 7335
f 459 3184 7328 3183
f 3184 3185 7329 7328
f 3185 3186 7330 7329
f 3186 437 3078 7330
f 7330 3078 3077 7333
f 7333 3077 3076 7336
f 7336 3076 435 3174
f 7335 7336 3174 3173
f 7334 7335 3173 3172
f 3181 7334 3172 461
f 3182 7331 7334 3181
f 3183 7328 7331 3182
f 7337 7338 7341 7340
f 7338 7339 7342 7341
f 7340 7341 7344 7343
f 7341 7342 7345 7344
f 436 3069 7337 3175
f 3069 3068 7338 7337
f 3068 3067 7339 7338
f 3067 438 3187 7339
f 7339 3187 3188 7342
f 7342 3188 3189 7345
f 7345 3189 456 3190
f 7344 7345 3190 3191
f 7343 7344 3191 3192
f 3177 7343 3192 458
f 3176 7340 7343 3177
f 3175 7337 7340 3176
f 7346 7347 7350 7349
f 7347 7348 7351 7350
f 7349 7350 7353 7352
f 7350 7351 7354 7353
f 457 3196 7346 3195
f 3196 3197 7347 7346
f 3197 3198 7348 7347
f 3198 439 3072 7348
f 7348 3072 3071 7351
f 7351 3071 3070 7354
f 7354 3070 437 3186
f 7353 7354 3186 3185
f 7352 7353 3185 3184
f 3193 7352 3184 459
f 3194 7349 7352 3193
f 3195 7346 7349 3194
f 7355 7356 7359 7358
f 7356 7357 7360 7359
f 7358 7359 7362 7361
f 7359 7360 7363 7362
f 438 3045 7355 3187
f 3045 3044 7356 7355
f 3044 3043 7357 7356
f 3043 440 3199 7357
f 7357 3199 3200 7360
f 7360 3200 3201 7363
f 7363 3201 454 3202
f 7362 7363 3202 3203
f 7361 7362 3203 3204
f 3189 7361 3204 456
f 3188 7358 7361 3189
f 3187 7355 7358 3188
f 7364 7365 7368 7367
f 7365 7366 7369 7368
f 7367 7368 7371 7370
f 7368 7369 7372 7371
f 455 3208 7364 3207
f 3208 3209 7365 7364
f 3209 3210 7366 7365
f 3210 441 3060 7366
f 7366 3060 3059 7369
f 7369 3059 3058 7372
f 7372 3058 439 3198
f 7371 7372 3198 3197
f 7370 7371 3197 3196
f 3205 7370 3196 457
f 3206 7367 7370 3205
f 3207 7364 7367 3206
f 7373 7374 7377 7376
f 7374 7375 7378 7377
f 7376 7377 7380 7379
f 7377 7378 7381 7380
f 440 3033 7373 3199
f 3033 3032 7374 7373
f 3032 3031 7375 7374
f 3031 418 3211 7375
f 7375 3211 3212 7378
f 7378 3212 3213 7381
f 7381 3213 474 3214
f 7380 7381 3214 3215
f 7379 7380 3215 3216
f 3201 7379 3216 454
f 3200 7376 7379 3201
f 3199 7373 7376 3200
f 7382 7383 7386 7385
f 7383 7384 7387 7386
f 7385 7386 7389 7388
f 7386 7387 7390 7389
f 475 3220 7382 3219
f 3220 3221 7383 7382
f 3221 3222 7384 7383
f 3222 419 3042 7384
f 7384 3042 3041 7387
f 7387 3041 3040 7390
f 7390 3040 441 3210
f 7389 7390 3210 3209
f 7388 7389 3209 3208
f 3217 7388 3208 455
f 3218 7385 7388 3217
f 3219 7382 7385 3218
f 7391 7392 7395 7394
f 7392 7393 7396 7395
f 7394 7395 7398 7397
f 7395 7396 7399 7398
f 428 2970 7391 3225
f 2970 2969 7392 7391
f 2969 2968 7393 7392
f 2968 416 3135 7393
f 7393 3135 3134 7396
f 7396 3134 3133 7399
f 7399 3133 476 3226
f 7398 7399 3226 3227
f 7397 7398 3227 3228
f 3223 7397 3228 464
f 3224 7394 7397 3223
f 3225 7391 7394 3224
f 7400 7401 7404 7403
f 7401 7402 7405 7404
f 7403 7404 7407 7406
f 7404 7405 7408 7407
f 477 3150 7400 3231
f 3150 3149 7401 7400
f 3149 3148 7402 7401
f 3148 417 2973 7402
f 7402 2973 2972 7405
f 7405 2972 2971 7408
f 7408 2971 429 3232
f 7407 7408 3232 3233
f 7406 7407 3233 3234
f 3229 7406 3234 465
f 3230 7403 7406 3229
f 3231 7400 7403 3230
f 7409 7410 7413 7412
f 7410 7411 7414 7413
f 7412 7413 7416 7415
f 7413 7414 7417 7416
f 426 2958 7409 3237
f 2958 2957 7410 7409
f 2957 2956 7411 7410
f 2956 428 3225 7411
f 7411 3225 3224 7414
f 7414 3224 3223 7417
f 7417 3223 464 3238
f 7416 7417 3238 3239
f 7415 7416 3239 3240
f 3235 7415 3240 466
f 3236 7412 7415 3235
f 3237 7409 7412 3236
f 7418 7419 7422 7421
f 7419 7420 7423 7422
f 7421 7422 7425 7424
f 7422 7423 7426 7425
f 465 3234 7418 3243
f 3234 3233 7419 7418
f 3233 3232 7420 7419
f 3232 429 2961 7420
f 7420 2961 2960 7423
f 7423 2960 2959 7426
f 7426 2959 427 3244
f 7425 7426 3244 3245
f 7424 7425 3245 3246
f 3241 7424 3246 467
f 3242 7421 7424 3241
f 3243 7418 7421 3242
f 7427 7428 7431 7430
f 7428 7429 7432 7431
f 7430 7431 7434 7433
f 7431 7432 7435 7434
f 424 2946 7427 3249
f 2946 2945 7428 7427
f 2945 2944 7429 7428
f 2944 426 3237 7429
f 7429 3237 3236 7432
f 7432 3236 3235 7435
f 7435 3235 466 3250
f 7434 7435 3250 3251
f 7433 7434 3251 3252
f 3247 7433 3252 468
f 3248 7430 7433 3247
f 3249 7427 7430 3248
f 7436 7437 7440 7439
f 7437 7438 7441 7440
f 7439 7440 7443 7442
f 7440 7441 7444 7443
f 467 3246 7436 3255
f 3246 3245 7437 7436
f 3245 3244 7438 7437
f 3244 427 2949 7438
f 7438 2949 2948 7441
f 7441 2948 2947 7444
f 7444 2947 425 3256
f 7443 7444 3256 3257
f 7442 7443 3257 3258
f 3253 7442 3258 469
f 3254 7439 7442 3253
f 3255 7436 7439 3254
f 7445 7446 7449 7448
f 7446 7447 7450 7449
f 7448 7449 7452 7451
f 7449 7450 7453 7452
f 422 2934 7445 3261
f 2934 2933 7446 7445
f 2933 2932 7447 7446
f 2932 424 3249 7447
f 7447 3249 3248 7450
f 7450 3248 3247 7453
f 7453 3247 468 3262
f 7452 7453 3262 3263
f 7451 7452 3263 3264
f 3259 7451 3264 470
f 3260 7448 7451 3259
f 3261 7445 7448 3260
f 7454 7455 7458 7457
f 7455 7456 7459 7458
f 7457 7458 7461 7460
f 7458 7459 7462 7461
f 469 3258 7454 3267
f 3258 3257 7455 7454
f 3257 3256 7456 7455
f 3256 425 2937 7456
f 7456 2937 2936 7459
f 7459 2936 2935 7462
f 7462 2935 423 3268
f 7461 7462 3268 3269
f 7460 7461 3269 3270
f 3265 7460 3270 471
f 3266 7457 7460 3265
f 3267 7454 7457 3266
f 7463 7464 7467 7466
f 7464 7465 7468 7467
f 7466 7467 7470 7469
f 7467 7468 7471 7470
f 420 2922 7463 3273
f 2922 2921 7464 7463
f 2921 2920 7465 7464
f 2920 422 3261 7465
f 7465 3261 3260 7468
f 7468 3260 3259 7471
f 7471 3259 470 3274
f 7470 7471 3274 3275
f 7469 7470 3275 3276
f 3271 7469 3276 472
f 3272 7466 7469 3271
f 3273 7463 7466 3272
f 7472 7473 7476 7475
f 7473 7474 7477 7476
f 7475 7476 7479 7478
f 7476 7477 7480 7479
f 471 3270 7472 3279
f 3270 3269 7473 7472
f 3269 3268 7474 7473
f 3268 423 2925 7474
f 7474 2925 2924 7477
f 7477 2924 2923 7480
f 7480 2923 421 3280
f 7479 7480 3280 3281
f 7478 7479 3281 3282
f 3277 7478 3282 473
f 3278 7475 7478 3277
f 3279 7472 7475 3278
f 7481 7482 7485 7484
f 7482 7483 7486 7485
f 7484 7485 7488 7487
f 7485 7486 7489 7488
f 418 2904 7481 3211
f 2904 2903 7482 7481
f 2903 2902 7483 7482
f 2902 420 3273 7483
f 7483 3273 3272 7486
f 7486 3272 3271 7489
f 7489 3271 472 3283
f 7488 7489 3283 3284
f 7487 7488 3284 3285
f 3213 7487 3285 474
f 3212 7484 7487 3213
f 3211 7481 7484 3212
f 7490 7491 7494 7493
f 7491 7492 7495 7494
f 7493 7494 7497 7496
f 7494 7495 7498 7497
f 473 3282 7490 3288
f 3282 3281 7491 7490
f 3281 3280 7492 7491
f 3280 421 2913 7492
f 7492 2913 2912 7495
f 7495 2912 2911 7498
f 7498 2911 419 3222
f 7497 7498 3222 3221
f 7496 7497 3221 3220
f 3286 7496 3220 475
f 3287 7493 7496 3286
f 3288 7490 7493 3287
f 7499 7500 7503 7502
f 7500 7501 7504 7503
f 7502 7503 7506 7505
f 7503 7504 7507 7506
f 458 3192 7499 3291
f 3192 3191 7500 7499
f 3191 3190 7501 7500
f 3190 456 3292 7501
f 7501 3292 3293 7504
f 7504 3293 3294 7507
f 7507 3294 480 3295
f 7506 7507 3295 3296
f 7505 7506 3296 3297
f 3289 7505 3297 478
f 3290 7502 7505 3289
f 3291 7499 7502 3290
f 7508 7509 7512 7511
f 7509 7510 7513 7512
f 7511 7512 7515 7514
f 7512 7513 7516 7515
f 481 3301 7508 3300
f 3301 3302 7509 7508
f 3302 3303 7510 7509
f 3303 457 3195 7510
f 7510 3195 3194 7513
f 7513 3194 3193 7516
f 7516 3193 459 3304
f 7515 7516 3304 3305
f 7514 7515 3305 3306
f 3298 7514 3306 479
f 3299 7511 7514 3298
f 3300 7508 7511 3299
f 7517 7518 7521 7520
f 7518 7519 7522 7521
f 7520 7521 7524 7523
f 7521 7522 7525 7524
f 478 3297 7517 3309
f 3297 3296 7518 7517
f 3296 3295 7519 7518
f 3295 480 3310 7519
f 7519 3310 3311 7522
f 7522 3311 3312 7525
f 7525 3312 482 3313
f 7524 7525 3313 3314
f 7523 7524 3314 3315
f 3307 7523 3315 484
f 3308 7520 7523 3307
f 3309 7517 7520 3308
f 7526 7527 7530 7529
f 7527 7528 7531 7530
f 7529 7530 7533 7532
f 7530 7531 7534 7533
f 483 3319 7526 3318
f 3319 3320 7527 7526
f 3320 3321 7528 7527
f 3321 481 3300 7528
f 7528 3300 3299 7531
f 7531 3299 3298 7534
f 7534 3298 479 3322
f 7533 7534 3322 3323
f 7532 7533 3323 3324
f 3316 7532 3324 485
f 3317 7529 7532 3316
f 3318 7526 7529 3317
f 7535 7536 7539 7538
f 7536 7537 7540 7539
f 7538 7539 7542 7541
f 7539 7540 7543 7542
f 484 3315 7535 3327
f 3315 3314 7536 7535
f 3314 3313 7537 7536
f 3313 482 3328 7537
f 7537 3328 3329 7540
f 7540 3329 3330 7543
f 7543 3330 488 3331
f 7542 7543 3331 3332
f 7541 7542 3332 3333
f 3325 7541 3333 486
f 3326 7538 7541 3325
f 3327 7535 7538 3326
f 7544 7545 7548 7547
f 7545 7546 7549 7548
f 7547 7548 7551 7550
f 7548 7549 7552 7551
f 489 3337 7544 3336
f 3337 3338 7545 7544
f 3338 3339 7546 7545
f 3339 483 3318 7546
f 7546 3318 3317 7549
f 7549 3317 3316 7552
f 7552 3316 485 3340
f 7551 7552 3340 3341
f 7550 7551 3341 3342
f 3334 7550 3342 487
f 3335 7547 7550 3334
f 3336 7544 7547 3335
f 7553 7554 7557 7556
f 7554 7555 7558 7557
f 7556 7557 7560 7559
f 7557 7558 7561 7560
f 486 3333 7553 3345
f 3333 3332 7554 7553
f 3332 3331 7555 7554
f 3331 488 3346 7555
f 7555 3346 3347 7558
f 7558 3347 3348 7561
f 7561 3348 490 3349
f 7560 7561 3349 3350
f 7559 7560 3350 3351
f 3343 7559 3351 492
f 3344 7556 7559 3343
f 3345 7553 7556 3344
f 7562 7563 7566 7565
f 7563 7564 7567 7566
f 7565 7566 7569 7568
f 7566 7567 7570 7569
f 491 3355 7562 3354
f 3355 3356 7563 7562
f 3356 3357 7564 7563
f 3357 489 3336 7564
f 7564 3336 3335 7567
f 7567 3335 3334 7570
f 7570 3334 487 3358
f 7569 7570 3358 3359
f 7568 7569 3359 3360
f 3352 7568 3360 493
f 3353 7565 7568 3352
f 3354 7562 7565 3353
f 7571 7572 7575 7574
f 7572 7573 7576 7575
f 7574 7575 7578 7577
f 7575 7576 7579 7578
f 464 3228 7571 3363
f 3228 3227 7572 7571
f 3227 3226 7573 7572
f 3226 476 3364 7573
f 7573 3364 3365 7576
f 7576 3365 3366 7579
f 7579 3366 486 3345
f 7578 7579 3345 3344
f 7577 7578 3344 3343
f 3361 7577 3343 492
f 3362 7574 7577 3361
f 3363 7571 7574 3362
f 7580 7581 7584 7583
f 7581 7582 7585 7584
f 7583 7584 7587 7586
f 7584 7585 7588 7587
f 487 3367 7580 3358
f 3367 3368 7581 7580
f 3368 3369 7582 7581
f 3369 477 3231 7582
f 7582 3231 3230 7585
f 7585 3230 3229 7588
f 7588 3229 465 3370
f 7587 7588 3370 3371
f 7586 7587 3371 3372
f 3360 7586 3372 493
f 3359 7583 7586 3360
f 3358 7580 7583 3359
f 7589 7590 7593 7592
f 7590 7591 7594 7593
f 7592 7593 7596 7595
f 7593 7594 7597 7596
f 452 3373 7589 3139
f 3373 3374 7590 7589
f 3374 3375 7591 7590
f 3375 484 3327 7591
f 7591 3327 3326 7594
f 7594 3326 3325 7597
f 7597 3325 486 3366
f 7596 7597 3366 3365
f 7595 7596 3365 3364
f 3141 7595 3364 476
f 3140 7592 7595 3141
f 3139 7589 7592 3140
f 7598 7599 7602 7601
f 7599 7600 7603 7602
f 7601 7602 7605 7604
f 7602 7603 7606 7605
f 487 3342 7598 3367
f 3342 3341 7599 7598
f 3341 3340 7600 7599
f 3340 485 3376 7600
f 7600 3376 3377 7603
f 7603 3377 3378 7606
f 7606 3378 453 3144
f 7605 7606 3144 3143
f 7604 7605 3143 3142
f 3369 7604 3142 477
f 3368 7601 7604 3369
f 3367 7598 7601 3368
f 7607 7608 7611 7610
f 7608 7609 7612 7611
f 7610 7611 7614 7613
f 7611 7612 7615 7614
f 452 3156 7607 3373
f 3156 3155 7608 7607
f 3155 3154 7609 7608
f 3154 462 3379 7609
f 7609 3379 3380 7612
f 7612 3380 3381 7615
f 7615 3381 478 3309
f 7614 7615 3309 3308
f 7613 7614 3308 3307
f 3375 7613 3307 484
f 3374 7610 7613 3375
f 3373 7607 7610 3374
f 7616 7617 7620 7619
f 7617 7618 7621 7620
f 7619 7620 7623 7622
f 7620 7621 7624 7623
f 479 3382 7616 3322
f 3382 3383 7617 7616
f 3383 3384 7618 7617
f 3384 463 3159 7618
f 7618 3159 3158 7621
f 7621 3158 3157 7624
f 7624 3157 453 3378
f 7623 7624 3378 3377
f 7622 7623 3377 3376
f 3324 7622 3376 485
f 3323 7619 7622 3324
f 3322 7616 7619 3323
f 7625 7626 7629 7628
f 7626 7627 7630 7629
f 7628 7629 7632 7631
f 7629 7630 7633 7632
f 458 3291 7625 3178
f 3291 3290 7626 7625
f 3290 3289 7627 7626
f 3289 478 3381 7627
f 7627 3381 3380 7630
f 7630 3380 3379 7633
f 7633 3379 462 3168
f 7632 7633 3168 3167
f 7631 7632 3167 3166
f 3180 7631 3166 460
f 3179 7628 7631 3180
f 3178 7625 7628 3179
f 7634 7635 7638 7637
f 7635 7636 7639 7638
f 7637 7638 7641 7640
f 7638 7639 7642 7641
f 463 3384 7634 3169
f 3384 3383 7635 7634
f 3383 3382 7636 7635
f 3382 479 3306 7636
f 7636 3306 3305 7639
f 7639 3305 3304 7642
f 7642 3304 459 3183
f 7641 7642 3183 3182
f 7640 7641 3182 3181
f 3171 7640 3181 461
f 3170 7637 7640 3171
f 3169 7634 7637 3170
f 7643 7644 7647 7646
f 7644 7645 7648 7647
f 7646 7647 7650 7649
f 7647 7648 7651 7650
f 454 3216 7643 3202
f 3216 3215 7644 7643
f 3215 3214 7645 7644
f 3214 474 3385 7645
f 7645 3385 3386 7648
f 7648 3386 3387 7651
f 7651 3387 480 3294
f 7650 7651 3294 3293
f 7649 7650 3293 3292
f 3204 7649 3292 456
f 3203 7646 7649 3204
f 3202 7643 7646 3203
f 7652 7653 7656 7655
f 7653 7654 7657 7656
f 7655 7656 7659 7658
f 7656 7657 7660 7659
f 481 3388 7652 3301
f 3388 3389 7653 7652
f 3389 3390 7654 7653
f 3390 475 3219 7654
f 7654 3219 3218 7657
f 7657 3218 3217 7660
f 7660 3217 455 3207
f 7659 7660 3207 3206
f 7658 7659 3206 3205
f 3303 7658 3205 457
f 3302 7655 7658 3303
f 3301 7652 7655 3302
f 7661 7662 7665 7664
f 7662 7663 7666 7665
f 7664 7665 7668 7667
f 7665 7666 7669 7668
f 472 3391 7661 3283
f 3391 3392 7662 7661
f 3392 3393 7663 7662
f 3393 482 3312 7663
f 7663 3312 3311 7666
f 7666 3311 3310 7669
f 7669 3310 480 3387
f 7668 7669 3387 3386
f 7667 7668 3386 3385
f 3285 7667 3385 474
f 3284 7664 7667 3285
f 3283 7661 7664 3284
f 7670 7671 7674 7673
f 7671 7672 7675 7674
f 7673 7674 7677 7676
f 7674 7675 7678 7677
f 481 3321 7670 3388
f 3321 3320 7671 7670
f 3320 3319 7672 7671
f 3319 483 3394 7672
f 7672 3394 3395 7675
f 7675 3395 3396 7678
f 7678 3396 473 3288
f 7677 7678 3288 3287
f 7676 7677 3287 3286
f 3390 7676 3286 475
f 3389 7673 7676 3390
f 3388 7670 7673 3389
f 7679 7680 7683 7682
f 7680 7681 7684 7683
f 7682 7683 7686 7685
f 7683 7684 7687 7686
f 470 3397 7679 3274
f 3397 3398 7680 7679
f 3398 3399 7681 7680
f 3399 488 3330 7681
f 7681 3330 3329 7684
f 7684 3329 3328 7687
f 7687 3328 482 3393
f 7686 7687 3393 3392
f 7685 7686 3392 3391
f 3276 7685 3391 472
f 3275 7682 7685 3276
f 3274 7679 7682 3275
f 7688 7689 7692 7691
f 7689 7690 7693 7692
f 7691 7692 7695 7694
f 7692 7693 7696 7695
f 483 3339 7688 3394
f 3339 3338 7689 7688
f 3338 3337 7690 7689
f 3337 489 3400 7690
f 7690 3400 3401 7693
f 7693 3401 3402 7696
f 7696 3402 471 3279
f 7695 7696 3279 3278
f 7694 7695 3278 3277
f 3396 7694 3277 473
f 3395 7691 7694 3396
f 3394 7688 7691 3395
f 7697 7698 7701 7700
f 7698 7699 7702 7701
f 7700 7701 7704 7703
f 7701 7702 7705 7704
f 468 3403 7697 3262
f 3403 3404 7698 7697
f 3404 3405 7699 7698
f 3405 490 3348 7699
f 7699 3348 3347 7702
f 7702 3347 3346 7705
f 7705 3346 488 3399
f 7704 7705 3399 3398
f 7703 7704 3398 3397
f 3264 7703 3397 470
f 3263 7700 7703 3264
f 3262 7697 7700 3263
f 7706 7707 7710 7709
f 7707 7708 7711 7710
f 7709 7710 7713 7712
f 7710 7711 7714 7713
f 489 3357 7706 3400
f 3357 3356 7707 7706
f 3356 3355 7708 7707
f 3355 491 3406 7708
f 7708 3406 3407 7711
f 7711 3407 3408 7714
f 7714 3408 469 3267
f 7713 7714 3267 3266
f 7712 7713 3266 3265
f 3402 7712 3265 471
f 3401 7709 7712 3402
f 3400 7706 7709 3401
f 7715 7716 7719 7718
f 7716 7717 7720 7719
f 7718 7719 7722 7721
f 7719 7720 7723 7722
f 466 3409 7715 3250
f 3409 3410 7716 7715
f 3410 3411 7717 7716
f 3411 492 3351 7717
f 7717 3351 3350 7720
f 7720 3350 3349 7723
f 7723 3349 490 3405
f 7722 7723 3405 3404
f 7721 7722 3404 3403
f 3252 7721 3403 468
f 3251 7718 7721 3252
f 3250 7715 7718 3251
f 7724 7725 7728 7727
f 7725 7726 7729 7728
f 7727 7728 7731 7730
f 7728 7729 7732 7731
f 491 3354 7724 3406
f 3354 3353 7725 7724
f 3353 3352 7726 7725
f 3352 493 3412 7726
f 7726 3412 3413 7729
f 7729 3413 3414 7732
f 7732 3414 467 3255
f 7731 7732 3255 3254
f 7730 7731 3254 3253
f 3408 7730 3253 469
f 3407 7727 7730 3408
f 3406 7724 7727 3407
f 7734 7735 7733 7739
f 7736 7737 7733 7735
f 7738 7739 7733 7737
f 464 3363 7734 3238
f 3363 3362 7735 7734
f 3238 7734 7739 3239
f 492 3411 7736 3361
f 3411 3410 7737 7736
f 3361 7736 7735 3362
f 466 3240 7738 3409
f 3240 3239 7739 7738
f 3409 7738 7737 3410
f 7741 7742 7740 7746
f 7743 7744 7740 7742
f 7745 7746 7740 7744
f 467 3414 7741 3241
f 3414 3413 7742 7741
f 3241 7741 7746 3242
f 493 3372 7743 3412
f 3372 3371 7744 7743
f 3412 7743 7742 3413
f 465 3243 7745 3370
f 3243 3242 7746 7745
f 3370 7745 7744 3371
f 7747 7748 7751 7750
f 7748 7749 7752 7751
f 7750 7751 7754 7753
f 7751 7752 7755 7754
f 392 2883 7747 3417
f 2883 2882 7748 7747
f 2882 2881 7749 7748
f 2881 390 3418 7749
f 7749 3418 3419 7752
f 7752 3419 3420 7755
f 7755 3420 504 3421
f 7754 7755 3421 3422
f 7753 7754 3422 3423
f 3415 7753 3423 502
f 3416 7750 7753 3415
f 3417 7747 7750 3416
f 7756 7757 7760 7759
f 7757 7758 7761 7760
f 7759 7760 7763 7762
f 7760 7761 7764 7763
f 505 3427 7756 3426
f 3427 3428 7757 7756
f 3428 3429 7758 7757
f 3429 391 2898 7758
f 7758 2898 2897 7761
f 7761 2897 2896 7764
f 7764 2896 393 3430
f 7763 7764 3430 3431
f 7762 7763 3431 3432
f 3424 7762 3432 503
f 3425 7759 7762 3424
f 3426 7756 7759 3425
f 7765 7766 7769 7768
f 7766 7767 7770 7769
f 7768 7769 7772 7771
f 7769 7770 7773 7772
f 394 2865 7765 3435
f 2865 2864 7766 7765
f 2864 2863 7767 7766
f 2863 392 3417 7767
f 7767 3417 3416 7770
f 7770 3416 3415 7773
f 7773 3415 502 3436
f 7772 7773 3436 3437
f 7771 7772 3437 3438
f 3433 7771 3438 500
f 3434 7768 7771 3433
f 3435 7765 7768 3434
f 7774 7775 7778 7777
f 7775 7776 7779 7778
f 7777 7778 7781 7780
f 7778 7779 7782 7781
f 503 3432 7774 3441
f 3432 3431 7775 7774
f 3431 3430 7776 7775
f 3430 393 2880 7776
f 7776 2880 2879 7779
f 7779 2879 2878 7782
f 7782 2878 395 3442
f 7781 7782 3442 3443
f 7780 7781 3443 3444
f 3439 7780 3444 501
f 3440 7777 7780 3439
f 3441 7774 7777 3440
f 7783 7784 7787 7786
f 7784 7785 7788 7787
f 7786 7787 7790 7789
f 7787 7788 7791 7790
f 396 2847 7783 3447
f 2847 2846 7784 7783
f 2846 2845 7785 7784
f 2845 394 3435 7785
f 7785 3435 3434 7788
f 7788 3434 3433 7791
f 7791 3433 500 3448
f 7790 7791 3448 3449
f 7789 7790 3449 3450
f 3445 7789 3450 498
f 3446 7786 7789 3445
f 3447 7783 7786 3446
f 7792 7793 7796 7795
f 7793 7794 7797 7796
f 7795 7796 7799 7798
f 7796 7797 7800 7799
f 501 3444 7792 3453
f 3444 3443 7793 7792
f 3443 3442 7794 7793
f 3442 395 2862 7794
f 7794 2862 2861 7797
f 7797 2861 2860 7800
f 7800 2860 397 3454
f 7799 7800 3454 3455
f 7798 7799 3455 3456
f 3451 7798 3456 499
f 3452 7795 7798 3451
f 3453 7792 7795 3452
f 7801 7802 7805 7804
f 7802 7803 7806 7805
f 7804 7805 7808 7807
f 7805 7806 7809 7808
f 398 2829 7801 3459
f 2829 2828 7802 7801
f 2828 2827 7803 7802
f 2827 396 3447 7803
f 7803 3447 3446 7806
f 7806 3446 3445 7809
f 7809 3445 498 3460
f 7808 7809 3460 3461
f 7807 7808 3461 3462
f 3457 7807 3462 496
f 3458 7804 7807 3457
f 3459 7801 7804 3458
f 7810 7811 7814 7813
f 7811 7812 7815 7814
f 7813 7814 7817 7816
f 7814 7815 7818 7817
f 499 3456 7810 3465
f 3456 3455 7811 7810
f 3455 3454 7812 7811
f 3454 397 2844 7812
f 7812 2844 2843 7815
f 7815 2843 2842 7818
f 7818 2842 399 3466
f 7817 7818 3466 3467
f 7816 7817 3467 3468
f 3463 7816 3468 497
f 3464 7813 7816 3463
f 3465 7810 7813 3464
f 7819 7820 7823 7822
f 7820 7821 7824 7823
f 7822 7823 7826 7825
f 7823 7824 7827 7826
f 400 2811 7819 3471
f 2811 2810 7820 7819
f 2810 2809 7821 7820
f 2809 398 3459 7821
f 7821 3459 3458 7824
f 7824 3458 3457 7827
f 7827 3457 496 3472
f 7826 7827 3472 3473
f 7825 7826 3473 3474
f 3469 7825 3474 494
f 3470 7822 7825 3469
f 3471 7819 7822 3470
f 7828 7829 7832 7831
f 7829 7830 7833 7832
f 7831 7832 7835 7834
f 7832 7833 7836 7835
f 497 3468 7828 3477
f 3468 3467 7829 7828
f 3467 3466 7830 7829
f 3466 399 2826 7830
f 7830 2826 2825 7833
f 7833 2825 2824 7836
f 7836 2824 401 3478
f 7835 7836 3478 3479
f 7834 7835 3479 3480
f 3475 7834 3480 495
f 3476 7831 7834 3475
f 3477 7828 7831 3476
f 7837 7838 7841 7840
f 7838 7839 7842 7841
f 7840 7841 7844 7843
f 7841 7842 7845 7844
f 388 2790 7837 3483
f 2790 2789 7838 7837
f 2789 2788 7839 7838
f 2788 400 3471 7839
f 7839 3471 3470 7842
f 7842 3470 3469 7845
f 7845 3469 494 3484
f 7844 7845 3484 3485
f 7843 7844 3485 3486
f 3481 7843 3486 506
f 3482 7840 7843 3481
f 3483 7837 7840 3482
f 7846 7847 7850 7849
f 7847 7848 7851 7850
f 7849 7850 7853 7852
f 7850 7851 7854 7853
f 495 3480 7846 3489
f 3480 3479 7847 7846
f 3479 3478 7848 7847
f 3478 401 2805 7848
f 7848 2805 2804 7851
f 7851 2804 2803 7854
f 7854 2803 389 3490
f 7853 7854 3490 3491
f 7852 7853 3491 3492
f 3487 7852 3492 507
f 3488 7849 7852 3487
f 3489 7846 7849 3488
f 7855 7856 7859 7858
f 7856 7857 7860 7859
f 7858 7859 7862 7861
f 7859 7860 7863 7862
f 494 3493 7855 3484
f 3493 3494 7856 7855
f 3494 3495 7857 7856
f 3495 502 3423 7857
f 7857 3423 3422 7860
f 7860 3422 3421 7863
f 7863 3421 504 3496
f 7862 7863 3496 3497
f 7861 7862 3497 3498
f 3486 7861 3498 506
f 3485 7858 7861 3486
f 3484 7855 7858 3485
f 7864 7865 7868 7867
f 7865 7866 7869 7868
f 7867 7868 7871 7870
f 7868 7869 7872 7871
f 505 3426 7864 3501
f 3426 3425 7865 7864
f 3425 3424 7866 7865
f 3424 503 3502 7866
f 7866 3502 3503 7869
f 7869 3503 3504 7872
f 7872 3504 495 3489
f 7871 7872 3489 3488
f 7870 7871 3488 3487
f 3499 7870 3487 507
f 3500 7867 7870 3499
f 3501 7864 7867 3500
f 7873 7874 7877 7876
f 7874 7875 7878 7877
f 7876 7877 7880 7879
f 7877 7878 7881 7880
f 494 3474 7873 3493
f 3474 3473 7874 7873
f 3473 3472 7875 7874
f 3472 496 3505 7875
f 7875 3505 3506 7878
f 7878 3506 3507 7881
f 7881 3507 500 3438
f 7880 7881 3438 3437
f 7879 7880 3437 3436
f 3495 7879 3436 502
f 3494 7876 7879 3495
f 3493 7873 7876 3494
f 7882 7883 7886 7885
f 7883 7884 7887 7886
f 7885 7886 7889 7888
f 7886 7887 7890 7889
f 501 3508 7882 3439
f 3508 3509 7883 7882
f 3509 3510 7884 7883
f 3510 497 3477 7884
f 7884 3477 3476 7887
f 7887 3476 3475 7890
f 7890 3475 495 3504
f 7889 7890 3504 3503
f 7888 7889 3503 3502
f 3441 7888 3502 503
f 3440 7885 7888 3441
f 3439 7882 7885 3440
f 7892 7893 7891 7897
f 7894 7895 7891 7893
f 7896 7897 7891 7895
f 496 3462 7892 3505
f 3462 3461 7893 7892
f 3505 7892 7897 3506
f 498 3450 7894 3460
f 3450 3449 7895 7894
f 3460 7894 7893 3461
f 500 3507 7896 3448
f 3507 3506 7897 7896
f 3448 7896 7895 3449
f 7899 7900 7898 7904
f 7901 7902 7898 7900
f 7903 7904 7898 7902
f 501 3453 7899 3508
f 3453 3452 7900 7899
f 3508 7899 7904 3509
f 499 3465 7901 3451
f 3465 3464 7902 7901
f 3451 7901 7900 3452
f 497 3510 7903 3463
f 3510 3509 7904 7903
f 3463 7903 7902 3464
f 7905 7906 7909 7908
f 7906 7907 7910 7909
f 7908 7909 7912 7911
f 7909 7910 7913 7912
f 314 2685 7905 3513
f 2685 2684 7906 7905
f 2684 2683 7907 7906
f 2683 382 3015 7907
f 7907 3015 3014 7910
f 7910 3014 3013 7913
f 7913 3013 388 3483
f 7912 7913 3483 3482
f 7911 7912 3482 3481
f 3511 7911 3481 506
f 3512 7908 7911 3511
f 3513 7905 7908 3512
f 7914 7915 7918 7917
f 7915 7916 7919 7918
f 7917 7918 7921 7920
f 7918 7919 7922 7921
f 389 3030 7914 3490
f 3030 3029 7915 7914
f 3029 3028 7916 7915
f 3028 383 2688 7916
f 7916 2688 2687 7919
f 7919 2687 2686 7922
f 7922 2686 315 3514
f 7921 7922 3514 3515
f 7920 7921 3515 3516
f 3492 7920 3516 507
f 3491 7917 7920 3492
f 3490 7914 7917 3491
f 7923 7924 7927 7926
f 7924 7925 7928 7927
f 7926 7927 7930 7929
f 7927 7928 7931 7930
f 314 3513 7923 2743
f 3513 3512 7924 7923
f 3512 3511 7925 7924
f 3511 506 3498 7925
f 7925 3498 3497 7928
f 7928 3497 3496 7931
f 7931 3496 504 3517
f 7930 7931 3517 3518
f 7929 7930 3518 3519
f 2745 7929 3519 322
f 2744 7926 7929 2745
f 2743 7923 7926 2744
f 7932 7933 7936 7935
f 7933 7934 7937 7936
f 7935 7936 7939 7938
f 7936 7937 7940 7939
f 505 3501 7932 3522
f 3501 3500 7933 7932
f 3500 3499 7934 7933
f 3499 507 3516 7934
f 7934 3516 3515 7937
f 7937 3515 3514 7940
f 7940 3514 315 2760
f 7939 7940 2760 2759
f 7938 7939 2759 2758
f 3520 7938 2758 323
f 3521 7935 7938 3520
f 3522 7932 7935 3521
f 7941 7942 7945 7944
f 7942 7943 7946 7945
f 7944 7945 7948 7947
f 7945 7946 7949 7948
f 320 2769 7941 2995
f 2769 2768 7942 7941
f 2768 2767 7943 7942
f 2767 322 3519 7943
f 7943 3519 3518 7946
f 7946 3518 3517 7949
f 7949 3517 504 3420
f 7948 7949 3420 3419
f 7947 7948 3419 3418
f 2997 7947 3418 390
f 2996 7944 7947 2997
f 2995 7941 7944 2996
f 7950 7951 7954 7953
f 7951 7952 7955 7954
f 7953 7954 7957 7956
f 7954 7955 7958 7957
f 505 3522 7950 3427
f 3522 3521 7951 7950
f 3521 3520 7952 7951
f 3520 323 2778 7952
f 7952 2778 2777 7955
f 7955 2777 2776 7958
f 7958 2776 321 3006
f 7957 7958 3006 3005
f 7956 7957 3005 3004
f 3429 7956 3004 391
f 3428 7953 7956 3429
f 3427 7950 7953 3428
